category	bytes	git_blob	path
active_candidate_source_and_strategy	4375	c21dd98f73addc026499669f0db56126150549b7	bots/delineate_v1/STRATEGY.md
python_cache_do_not_execute	2379	b63a6ec86b36b9cab651cbb76fb55460dd82af1f	bots/delineate_v1/__pycache__/_generated.cpython-312.pyc
python_cache_do_not_execute	2379	28bcc221890c6285ed5964dd035df89b1a10a432	bots/delineate_v1/__pycache__/_generated.cpython-313.pyc
python_cache_do_not_execute	7498	aec468f22964ceeb6b25db9ad44860b07e17ec73	bots/delineate_v1/__pycache__/campus_bot.cpython-312.pyc
python_cache_do_not_execute	7664	47d6ca8e4da7e68e5a5a4eb74bf4fd9e07379c4d	bots/delineate_v1/__pycache__/campus_bot.cpython-313.pyc
python_cache_do_not_execute	15705	87353f80bb1f826b68d0c42fbb69a6b0b4b64df8	bots/delineate_v1/__pycache__/main.cpython-312.pyc
python_cache_do_not_execute	2578	dc9c964825af641c7683f5fafb74b5e2e0941e4a	bots/delineate_v1/__pycache__/protocol.cpython-312.pyc
python_cache_do_not_execute	2566	af17055e469ef59a77cd753646dd51bc5afee8cc	bots/delineate_v1/__pycache__/protocol.cpython-313.pyc
active_candidate_source_and_strategy	1698	d583c5b743370cb8ad71c2910f44ce1cfe4b1b3f	bots/delineate_v1/_generated.py
active_candidate_source_and_strategy	4662	d639594669adfb88b545613ad2c0ee2fb109f26e	bots/delineate_v1/campus_bot.py
active_candidate_source_and_strategy	8422	509b42a0d6fa8fade8f8948b437c46c1382ae49b	bots/delineate_v1/main.py
active_candidate_source_and_strategy	1391	cccc91f9a1a3ac403a7233f2e2424b9a8b91f4fb	bots/delineate_v1/protocol.py
active_candidate_source_and_strategy	49	33ad9828836a7ea3003e8ab679a8d765323a3b24	bots/delineate_v1/submission.json
candidate_test_harness	2940	64b89c664ca6d109b45a6364d00ac578b74b00dd	bots/test_delineate_v1.py
archived_candidate_evidence	6737	87ace4ebcd2d6c36ac8f70b0cf3fb4bc65ac12a3	development-logs/2026-09-27-v1/delineate-v1.zip
archived_candidate_evidence	9812	4506e089e2d2f8f50c41515cfb1e14765854290f	development-logs/2026-09-27-v1/development_log.md
archived_candidate_evidence	4592	27b212b0142d4cd2d39e87537d0a8fca75e479b5	development-logs/2026-09-27-v1/llm_usage_log.md
archived_candidate_evidence	3398	2b6adad7b6bf696911283b9f3be44021525e64c4	development-logs/2026-09-27-v1/manifest.json
archived_candidate_evidence	9542	30048fb228754d9b476259e755f7d8bf99afc556	development-logs/2026-09-27-v1/operation_rule.md
archived_candidate_evidence	227163	438d4adcd249b8eca241d425fde1a619b32ef626	development-logs/2026-09-27-v1/results/lv1-seed0-K-replay.json
archived_candidate_evidence	236512	49efb212c9dd59d005fac70aa8114797a25409a3	development-logs/2026-09-27-v1/results/lv1-seed0-Y-replay.json
archived_candidate_evidence	204829	6baf8ef1b1da91a09ef2fd40ca549f0994a1b0cb	development-logs/2026-09-27-v1/results/lv1-seed1-K-replay.json
archived_candidate_evidence	278686	1e5ae4a8d8f6044d4f83b4ce686b6460fb6e389d	development-logs/2026-09-27-v1/results/lv1-seed1-Y-replay.json
archived_candidate_evidence	319357	813e492c65ae76f61ec8aca302d24eaf6becd9b0	development-logs/2026-09-27-v1/results/lv2-seed0-K-replay.json
archived_candidate_evidence	326366	59f50b8ade1975f081a8d625517819340e8b44f0	development-logs/2026-09-27-v1/results/lv2-seed0-Y-replay.json
archived_candidate_evidence	250642	14af81eb71edce911857b742179be65a01025c0b	development-logs/2026-09-27-v1/results/lv2-seed1-K-replay.json
archived_candidate_evidence	266562	d5f29d485c221241b2b9784a601cd52a977e121d	development-logs/2026-09-27-v1/results/lv2-seed1-Y-replay.json
archived_candidate_evidence	2446	4ac97e0d694ac75ead1ff9e7284621b7ac035cc3	development-logs/2026-09-27-v1/results/results.json
archived_candidate_evidence	4375	c21dd98f73addc026499669f0db56126150549b7	development-logs/2026-09-27-v1/source/STRATEGY.md
python_cache_do_not_execute	2379	b63a6ec86b36b9cab651cbb76fb55460dd82af1f	development-logs/2026-09-27-v1/source/__pycache__/_generated.cpython-312.pyc
python_cache_do_not_execute	7498	aec468f22964ceeb6b25db9ad44860b07e17ec73	development-logs/2026-09-27-v1/source/__pycache__/campus_bot.cpython-312.pyc
python_cache_do_not_execute	15705	87353f80bb1f826b68d0c42fbb69a6b0b4b64df8	development-logs/2026-09-27-v1/source/__pycache__/main.cpython-312.pyc
python_cache_do_not_execute	2578	dc9c964825af641c7683f5fafb74b5e2e0941e4a	development-logs/2026-09-27-v1/source/__pycache__/protocol.cpython-312.pyc
archived_candidate_evidence	1698	d583c5b743370cb8ad71c2910f44ce1cfe4b1b3f	development-logs/2026-09-27-v1/source/_generated.py
archived_candidate_evidence	4662	d639594669adfb88b545613ad2c0ee2fb109f26e	development-logs/2026-09-27-v1/source/campus_bot.py
archived_candidate_evidence	8422	509b42a0d6fa8fade8f8948b437c46c1382ae49b	development-logs/2026-09-27-v1/source/main.py
archived_candidate_evidence	1391	cccc91f9a1a3ac403a7233f2e2424b9a8b91f4fb	development-logs/2026-09-27-v1/source/protocol.py
archived_candidate_evidence	49	33ad9828836a7ea3003e8ab679a8d765323a3b24	development-logs/2026-09-27-v1/source/submission.json
archived_candidate_evidence	2940	64b89c664ca6d109b45a6364d00ac578b74b00dd	development-logs/2026-09-27-v1/test_delineate_v1.py
planning_rules_and_development_docs	9812	4506e089e2d2f8f50c41515cfb1e14765854290f	docs/development_log.md
planning_rules_and_development_docs	7898	77c3e6eaf102a294d551b2ae746c44fc3164cf68	docs/instructure.md
planning_rules_and_development_docs	4592	27b212b0142d4cd2d39e87537d0a8fca75e479b5	docs/llm_usage_log.md
planning_rules_and_development_docs	9542	30048fb228754d9b476259e755f7d8bf99afc556	docs/operation_rule.md
planning_rules_and_development_docs	20900	51100f5188f8a91274767fcaebb10916afe2b8a8	docs/rule.md
rule_reference_images	123801	49f18bfbaa7ac8d332094dd31151e31e6314c06e	docs/rule_image/rules-1.png
rule_reference_images	143607	ea518fff4858e02a01e8f47cdf6974646a50ec42	docs/rule_image/rules-2.png
rule_reference_images	146221	6b8bb0328f5cd8259f5e1ae5040582c610c761a2	docs/rule_image/rules-3.png
rule_reference_images	147616	e8f93f78b225dec3e55023284244e85a71dc0298	docs/rule_image/rules-4.png
rule_reference_images	169803	4a8e12acd22d2884baedd2cf7b5c46327103e7ee	docs/rule_image/rules-5.png
rule_reference_images	149984	9a009aa8993b0f96bb2528aa74e1004d9116aa6a	docs/rule_image/rules-6.png
rule_reference_images	262977	72600be74077cf24f7b84445f85ac861778bfd4b	docs/rule_image/rules-7.png
rule_reference_images	67119	76a2114aca876af95c94f23219c59dd861497fc1	docs/rule_image/rules-8.png
submitted_artifact	6737	87ace4ebcd2d6c36ac8f70b0cf3fb4bc65ac12a3	submissions/delineate-v1.zip
original_local_match_evidence	227163	438d4adcd249b8eca241d425fde1a619b32ef626	test-results/delineate-v1/lv1-seed0-K-replay.json
original_local_match_evidence	236512	49efb212c9dd59d005fac70aa8114797a25409a3	test-results/delineate-v1/lv1-seed0-Y-replay.json
original_local_match_evidence	204829	6baf8ef1b1da91a09ef2fd40ca549f0994a1b0cb	test-results/delineate-v1/lv1-seed1-K-replay.json
original_local_match_evidence	278686	1e5ae4a8d8f6044d4f83b4ce686b6460fb6e389d	test-results/delineate-v1/lv1-seed1-Y-replay.json
original_local_match_evidence	319357	813e492c65ae76f61ec8aca302d24eaf6becd9b0	test-results/delineate-v1/lv2-seed0-K-replay.json
original_local_match_evidence	326366	59f50b8ade1975f081a8d625517819340e8b44f0	test-results/delineate-v1/lv2-seed0-Y-replay.json
original_local_match_evidence	250642	14af81eb71edce911857b742179be65a01025c0b	test-results/delineate-v1/lv2-seed1-K-replay.json
original_local_match_evidence	266562	d5f29d485c221241b2b9784a601cd52a977e121d	test-results/delineate-v1/lv2-seed1-Y-replay.json
original_local_match_evidence	2446	4ac97e0d694ac75ead1ff9e7284621b7ac035cc3	test-results/delineate-v1/results.json
unmodified_starter_samples	1043	a17d8e48d6fa4fbb47c3da04c2ca50566c2a5219	yk-cpp-sample/generated.hpp
unmodified_starter_samples	1133	0f641a83b83cc96452765bcb4463cdad469d0834	yk-cpp-sample/main.cpp
unmodified_starter_samples	5010	efa8e0d4bfd1cd97d1bc9088fa42501c9b7dc80a	yk-cpp-sample/protocol.hpp
unmodified_starter_samples	2567	38a5751ac778a7ec5f8968e506ef859a70475e11	yk-cpp-sample/search.hpp
unmodified_starter_samples	46	d1ef5ea878aa053e16f4644ff9d089548d45e453	yk-cpp-sample/submission.json
vendored_virtual_environment_do_not_execute	462	8e5d9480dba913d8e51d3b900f544d40f452f1cf	yk-development-tools/.venv/Lib/site-packages/numpy-2.3.3.dist-info/DELVEWHEEL
vendored_virtual_environment_do_not_execute	4	a1b589e38a32041e49332e5e81c2d363dc418d68	yk-development-tools/.venv/Lib/site-packages/numpy-2.3.3.dist-info/INSTALLER
vendored_virtual_environment_do_not_execute	46775	a2945da0b8d0e660e2898fffa554c7067a828e3e	yk-development-tools/.venv/Lib/site-packages/numpy-2.3.3.dist-info/LICENSE.txt
vendored_virtual_environment_do_not_execute	60935	7e619013b9befedb52c2b5bdf7fa977335656468	yk-development-tools/.venv/Lib/site-packages/numpy-2.3.3.dist-info/METADATA
vendored_virtual_environment_do_not_execute	109324	12ab070fb847d9df4c17ce49a07e8ea1cdb785d8	yk-development-tools/.venv/Lib/site-packages/numpy-2.3.3.dist-info/RECORD
vendored_virtual_environment_do_not_execute	0	e69de29bb2d1d6434b8b29ae775ad8c2e48c5391	yk-development-tools/.venv/Lib/site-packages/numpy-2.3.3.dist-info/REQUESTED
vendored_virtual_environment_do_not_execute	85	0a709edb3466cbdf4c45d43e836237b80ead85fb	yk-development-tools/.venv/Lib/site-packages/numpy-2.3.3.dist-info/WHEEL
vendored_virtual_environment_do_not_execute	220	48c4f6435df3f089c2ffd33f4c90eb1705d34958	yk-development-tools/.venv/Lib/site-packages/numpy-2.3.3.dist-info/entry_points.txt
vendored_virtual_environment_do_not_execute	20403712	ccb876404399c5000ecff590a6f9454dadc0947a	yk-development-tools/.venv/Lib/site-packages/numpy.libs/libscipy_openblas64_-860d95b1c38e637ce4509f5fa24fbf2a.dll
vendored_virtual_environment_do_not_execute	575056	0a50239a6968a0727e66ea1f9bcf364d918182a8	yk-development-tools/.venv/Lib/site-packages/numpy.libs/msvcp140-a4c2229bdc2a2a630acdc095b4d86008.dll
vendored_virtual_environment_do_not_execute	5555	8a12c348542536f435356cd4068d4398c1d3926d	yk-development-tools/.venv/Lib/site-packages/numpy/__config__.py
vendored_virtual_environment_do_not_execute	2367	b59bdcd252b633a4bf07245f9b32f23d7283ba69	yk-development-tools/.venv/Lib/site-packages/numpy/__config__.pyi
vendored_virtual_environment_do_not_execute	47123	86c91cf617a50ac8c635bf54a9a7c82a1578c9a6	yk-development-tools/.venv/Lib/site-packages/numpy/__init__.cython-30.pxd
vendored_virtual_environment_do_not_execute	43758	eb0764126116dd0791abc214db9c27299d72a67f	yk-development-tools/.venv/Lib/site-packages/numpy/__init__.pxd
vendored_virtual_environment_do_not_execute	25537	a3ca5c458bc42ec397690306b265b9ec9c6ea3a4	yk-development-tools/.venv/Lib/site-packages/numpy/__init__.py
vendored_virtual_environment_do_not_execute	219154	25397572881f9b66f53fde071f1b13244ff3a2f7	yk-development-tools/.venv/Lib/site-packages/numpy/__init__.pyi
vendored_virtual_environment_do_not_execute	5303	f7a27b39b4cd6a8ab793a46c20301cf2b5f518b3	yk-development-tools/.venv/Lib/site-packages/numpy/__pycache__/__config__.cpython-312.pyc
vendored_virtual_environment_do_not_execute	28205	c427f266650acc1dddccba7d2b059298aa1688b3	yk-development-tools/.venv/Lib/site-packages/numpy/__pycache__/__init__.cpython-312.pyc
vendored_virtual_environment_do_not_execute	11109	2d00a9f05a24a2fadd0dccef52fb9070aea178cd	yk-development-tools/.venv/Lib/site-packages/numpy/__pycache__/_array_api_info.cpython-312.pyc
vendored_virtual_environment_do_not_execute	1687	cc63cfd337760bf7f8ebcb1601e153f268bb778a	yk-development-tools/.venv/Lib/site-packages/numpy/__pycache__/_configtool.cpython-312.pyc
vendored_virtual_environment_do_not_execute	676	0a2eb8f14cbb237f144a087ae9f14340843572d9	yk-development-tools/.venv/Lib/site-packages/numpy/__pycache__/_distributor_init.cpython-312.pyc
vendored_virtual_environment_do_not_execute	4312	1d13dd3fc8c4febdc7554ee214f83381847c218f	yk-development-tools/.venv/Lib/site-packages/numpy/__pycache__/_expired_attrs_2_0.cpython-312.pyc
vendored_virtual_environment_do_not_execute	3911	7dbbc3f3d366183211f2f0d3d448eb8c06a4e7a7	yk-development-tools/.venv/Lib/site-packages/numpy/__pycache__/_globals.cpython-312.pyc
vendored_virtual_environment_do_not_execute	6737	bf5f4ef8db8c677a3ed3c80659b66a13205593e6	yk-development-tools/.venv/Lib/site-packages/numpy/__pycache__/_pytesttester.cpython-312.pyc
vendored_virtual_environment_do_not_execute	10522	d8db520eaaf6204df3fe45106dfaed157f2ac4be	yk-development-tools/.venv/Lib/site-packages/numpy/__pycache__/conftest.cpython-312.pyc
vendored_virtual_environment_do_not_execute	1556	0a5cb2572473d8e004c918286ae94248c5042898	yk-development-tools/.venv/Lib/site-packages/numpy/__pycache__/dtypes.cpython-312.pyc
vendored_virtual_environment_do_not_execute	8751	86e65d4206e5eac2dd749ce4b6fa879da2d1ce99	yk-development-tools/.venv/Lib/site-packages/numpy/__pycache__/exceptions.cpython-312.pyc
vendored_virtual_environment_do_not_execute	11978	17b88435d29d3c0788438aa2c6927a9f75aa6e51	yk-development-tools/.venv/Lib/site-packages/numpy/__pycache__/matlib.cpython-312.pyc
vendored_virtual_environment_do_not_execute	565	244eb13a138b2573d1fe7e1aef49ec41f61856e9	yk-development-tools/.venv/Lib/site-packages/numpy/__pycache__/version.cpython-312.pyc
vendored_virtual_environment_do_not_execute	10354	067e38798718e37383c9550688c4080ef73c1539	yk-development-tools/.venv/Lib/site-packages/numpy/_array_api_info.py
vendored_virtual_environment_do_not_execute	4864	ee9f8a5660c3a72cda2266b0238a5a50c36de8fd	yk-development-tools/.venv/Lib/site-packages/numpy/_array_api_info.pyi
vendored_virtual_environment_do_not_execute	1007	db7831c339518ba3a2a939eaa0006eded43ad129	yk-development-tools/.venv/Lib/site-packages/numpy/_configtool.py
vendored_virtual_environment_do_not_execute	24	7e7363e797f3f5a33f66efd0349814c562e349e6	yk-development-tools/.venv/Lib/site-packages/numpy/_configtool.pyi
vendored_virtual_environment_do_not_execute	5542	d0da7e0ad9edef32e311df10a2591d7edd20bf21	yk-development-tools/.venv/Lib/site-packages/numpy/_core/__init__.py
vendored_virtual_environment_do_not_execute	86	40d9c411b97cf7f9e5df910b7567db9238a61e5d	yk-development-tools/.venv/Lib/site-packages/numpy/_core/__init__.pyi
vendored_virtual_environment_do_not_execute	5673	9d1cec11c029f0794bc9c517f0f32a89badb2a6e	yk-development-tools/.venv/Lib/site-packages/numpy/_core/__pycache__/__init__.cpython-312.pyc
vendored_virtual_environment_do_not_execute	200261	e2ab07a8311b257a984fe29cd245ebb409643530	yk-development-tools/.venv/Lib/site-packages/numpy/_core/__pycache__/_add_newdocs.cpython-312.pyc
vendored_virtual_environment_do_not_execute	13223	007f5472ab8233fec89e1450b828c4e3da062405	yk-development-tools/.venv/Lib/site-packages/numpy/_core/__pycache__/_add_newdocs_scalars.cpython-312.pyc
vendored_virtual_environment_do_not_execute	4294	a111725e73f31cd7e7877471e1b32119808c4c48	yk-development-tools/.venv/Lib/site-packages/numpy/_core/__pycache__/_asarray.cpython-312.pyc
vendored_virtual_environment_do_not_execute	13473	23c5cefe95769b78a1487a46cd61b648a2ea9aeb	yk-development-tools/.venv/Lib/site-packages/numpy/_core/__pycache__/_dtype.cpython-312.pyc
vendored_virtual_environment_do_not_execute	4838	e3d33f00ff29067838ca3d543395ba941bc77596	yk-development-tools/.venv/Lib/site-packages/numpy/_core/__pycache__/_dtype_ctypes.cpython-312.pyc
vendored_virtual_environment_do_not_execute	8302	ab6e72288416b7509b8dbe7d68eed3baa413166d	yk-development-tools/.venv/Lib/site-packages/numpy/_core/__pycache__/_exceptions.cpython-312.pyc
vendored_virtual_environment_do_not_execute	34875	63e6b4973da12a5a98eeda0e5aa3fabddd60388d	yk-development-tools/.venv/Lib/site-packages/numpy/_core/__pycache__/_internal.cpython-312.pyc
vendored_virtual_environment_do_not_execute	11640	add4acbba267f7c19d98957ef8901b77bcad24da	yk-development-tools/.venv/Lib/site-packages/numpy/_core/__pycache__/_machar.cpython-312.pyc
vendored_virtual_environment_do_not_execute	11437	f83d082ddfe0443a779d142a7be4e5ecaea7bd68	yk-development-tools/.venv/Lib/site-packages/numpy/_core/__pycache__/_methods.cpython-312.pyc
vendored_virtual_environment_do_not_execute	3308	f1cc195cdde8cf6c581b6e9475b504b6c39a6cfe	yk-development-tools/.venv/Lib/site-packages/numpy/_core/__pycache__/_string_helpers.cpython-312.pyc
vendored_virtual_environment_do_not_execute	3731	bb5e8ab758e8cc61d3d9e4ad993efdbad033166c	yk-development-tools/.venv/Lib/site-packages/numpy/_core/__pycache__/_type_aliases.cpython-312.pyc
vendored_virtual_environment_do_not_execute	16611	eda177a066984075bfd12457ff2992532d5fb0c7	yk-development-tools/.venv/Lib/site-packages/numpy/_core/__pycache__/_ufunc_config.cpython-312.pyc
vendored_virtual_environment_do_not_execute	72447	53d38b74aa1477e46cb2e76fcfbadfd5bfaea128	yk-development-tools/.venv/Lib/site-packages/numpy/_core/__pycache__/arrayprint.cpython-312.pyc
vendored_virtual_environment_do_not_execute	648	08295b89169889005ee13e34b1e2d2f137f76ece	yk-development-tools/.venv/Lib/site-packages/numpy/_core/__pycache__/cversions.cpython-312.pyc
vendored_virtual_environment_do_not_execute	42078	62f0a57949635ab1535163b629b481e7c6b48e0f	yk-development-tools/.venv/Lib/site-packages/numpy/_core/__pycache__/defchararray.cpython-312.pyc
vendored_virtual_environment_do_not_execute	49961	244fcc34d4ef0a295d9e1b8eeaf5fec08c35997b	yk-development-tools/.venv/Lib/site-packages/numpy/_core/__pycache__/einsumfunc.cpython-312.pyc
vendored_virtual_environment_do_not_execute	150484	d296a04f8a4d2c9e9de314efda3bd08a7d618204	yk-development-tools/.venv/Lib/site-packages/numpy/_core/__pycache__/fromnumeric.cpython-312.pyc
vendored_virtual_environment_do_not_execute	20814	5fcc005227009e612cd32e95049c6f7b4533e328	yk-development-tools/.venv/Lib/site-packages/numpy/_core/__pycache__/function_base.cpython-312.pyc
vendored_virtual_environment_do_not_execute	28425	9c886bcffbb25d41156362ca07de40c1681a6a32	yk-development-tools/.venv/Lib/site-packages/numpy/_core/__pycache__/getlimits.cpython-312.pyc
vendored_virtual_environment_do_not_execute	13334	83bdc71544de4af7ac1b46b0215b1465644dea4f	yk-development-tools/.venv/Lib/site-packages/numpy/_core/__pycache__/memmap.cpython-312.pyc
vendored_virtual_environment_do_not_execute	58670	f5385921a74ab92a6bacc290f8a84670c9e73c7d	yk-development-tools/.venv/Lib/site-packages/numpy/_core/__pycache__/multiarray.cpython-312.pyc
vendored_virtual_environment_do_not_execute	91178	f96aa772fe068d9644fa68b9d4dabb314b2242d5	yk-development-tools/.venv/Lib/site-packages/numpy/_core/__pycache__/numeric.cpython-312.pyc
vendored_virtual_environment_do_not_execute	17695	f81a2c56f8cc56a2d0a4bdfb40fef41941814b73	yk-development-tools/.venv/Lib/site-packages/numpy/_core/__pycache__/numerictypes.cpython-312.pyc
vendored_virtual_environment_do_not_execute	7918	ed60dc04b038f7fa7d100e68681b973ace5ac291	yk-development-tools/.venv/Lib/site-packages/numpy/_core/__pycache__/overrides.cpython-312.pyc
vendored_virtual_environment_do_not_execute	957	8f0fe5459d21904a8e59019a23f23e0b97a67685	yk-development-tools/.venv/Lib/site-packages/numpy/_core/__pycache__/printoptions.cpython-312.pyc
vendored_virtual_environment_do_not_execute	39521	b24936c3f9cdc5e96ff876769be42e4ead83ffc5	yk-development-tools/.venv/Lib/site-packages/numpy/_core/__pycache__/records.cpython-312.pyc
vendored_virtual_environment_do_not_execute	34459	08d370a47d73a3f10797eea38009209917f92802	yk-development-tools/.venv/Lib/site-packages/numpy/_core/__pycache__/shape_base.cpython-312.pyc
vendored_virtual_environment_do_not_execute	59952	4d661d0b3e68dbb5c279427b715b15340409bfa4	yk-development-tools/.venv/Lib/site-packages/numpy/_core/__pycache__/strings.cpython-312.pyc
vendored_virtual_environment_do_not_execute	2026	1eb471b1093ac6e3f57973dd03f04e5606244a06	yk-development-tools/.venv/Lib/site-packages/numpy/_core/__pycache__/umath.cpython-312.pyc
vendored_virtual_environment_do_not_execute	208893	8f5de4b7bd898ff67e814a3f604055926e0b9c1c	yk-development-tools/.venv/Lib/site-packages/numpy/_core/_add_newdocs.py
vendored_virtual_environment_do_not_execute	168	b23c3b1adedd9b9b9f24930ac4940501a4a3dc91	yk-development-tools/.venv/Lib/site-packages/numpy/_core/_add_newdocs.pyi
vendored_virtual_environment_do_not_execute	12600	96170d80c7c9fcb6a7f57ffe8ef882c26bb642a7	yk-development-tools/.venv/Lib/site-packages/numpy/_core/_add_newdocs_scalars.py
vendored_virtual_environment_do_not_execute	573	4a06c9b07d748d0f6d064ff9e0fdf7839118e143	yk-development-tools/.venv/Lib/site-packages/numpy/_core/_add_newdocs_scalars.pyi
vendored_virtual_environment_do_not_execute	3911	613c5cf5706085ac1bed4837d8af0db9518decb7	yk-development-tools/.venv/Lib/site-packages/numpy/_core/_asarray.py
vendored_virtual_environment_do_not_execute	1073	a4bee00489fb01c769f698dda81904f3d4dcc245	yk-development-tools/.venv/Lib/site-packages/numpy/_core/_asarray.pyi
vendored_virtual_environment_do_not_execute	10547	6a8a091b269c2f0acd37e3844e4f09a35b71e098	yk-development-tools/.venv/Lib/site-packages/numpy/_core/_dtype.py
vendored_virtual_environment_do_not_execute	1851	6cdd77b22e0746e38eb67764127f7f1a1f0e6f56	yk-development-tools/.venv/Lib/site-packages/numpy/_core/_dtype.pyi
vendored_virtual_environment_do_not_execute	3726	4de6df6dbd37d63ecb259584c71a5c5d91f45a0c	yk-development-tools/.venv/Lib/site-packages/numpy/_core/_dtype_ctypes.py
vendored_virtual_environment_do_not_execute	3682	69438a2c1b4c98cda8b36d45440fd459f118ebb9	yk-development-tools/.venv/Lib/site-packages/numpy/_core/_dtype_ctypes.pyi
vendored_virtual_environment_do_not_execute	5159	73b07d25ef1f2b4b7a3c81ead115a3b8382b0730	yk-development-tools/.venv/Lib/site-packages/numpy/_core/_exceptions.py
vendored_virtual_environment_do_not_execute	1900	02637a17b6a8a07b18e5fe046037d892a8fb02f6	yk-development-tools/.venv/Lib/site-packages/numpy/_core/_exceptions.pyi
vendored_virtual_environment_do_not_execute	28981	e00e1b2c1f60669e184af514886fa54acc3de1eb	yk-development-tools/.venv/Lib/site-packages/numpy/_core/_internal.py
vendored_virtual_environment_do_not_execute	2654	3038297b6328a522d5ec622ea2f065b1cac06f28	yk-development-tools/.venv/Lib/site-packages/numpy/_core/_internal.pyi
vendored_virtual_environment_do_not_execute	11569	b49742a158027c254e9e36d8ef4038428e7d7866	yk-development-tools/.venv/Lib/site-packages/numpy/_core/_machar.py
vendored_virtual_environment_do_not_execute	1900	02637a17b6a8a07b18e5fe046037d892a8fb02f6	yk-development-tools/.venv/Lib/site-packages/numpy/_core/_machar.pyi
vendored_virtual_environment_do_not_execute	9430	21ad7900016b5f97f3c084ea21829dfa7b62de98	yk-development-tools/.venv/Lib/site-packages/numpy/_core/_methods.py
vendored_virtual_environment_do_not_execute	526	3c80683f003b8e63040804bbcadcce3c4e3a9444	yk-development-tools/.venv/Lib/site-packages/numpy/_core/_methods.pyi
vendored_virtual_environment_do_not_execute	2418	ecb6cbb34d83880f2255b4e9ce578f338973f018	yk-development-tools/.venv/Lib/site-packages/numpy/_core/_multiarray_tests.cp312-win_amd64.lib
vendored_virtual_environment_do_not_execute	63488	6f06d0b0d40d7d0427924dca9d549c9bf35ebc83	yk-development-tools/.venv/Lib/site-packages/numpy/_core/_multiarray_tests.cp312-win_amd64.pyd
vendored_virtual_environment_do_not_execute	2192	fdc0a1ec40afc02ddbf879ff9b7ee3539bb889a4	yk-development-tools/.venv/Lib/site-packages/numpy/_core/_multiarray_umath.cp312-win_amd64.lib
vendored_virtual_environment_do_not_execute	4531200	71bbbcc99fba979a8389f1beccc1da138fd643fb	yk-development-tools/.venv/Lib/site-packages/numpy/_core/_multiarray_umath.cp312-win_amd64.pyd
vendored_virtual_environment_do_not_execute	2228	fd263f9f61ea80ef6c0af64773419fbb781dca4f	yk-development-tools/.venv/Lib/site-packages/numpy/_core/_operand_flag_tests.cp312-win_amd64.lib
vendored_virtual_environment_do_not_execute	12288	70dbea5d91f68202d7b2e2cb25f4028462ac809c	yk-development-tools/.venv/Lib/site-packages/numpy/_core/_operand_flag_tests.cp312-win_amd64.pyd
vendored_virtual_environment_do_not_execute	2156	b6a25eed08d2ab1e46efd8bcbcecd8c0fd0505ed	yk-development-tools/.venv/Lib/site-packages/numpy/_core/_rational_tests.cp312-win_amd64.lib
vendored_virtual_environment_do_not_execute	39936	ffc2e857c9eba1357b7be0afd7ba8955644d2873	yk-development-tools/.venv/Lib/site-packages/numpy/_core/_rational_tests.cp312-win_amd64.pyd
vendored_virtual_environment_do_not_execute	1976	2b0f03007b3d63c0bd0a0864b4d6a9675b94be1d	yk-development-tools/.venv/Lib/site-packages/numpy/_core/_simd.cp312-win_amd64.lib
vendored_virtual_environment_do_not_execute	2410496	1b13d11c506cae1c0b0605aa439824220c4540e5	yk-development-tools/.venv/Lib/site-packages/numpy/_core/_simd.cp312-win_amd64.pyd
vendored_virtual_environment_do_not_execute	669	70bb7077797e044f6214a731642cc815bf63868d	yk-development-tools/.venv/Lib/site-packages/numpy/_core/_simd.pyi
vendored_virtual_environment_do_not_execute	2845	87085d4119dd56981f835dd97cc303fc04284da4	yk-development-tools/.venv/Lib/site-packages/numpy/_core/_string_helpers.py
vendored_virtual_environment_do_not_execute	358	6a85832b7a930edf28cf414e1f7801e6a3d94605	yk-development-tools/.venv/Lib/site-packages/numpy/_core/_string_helpers.pyi
vendored_virtual_environment_do_not_execute	2228	440c96f1192d1dfdd48b2f29e03ed16d498cd75e	yk-development-tools/.venv/Lib/site-packages/numpy/_core/_struct_ufunc_tests.cp312-win_amd64.lib
vendored_virtual_environment_do_not_execute	14336	803922135230030b01d3b44feff6f04fe2e8363f	yk-development-tools/.venv/Lib/site-packages/numpy/_core/_struct_ufunc_tests.cp312-win_amd64.pyd
vendored_virtual_environment_do_not_execute	3489	de6c30953e91636fd326181048ae6dd9583026a2	yk-development-tools/.venv/Lib/site-packages/numpy/_core/_type_aliases.py
vendored_virtual_environment_do_not_execute	2388	3c9dac7a12029d851659a821cbe73d83347d9cc7	yk-development-tools/.venv/Lib/site-packages/numpy/_core/_type_aliases.pyi
vendored_virtual_environment_do_not_execute	15052	24abecd2065237777c7bba1fd712e588989d84ae	yk-development-tools/.venv/Lib/site-packages/numpy/_core/_ufunc_config.py
vendored_virtual_environment_do_not_execute	972	1a66131540729fd230d477c3149e8a632330dfc9	yk-development-tools/.venv/Lib/site-packages/numpy/_core/_ufunc_config.pyi
vendored_virtual_environment_do_not_execute	2104	9f320154a693a887c9ce56c5be7df8bde5fc6079	yk-development-tools/.venv/Lib/site-packages/numpy/_core/_umath_tests.cp312-win_amd64.lib
vendored_virtual_environment_do_not_execute	34304	28ab689a3d7456b1bc789978e11efe8cecf3cb86	yk-development-tools/.venv/Lib/site-packages/numpy/_core/_umath_tests.cp312-win_amd64.pyd
vendored_virtual_environment_do_not_execute	65278	2a684280610bcdbbf77dca7ce14828a54f6540d4	yk-development-tools/.venv/Lib/site-packages/numpy/_core/arrayprint.py
vendored_virtual_environment_do_not_execute	6971	fec03a6f265c5e307fa387bc7e6c83840920a394	yk-development-tools/.venv/Lib/site-packages/numpy/_core/arrayprint.pyi
vendored_virtual_environment_do_not_execute	347	00159c3a8031d8ccd44b226db42090f97014cd9f	yk-development-tools/.venv/Lib/site-packages/numpy/_core/cversions.py
vendored_virtual_environment_do_not_execute	38007	bde8921f5504170125576a4ff00da29c9a104138	yk-development-tools/.venv/Lib/site-packages/numpy/_core/defchararray.py
vendored_virtual_environment_do_not_execute	27985	2361fff6eae720e21cefa84d1b7adc39c7bbd568	yk-development-tools/.venv/Lib/site-packages/numpy/_core/defchararray.pyi
vendored_virtual_environment_do_not_execute	52820	8e71e6d4b1eb39763ef95b808d690e21f02e21a4	yk-development-tools/.venv/Lib/site-packages/numpy/_core/einsumfunc.py
vendored_virtual_environment_do_not_execute	4893	9653a26dcd78bc581e23466fbbdb0b2e4d270a51	yk-development-tools/.venv/Lib/site-packages/numpy/_core/einsumfunc.pyi
vendored_virtual_environment_do_not_execute	143882	e20d774d014d98f08bf1ec805bbf324fd5a76c39	yk-development-tools/.venv/Lib/site-packages/numpy/_core/fromnumeric.py
vendored_virtual_environment_do_not_execute	42034	f0f83093c3b17934e743c353df3dff32cd0ccfe5	yk-development-tools/.venv/Lib/site-packages/numpy/_core/fromnumeric.pyi
vendored_virtual_environment_do_not_execute	19683	12ab2a7ef5467560b31e5eb00a87e17fcf6c8760	yk-development-tools/.venv/Lib/site-packages/numpy/_core/function_base.py
vendored_virtual_environment_do_not_execute	7064	44d1311f5b441a323d5044f55ce71bebe2e7100d	yk-development-tools/.venv/Lib/site-packages/numpy/_core/function_base.pyi
vendored_virtual_environment_do_not_execute	26101	afa2ccebcfd2f83324b7ef50463fbb8501141dc6	yk-development-tools/.venv/Lib/site-packages/numpy/_core/getlimits.py
vendored_virtual_environment_do_not_execute	61	9d79b178f4dc07ec25c365e06a186cc9ae2e5baf	yk-development-tools/.venv/Lib/site-packages/numpy/_core/getlimits.pyi
vendored_virtual_environment_do_not_execute	12698	8398c627e082a8cd28463797b12cf2d56a4a8d6e	yk-development-tools/.venv/Lib/site-packages/numpy/_core/include/numpy/__multiarray_api.c
vendored_virtual_environment_do_not_execute	61639	34363fb254077147027dbd46750f17f3f13851e3	yk-development-tools/.venv/Lib/site-packages/numpy/_core/include/numpy/__multiarray_api.h
vendored_virtual_environment_do_not_execute	1755	10fcbc4553989057667a90ce9d587deefc13f5f1	yk-development-tools/.venv/Lib/site-packages/numpy/_core/include/numpy/__ufunc_api.c
vendored_virtual_environment_do_not_execute	13175	b05dce34181aeee05127b2e3a16f1911d3d89027	yk-development-tools/.venv/Lib/site-packages/numpy/_core/include/numpy/__ufunc_api.h
vendored_virtual_environment_do_not_execute	1857	b365cb50854f381f1a399b7aea2adab846490366	yk-development-tools/.venv/Lib/site-packages/numpy/_core/include/numpy/_neighborhood_iterator_imp.h
vendored_virtual_environment_do_not_execute	890	125ca2b4efaf81e36eafe44f2430e60683c479f5	yk-development-tools/.venv/Lib/site-packages/numpy/_core/include/numpy/_numpyconfig.h
vendored_virtual_environment_do_not_execute	4574	51f39054062762c39b3df4f689b74060e97036c0	yk-development-tools/.venv/Lib/site-packages/numpy/_core/include/numpy/_public_dtype_api_table.h
vendored_virtual_environment_do_not_execute	204	97d93590e401fc878b72281d938170623f01da97	yk-development-tools/.venv/Lib/site-packages/numpy/_core/include/numpy/arrayobject.h
vendored_virtual_environment_do_not_execute	4243	ff048061f70abda097606b6247e32234d4eacf29	yk-development-tools/.venv/Lib/site-packages/numpy/_core/include/numpy/arrayscalars.h
vendored_virtual_environment_do_not_execute	19238	b37c9fbb68213e8ff7817093bc4c1f495d84b79d	yk-development-tools/.venv/Lib/site-packages/numpy/_core/include/numpy/dtype_api.h
vendored_virtual_environment_do_not_execute	1959	950401664e101d17ce5461ecb21c7d3bdf824f42	yk-development-tools/.venv/Lib/site-packages/numpy/_core/include/numpy/halffloat.h
vendored_virtual_environment_do_not_execute	12057	f06bafe5b52a4ab930c2aad0c45d95d0b6d8104b	yk-development-tools/.venv/Lib/site-packages/numpy/_core/include/numpy/ndarrayobject.h
vendored_virtual_environment_do_not_execute	65810	baa42406ac889c2bb84b6291cd553dc21e881fff	yk-development-tools/.venv/Lib/site-packages/numpy/_core/include/numpy/ndarraytypes.h
vendored_virtual_environment_do_not_execute	8546	e39e65aedea7dc95a1130ea94518bb778d1238cd	yk-development-tools/.venv/Lib/site-packages/numpy/_core/include/numpy/npy_2_compat.h
vendored_virtual_environment_do_not_execute	857	0b509011b2803b978bd913191816a9bbd6635d35	yk-development-tools/.venv/Lib/site-packages/numpy/_core/include/numpy/npy_2_complexcompat.h
vendored_virtual_environment_do_not_execute	9648	c2bf74faf09d9df0df07f23e7d8b8550fe79ba5f	yk-development-tools/.venv/Lib/site-packages/numpy/_core/include/numpy/npy_3kcompat.h
vendored_virtual_environment_do_not_execute	32586	e2556a07a3efac49599da43ade75d43c10ae7097	yk-development-tools/.venv/Lib/site-packages/numpy/_core/include/numpy/npy_common.h
vendored_virtual_environment_do_not_execute	4225	91cf2d825493c3d3ddae73d21b398444601a4bde	yk-development-tools/.venv/Lib/site-packages/numpy/_core/include/numpy/npy_cpu.h
vendored_virtual_environment_do_not_execute	2834	09262120bf82c5065d1f914a5825ce2de0063d4d	yk-development-tools/.venv/Lib/site-packages/numpy/_core/include/numpy/npy_endian.h
vendored_virtual_environment_do_not_execute	18858	abc784bc686c18d162a4730a7c60393622023aae	yk-development-tools/.venv/Lib/site-packages/numpy/_core/include/numpy/npy_math.h
vendored_virtual_environment_do_not_execute	678	39658c0bd2d61aacd25f75439e81ea16c3e33db8	yk-development-tools/.venv/Lib/site-packages/numpy/_core/include/numpy/npy_no_deprecated_api.h
vendored_virtual_environment_do_not_execute	1256	0ce5d78b42c0e53c660654e297446d7811901aa2	yk-development-tools/.venv/Lib/site-packages/numpy/_core/include/numpy/npy_os.h
vendored_virtual_environment_do_not_execute	7333	ba44c28b9d0f95be3b4bddd79fdbc2e541b9cc05	yk-development-tools/.venv/Lib/site-packages/numpy/_core/include/numpy/numpyconfig.h
vendored_virtual_environment_do_not_execute	1018	d72a7c388d406191f2b3113efa5f89916a39d9b2	yk-development-tools/.venv/Lib/site-packages/numpy/_core/include/numpy/random/LICENSE.txt
vendored_virtual_environment_do_not_execute	488	162dd5c5753079eb1d76efa7fc8a3847c2ad6602	yk-development-tools/.venv/Lib/site-packages/numpy/_core/include/numpy/random/bitgen.h
vendored_virtual_environment_do_not_execute	9861	e7fa4bd00d43430eb1da23bd577688d8733bb6e8	yk-development-tools/.venv/Lib/site-packages/numpy/_core/include/numpy/random/distributions.h
vendored_virtual_environment_do_not_execute	80138	f4eb8039b50c21c0977a38ee5f47c8f89307d482	yk-development-tools/.venv/Lib/site-packages/numpy/_core/include/numpy/random/libdivide.h
vendored_virtual_environment_do_not_execute	11780	f5f82b57c91feb7c1b90324907e38c684725ab4a	yk-development-tools/.venv/Lib/site-packages/numpy/_core/include/numpy/ufuncobject.h
vendored_virtual_environment_do_not_execute	1185	97f06092e54050baf3c2fc4372429cbd110429e8	yk-development-tools/.venv/Lib/site-packages/numpy/_core/include/numpy/utils.h
vendored_virtual_environment_do_not_execute	144	5ab396eb292f99530e6a545dbf0cbe064fc5f3fe	yk-development-tools/.venv/Lib/site-packages/numpy/_core/lib/npy-pkg-config/mlib.ini
vendored_virtual_environment_do_not_execute	361	72255878cb9349f4a7bc39fb4947dd8217384523	yk-development-tools/.venv/Lib/site-packages/numpy/_core/lib/npy-pkg-config/npymath.ini
vendored_virtual_environment_do_not_execute	156482	a2ab666f79f2438c7a10052b421f66b777d137d4	yk-development-tools/.venv/Lib/site-packages/numpy/_core/lib/npymath.lib
vendored_virtual_environment_do_not_execute	191	060441ee2b2f73ad132b7cba9a12d268a9c28516	yk-development-tools/.venv/Lib/site-packages/numpy/_core/lib/pkgconfig/numpy.pc
vendored_virtual_environment_do_not_execute	12651	8cfa7f94a8da4318cae87ae895a8eec1435add70	yk-development-tools/.venv/Lib/site-packages/numpy/_core/memmap.py
vendored_virtual_environment_do_not_execute	47	0b31328404fb397614bd03832af9282ce251c4f4	yk-development-tools/.venv/Lib/site-packages/numpy/_core/memmap.pyi
vendored_virtual_environment_do_not_execute	58155	236ca7e7c9aa164addf7634fe31f95c064910c97	yk-development-tools/.venv/Lib/site-packages/numpy/_core/multiarray.py
vendored_virtual_environment_do_not_execute	32150	13a3f0077ce0a22ae1acc2a9f5f68de677420b41	yk-development-tools/.venv/Lib/site-packages/numpy/_core/multiarray.pyi
vendored_virtual_environment_do_not_execute	82322	964447fa0d8a9e2dfa95d6a03bd4cad4785dbe4b	yk-development-tools/.venv/Lib/site-packages/numpy/_core/numeric.py
vendored_virtual_environment_do_not_execute	19042	919fe1917197b16ff4558dd2f6da87d004ee28be	yk-development-tools/.venv/Lib/site-packages/numpy/_core/numeric.pyi
vendored_virtual_environment_do_not_execute	15957	135dc1b51d97b90fa60e35558310838add6a7a7e	yk-development-tools/.venv/Lib/site-packages/numpy/_core/numerictypes.py
vendored_virtual_environment_do_not_execute	3270	753fe34800d5c4e26fbd79852ea8046cb278a0ed	yk-development-tools/.venv/Lib/site-packages/numpy/_core/numerictypes.pyi
vendored_virtual_environment_do_not_execute	7241	6414710ae9003febf27f90751b3f0372af343eba	yk-development-tools/.venv/Lib/site-packages/numpy/_core/overrides.py
vendored_virtual_environment_do_not_execute	1713	05453190efd4be7674bec97e3683988fd2d94b87	yk-development-tools/.venv/Lib/site-packages/numpy/_core/overrides.pyi
vendored_virtual_environment_do_not_execute	1056	5d6f9635cd3c17eab501fcda6edef20bfddbdc34	yk-development-tools/.venv/Lib/site-packages/numpy/_core/printoptions.py
vendored_virtual_environment_do_not_execute	594	bd7c7b40692d4afb0cb2ab6a8f48b0065cc9c127	yk-development-tools/.venv/Lib/site-packages/numpy/_core/printoptions.pyi
vendored_virtual_environment_do_not_execute	36767	39bcf4ba6294a25fdea870fc9afb4e5571ee2146	yk-development-tools/.venv/Lib/site-packages/numpy/_core/records.py
vendored_virtual_environment_do_not_execute	8935	93177b2d3f75a5e1352a6f80586aed8f10ecfea4	yk-development-tools/.venv/Lib/site-packages/numpy/_core/records.pyi
vendored_virtual_environment_do_not_execute	32738	c2a0f0dae789409a1d6d8c2850ab2236dcfde007	yk-development-tools/.venv/Lib/site-packages/numpy/_core/shape_base.py
vendored_virtual_environment_do_not_execute	4753	c2c9c961e55bbfb6932e20910255e86820902e8f	yk-development-tools/.venv/Lib/site-packages/numpy/_core/shape_base.pyi
vendored_virtual_environment_do_not_execute	50642	b4dc1656024f41de545dddb84f31b7de317ca182	yk-development-tools/.venv/Lib/site-packages/numpy/_core/strings.py
vendored_virtual_environment_do_not_execute	13502	b187ce71d25ce5f971cc8fc9b8d6bcd7d845fcdb	yk-development-tools/.venv/Lib/site-packages/numpy/_core/strings.pyi
vendored_virtual_environment_do_not_execute	3587	e77d3874c456d79bb9d616b7638ef211e7cdeb7d	yk-development-tools/.venv/Lib/site-packages/numpy/_core/tests/__pycache__/_locales.cpython-312.pyc
vendored_virtual_environment_do_not_execute	8159	2d97b8945e98dfa48ff5b918224e215d25d65973	yk-development-tools/.venv/Lib/site-packages/numpy/_core/tests/__pycache__/_natype.cpython-312.pyc
vendored_virtual_environment_do_not_execute	5492	4ec219b8af96e0091f0f8d67cf1db3805668a335	yk-development-tools/.venv/Lib/site-packages/numpy/_core/tests/__pycache__/test__exceptions.cpython-312.pyc
vendored_virtual_environment_do_not_execute	4449	385830f86fef9546b8ee53eede9bacbd8bf8c247	yk-development-tools/.venv/Lib/site-packages/numpy/_core/tests/__pycache__/test_abc.cpython-312.pyc
vendored_virtual_environment_do_not_execute	39675	34a7676f9c312cf43ccf0f2cb5e51f906c0d91f4	yk-development-tools/.venv/Lib/site-packages/numpy/_core/tests/__pycache__/test_api.cpython-312.pyc
vendored_virtual_environment_do_not_execute	5141	78edb9609a5a719a48e4b7d702345882d4df6b32	yk-development-tools/.venv/Lib/site-packages/numpy/_core/tests/__pycache__/test_argparse.cpython-312.pyc
vendored_virtual_environment_do_not_execute	5993	e73430946b4638fbe4471eac59e892c4f70e5cd7	yk-development-tools/.venv/Lib/site-packages/numpy/_core/tests/__pycache__/test_array_api_info.cpython-312.pyc
vendored_virtual_environment_do_not_execute	52036	a2560418beecea270b300203f5e3a67e84626b16	yk-development-tools/.venv/Lib/site-packages/numpy/_core/tests/__pycache__/test_array_coercion.cpython-312.pyc
vendored_virtual_environment_do_not_execute	8252	da5e7b61f22376e59133f19eb341f7ceebbc6088	yk-development-tools/.venv/Lib/site-packages/numpy/_core/tests/__pycache__/test_array_interface.cpython-312.pyc
vendored_virtual_environment_do_not_execute	5066	6f6a5f918ec88f5d15531a281cf8abc6e80e1db0	yk-development-tools/.venv/Lib/site-packages/numpy/_core/tests/__pycache__/test_arraymethod.cpython-312.pyc
vendored_virtual_environment_do_not_execute	4192	4caf67e344ecf7e8c6e34b1e95a9e4758f2010a4	yk-development-tools/.venv/Lib/site-packages/numpy/_core/tests/__pycache__/test_arrayobject.cpython-312.pyc
vendored_virtual_environment_do_not_execute	74080	fe62f86eaf1fc471a08af1b57d49b501f4788b17	yk-development-tools/.venv/Lib/site-packages/numpy/_core/tests/__pycache__/test_arrayprint.cpython-312.pyc
vendored_virtual_environment_do_not_execute	9256	8614468edfa4cf52fe38d271bea28da9e7471218	yk-development-tools/.venv/Lib/site-packages/numpy/_core/tests/__pycache__/test_casting_floatingpoint_errors.cpython-312.pyc
vendored_virtual_environment_do_not_execute	39224	a7455971d5384e15a0b3cc96a0296812ca6dab37	yk-development-tools/.venv/Lib/site-packages/numpy/_core/tests/__pycache__/test_casting_unittests.cpython-312.pyc
vendored_virtual_environment_do_not_execute	12865	65d379be44e539a62d2eb6008f248bd3d19be9d4	yk-development-tools/.venv/Lib/site-packages/numpy/_core/tests/__pycache__/test_conversion_utils.cpython-312.pyc
vendored_virtual_environment_do_not_execute	1561	ded8d0b04430799967b42f85c19d1fdbbb799d43	yk-development-tools/.venv/Lib/site-packages/numpy/_core/tests/__pycache__/test_cpu_dispatcher.cpython-312.pyc
vendored_virtual_environment_do_not_execute	20351	add2ba461fd51291a96a491af74f8365c502e59d	yk-development-tools/.venv/Lib/site-packages/numpy/_core/tests/__pycache__/test_cpu_features.cpython-312.pyc
vendored_virtual_environment_do_not_execute	21253	d7ff2a7d49fee4326ee3652b6ed04261a665c1d4	yk-development-tools/.venv/Lib/site-packages/numpy/_core/tests/__pycache__/test_custom_dtypes.cpython-312.pyc
vendored_virtual_environment_do_not_execute	18836	0a6794fec426e8b6e74ae16325de72a703b296ef	yk-development-tools/.venv/Lib/site-packages/numpy/_core/tests/__pycache__/test_cython.cpython-312.pyc
vendored_virtual_environment_do_not_execute	176062	c46129ba67ef2d251a0bf5908043700576d0fa1a	yk-development-tools/.venv/Lib/site-packages/numpy/_core/tests/__pycache__/test_datetime.cpython-312.pyc
vendored_virtual_environment_do_not_execute	64381	38d2d39902625974b8d02d6bac6a27451336bf59	yk-development-tools/.venv/Lib/site-packages/numpy/_core/tests/__pycache__/test_defchararray.cpython-312.pyc
vendored_virtual_environment_do_not_execute	31416	6ef6fcc4dcbadbb64eb17ca6f4d3c2cababac9af	yk-development-tools/.venv/Lib/site-packages/numpy/_core/tests/__pycache__/test_deprecations.cpython-312.pyc
vendored_virtual_environment_do_not_execute	12914	4bfae578c7e908d95e87bd8998d66990c9c0d71e	yk-development-tools/.venv/Lib/site-packages/numpy/_core/tests/__pycache__/test_dlpack.cpython-312.pyc
vendored_virtual_environment_do_not_execute	122008	d964d42bd30338c9f390635cd20b26b7b9576f2d	yk-development-tools/.venv/Lib/site-packages/numpy/_core/tests/__pycache__/test_dtype.cpython-312.pyc
vendored_virtual_environment_do_not_execute	78254	c2f5e82aea90e95383e7ddd6294ef922041dffdc	yk-development-tools/.venv/Lib/site-packages/numpy/_core/tests/__pycache__/test_einsum.cpython-312.pyc
vendored_virtual_environment_do_not_execute	8590	d8c8a9a0ba852c493927aff63d166321b3944234	yk-development-tools/.venv/Lib/site-packages/numpy/_core/tests/__pycache__/test_errstate.cpython-312.pyc
vendored_virtual_environment_do_not_execute	10231	fe021a9e98984e851d4a2a16bfc84cf2be73237a	yk-development-tools/.venv/Lib/site-packages/numpy/_core/tests/__pycache__/test_extint128.cpython-312.pyc
vendored_virtual_environment_do_not_execute	29364	c5eb79a88ee7afdef4bb71dba22b8492135013df	yk-development-tools/.venv/Lib/site-packages/numpy/_core/tests/__pycache__/test_function_base.cpython-312.pyc
vendored_virtual_environment_do_not_execute	13748	44d82617dbc4e10418a0e98f0ea9c4e3673421ed	yk-development-tools/.venv/Lib/site-packages/numpy/_core/tests/__pycache__/test_getlimits.cpython-312.pyc
vendored_virtual_environment_do_not_execute	38176	9fff071e003f18c8ecd4912ba99d92723583307f	yk-development-tools/.venv/Lib/site-packages/numpy/_core/tests/__pycache__/test_half.cpython-312.pyc
vendored_virtual_environment_do_not_execute	1769	c03f559accf535414915e4d86742196a8cebe799	yk-development-tools/.venv/Lib/site-packages/numpy/_core/tests/__pycache__/test_hashtable.cpython-312.pyc
vendored_virtual_environment_do_not_execute	12882	4604a2ea96decc7cbd264c9420e29b9962ff9430	yk-development-tools/.venv/Lib/site-packages/numpy/_core/tests/__pycache__/test_indexerrors.cpython-312.pyc
vendored_virtual_environment_do_not_execute	86257	87d39a63df1a7125e9a45c7be80aca3004afc646	yk-development-tools/.venv/Lib/site-packages/numpy/_core/tests/__pycache__/test_indexing.cpython-312.pyc
vendored_virtual_environment_do_not_execute	10623	230763c4078a2e2c75b623458ad4ef650eb0e63e	yk-development-tools/.venv/Lib/site-packages/numpy/_core/tests/__pycache__/test_item_selection.cpython-312.pyc
vendored_virtual_environment_do_not_execute	4742	cac0b710f9ead8786b6a8a68330dbdfe588bdba1	yk-development-tools/.venv/Lib/site-packages/numpy/_core/tests/__pycache__/test_limited_api.cpython-312.pyc
vendored_virtual_environment_do_not_execute	22940	665f5056de6eac2de2cd7de7c3d08b26b2d43d70	yk-development-tools/.venv/Lib/site-packages/numpy/_core/tests/__pycache__/test_longdouble.cpython-312.pyc
vendored_virtual_environment_do_not_execute	1774	d386e29d8024dd6c392b19368f9182a9314c5a1f	yk-development-tools/.venv/Lib/site-packages/numpy/_core/tests/__pycache__/test_machar.cpython-312.pyc
vendored_virtual_environment_do_not_execute	49172	560bee8ec1e168b02b0a5bfb0599fcf8683ab6a1	yk-development-tools/.venv/Lib/site-packages/numpy/_core/tests/__pycache__/test_mem_overlap.cpython-312.pyc
vendored_virtual_environment_do_not_execute	20024	9b88602ab96368f2d9cca223b7492b2164bd17b2	yk-development-tools/.venv/Lib/site-packages/numpy/_core/tests/__pycache__/test_mem_policy.cpython-312.pyc
vendored_virtual_environment_do_not_execute	14603	13713b61019990d84b43c141349378d70f5d83c9	yk-development-tools/.venv/Lib/site-packages/numpy/_core/tests/__pycache__/test_memmap.cpython-312.pyc
vendored_virtual_environment_do_not_execute	675851	a8070e9d8cdbf2c4558f11378e40949e6512aa3a	yk-development-tools/.venv/Lib/site-packages/numpy/_core/tests/__pycache__/test_multiarray.cpython-312.pyc
vendored_virtual_environment_do_not_execute	14935	72a2595090f325006fb1ac54519dd0a5bba74f37	yk-development-tools/.venv/Lib/site-packages/numpy/_core/tests/__pycache__/test_multithreading.cpython-312.pyc
vendored_virtual_environment_do_not_execute	184659	de15773b1d2b5df2c7a65580ef501f0d96d59dc6	yk-development-tools/.venv/Lib/site-packages/numpy/_core/tests/__pycache__/test_nditer.cpython-312.pyc
vendored_virtual_environment_do_not_execute	17760	84a043bbe4bfd94e151cc835846b9c0b65f03a35	yk-development-tools/.venv/Lib/site-packages/numpy/_core/tests/__pycache__/test_nep50_promotions.cpython-312.pyc
vendored_virtual_environment_do_not_execute	279833	2cfb4c5da3600854bd5a515fba12a52b96e53173	yk-development-tools/.venv/Lib/site-packages/numpy/_core/tests/__pycache__/test_numeric.cpython-312.pyc
vendored_virtual_environment_do_not_execute	41286	83eae75afb206c5a64adc790dfd093abdf47b69c	yk-development-tools/.venv/Lib/site-packages/numpy/_core/tests/__pycache__/test_numerictypes.cpython-312.pyc
vendored_virtual_environment_do_not_execute	52841	446298185334c82f0af7d171393ec5decc1de700	yk-development-tools/.venv/Lib/site-packages/numpy/_core/tests/__pycache__/test_overrides.cpython-312.pyc
vendored_virtual_environment_do_not_execute	11570	b9f779f7d84dc97b65aa845ad8c88d8d7b11ac96	yk-development-tools/.venv/Lib/site-packages/numpy/_core/tests/__pycache__/test_print.cpython-312.pyc
vendored_virtual_environment_do_not_execute	3266	35302d9c717a508ce09bc5ec17684028309f79fa	yk-development-tools/.venv/Lib/site-packages/numpy/_core/tests/__pycache__/test_protocols.cpython-312.pyc
vendored_virtual_environment_do_not_execute	39391	7d17234d13d1393cabe3a5f61f21f190620d3b9b	yk-development-tools/.venv/Lib/site-packages/numpy/_core/tests/__pycache__/test_records.cpython-312.pyc
vendored_virtual_environment_do_not_execute	175706	ace9619c860b7d0bfe8b32f7373a823339beac5b	yk-development-tools/.venv/Lib/site-packages/numpy/_core/tests/__pycache__/test_regression.cpython-312.pyc
vendored_virtual_environment_do_not_execute	13920	b9e0f6f97dbb1fcbe4df672b8c819b6b8ea2d24d	yk-development-tools/.venv/Lib/site-packages/numpy/_core/tests/__pycache__/test_scalar_ctors.cpython-312.pyc
vendored_virtual_environment_do_not_execute	17099	b029251dcc4cd1f02dba2486c5e499e711a15988	yk-development-tools/.venv/Lib/site-packages/numpy/_core/tests/__pycache__/test_scalar_methods.cpython-312.pyc
vendored_virtual_environment_do_not_execute	9446	fbac653058f1d143f95f5b6e0cf2cb0579b5cf19	yk-development-tools/.venv/Lib/site-packages/numpy/_core/tests/__pycache__/test_scalarbuffer.cpython-312.pyc
vendored_virtual_environment_do_not_execute	6196	e1deca03dee8e706a8ee53ddf3c0e29111efa127	yk-development-tools/.venv/Lib/site-packages/numpy/_core/tests/__pycache__/test_scalarinherit.cpython-312.pyc
vendored_virtual_environment_do_not_execute	73273	c8c6b179db0ee6279b497d93632aff05ffdb57ff	yk-development-tools/.venv/Lib/site-packages/numpy/_core/tests/__pycache__/test_scalarmath.cpython-312.pyc
vendored_virtual_environment_do_not_execute	21411	c3ee92ac50a9d36412a48f8a8574004c8ec4ffa3	yk-development-tools/.venv/Lib/site-packages/numpy/_core/tests/__pycache__/test_scalarprint.cpython-312.pyc
vendored_virtual_environment_do_not_execute	50469	2916368d759dfa4434abee8dd616a943506ce59e	yk-development-tools/.venv/Lib/site-packages/numpy/_core/tests/__pycache__/test_shape_base.cpython-312.pyc
vendored_virtual_environment_do_not_execute	70184	a022f555ac7e174798c68ed430df9fcf8b40732b	yk-development-tools/.venv/Lib/site-packages/numpy/_core/tests/__pycache__/test_simd.cpython-312.pyc
vendored_virtual_environment_do_not_execute	7056	a87bc162d2664f4acc7eee0ed9ed3598f875f280	yk-development-tools/.venv/Lib/site-packages/numpy/_core/tests/__pycache__/test_simd_module.cpython-312.pyc
vendored_virtual_environment_do_not_execute	94955	aef751ac9505aa3754346ba1c1d26854565678ce	yk-development-tools/.venv/Lib/site-packages/numpy/_core/tests/__pycache__/test_stringdtype.cpython-312.pyc
vendored_virtual_environment_do_not_execute	85397	15897bc73df9959a3081b73f2abe3526a96ac3a9	yk-development-tools/.venv/Lib/site-packages/numpy/_core/tests/__pycache__/test_strings.cpython-312.pyc
vendored_virtual_environment_do_not_execute	221307	0b812f2d444deff94668b6e45cb1ff861fce5ba7	yk-development-tools/.venv/Lib/site-packages/numpy/_core/tests/__pycache__/test_ufunc.cpython-312.pyc
vendored_virtual_environment_do_not_execute	340858	5f857d9b7f7d4c59f447ddc562119ac17b1fa41f	yk-development-tools/.venv/Lib/site-packages/numpy/_core/tests/__pycache__/test_umath.cpython-312.pyc
vendored_virtual_environment_do_not_execute	8641	a208b5b1dafc6d941afb0b5a61b939a24ec0fa6c	yk-development-tools/.venv/Lib/site-packages/numpy/_core/tests/__pycache__/test_umath_accuracy.cpython-312.pyc
vendored_virtual_environment_do_not_execute	42774	618581e462392014df9feb89ed477a7d3644256d	yk-development-tools/.venv/Lib/site-packages/numpy/_core/tests/__pycache__/test_umath_complex.cpython-312.pyc
vendored_virtual_environment_do_not_execute	18966	7a87ca21e252b2e455da1c3e96bfa7c023c0b063	yk-development-tools/.venv/Lib/site-packages/numpy/_core/tests/__pycache__/test_unicode.cpython-312.pyc
vendored_virtual_environment_do_not_execute	2176	debda9639c03c2b70312edb02ce8185de1681ffa	yk-development-tools/.venv/Lib/site-packages/numpy/_core/tests/_locales.py
vendored_virtual_environment_do_not_execute	6525	1c2175b35933d5d606b4e8b42aef2d2cb3dd075f	yk-development-tools/.venv/Lib/site-packages/numpy/_core/tests/_natype.py
vendored_virtual_environment_do_not_execute	716	7397c978297b3f64c7e6540b23f448f280e30bcc	yk-development-tools/.venv/Lib/site-packages/numpy/_core/tests/data/astype_copy.pkl
vendored_virtual_environment_do_not_execute	5842	88ff45e161f8a37dd8aa9ee9f624db07eb42e743	yk-development-tools/.venv/Lib/site-packages/numpy/_core/tests/data/generate_umath_validation_data.cpp
vendored_virtual_environment_do_not_execute	8640	ca48ee85153645a7510e201d574e9b119c089dce	yk-development-tools/.venv/Lib/site-packages/numpy/_core/tests/data/recarray_from_file.fits
vendored_virtual_environment_do_not_execute	967	cfc9e4145d10276a4d296f3e189debeb581db780	yk-development-tools/.venv/Lib/site-packages/numpy/_core/tests/data/umath-validation-set-README.txt
vendored_virtual_environment_do_not_execute	61365	82c8595cb4a617eb779c18b3e086d8ceb8d231e0	yk-development-tools/.venv/Lib/site-packages/numpy/_core/tests/data/umath-validation-set-arccos.csv
vendored_virtual_environment_do_not_execute	61365	1b3eda484d73df76d5084592c2b38c7ef148de40	yk-development-tools/.venv/Lib/site-packages/numpy/_core/tests/data/umath-validation-set-arccosh.csv
vendored_virtual_environment_do_not_execute	61339	75d57072158bea7927824b07efb48352ae85b35b	yk-development-tools/.venv/Lib/site-packages/numpy/_core/tests/data/umath-validation-set-arcsin.csv
vendored_virtual_environment_do_not_execute	60289	9eedb1a13f03dc5deade22dad00fcc797d2dd248	yk-development-tools/.venv/Lib/site-packages/numpy/_core/tests/data/umath-validation-set-arcsinh.csv
vendored_virtual_environment_do_not_execute	60305	c03e144a994afceb4b43622381bd07134dec1e9e	yk-development-tools/.venv/Lib/site-packages/numpy/_core/tests/data/umath-validation-set-arctan.csv
vendored_virtual_environment_do_not_execute	61339	68ecaab37f92c81e3edf5b8a16224a7f92429051	yk-development-tools/.venv/Lib/site-packages/numpy/_core/tests/data/umath-validation-set-arctanh.csv
vendored_virtual_environment_do_not_execute	60846	ad141cb4f5a297e69f3437014087f3c2aea28147	yk-development-tools/.venv/Lib/site-packages/numpy/_core/tests/data/umath-validation-set-cbrt.csv
vendored_virtual_environment_do_not_execute	59122	258ae48ce0209f6873101426fce439c233078c89	yk-development-tools/.venv/Lib/site-packages/numpy/_core/tests/data/umath-validation-set-cos.csv
vendored_virtual_environment_do_not_execute	60869	af14d8475fe69c8a973caa598a34eccc610c7e90	yk-development-tools/.venv/Lib/site-packages/numpy/_core/tests/data/umath-validation-set-cosh.csv
vendored_virtual_environment_do_not_execute	17491	7c5ef3b334fbd8a63bb1a0e6ad72577f767dbaf6	yk-development-tools/.venv/Lib/site-packages/numpy/_core/tests/data/umath-validation-set-exp.csv
vendored_virtual_environment_do_not_execute	58624	4e0a63e8e2c5061d6a158f9347a6085e5e8c4ffa	yk-development-tools/.venv/Lib/site-packages/numpy/_core/tests/data/umath-validation-set-exp2.csv
vendored_virtual_environment_do_not_execute	60299	dcbc7cd912d6819906b4d274bde10cd22784c536	yk-development-tools/.venv/Lib/site-packages/numpy/_core/tests/data/umath-validation-set-expm1.csv
vendored_virtual_environment_do_not_execute	11692	b8f6b08757d5bddbec06328ac2c3f6b694d85fd3	yk-development-tools/.venv/Lib/site-packages/numpy/_core/tests/data/umath-validation-set-log.csv
vendored_virtual_environment_do_not_execute	68922	c7657773e00f4599180ed9fe9dca413ee7b98ea9	yk-development-tools/.venv/Lib/site-packages/numpy/_core/tests/data/umath-validation-set-log10.csv
vendored_virtual_environment_do_not_execute	60303	094e052a5070637a264cbb2f4a722f9fbf2e4906	yk-development-tools/.venv/Lib/site-packages/numpy/_core/tests/data/umath-validation-set-log1p.csv
vendored_virtual_environment_do_not_execute	68917	26921ef1df12ca02f7a4c68e899685c38f0b54d0	yk-development-tools/.venv/Lib/site-packages/numpy/_core/tests/data/umath-validation-set-log2.csv
vendored_virtual_environment_do_not_execute	58611	03e76ffc2c222772e872908e147d4347effc1626	yk-development-tools/.venv/Lib/site-packages/numpy/_core/tests/data/umath-validation-set-sin.csv
vendored_virtual_environment_do_not_execute	60293	1ef7b6e76bfb49b093d8bf6c468bae208ec988e4	yk-development-tools/.venv/Lib/site-packages/numpy/_core/tests/data/umath-validation-set-sinh.csv
vendored_virtual_environment_do_not_execute	60299	ac97624ec5652bca842e28c3f7d726b073315f0f	yk-development-tools/.venv/Lib/site-packages/numpy/_core/tests/data/umath-validation-set-tan.csv
vendored_virtual_environment_do_not_execute	60299	9e3ddc60ffa683f01139870d31de5cb61c2cbc2e	yk-development-tools/.venv/Lib/site-packages/numpy/_core/tests/data/umath-validation-set-tanh.csv
vendored_virtual_environment_do_not_execute	1289	66e94866d69edcef57645de64bb3f549107ce258	yk-development-tools/.venv/Lib/site-packages/numpy/_core/tests/examples/cython/__pycache__/setup.cpython-312.pyc
vendored_virtual_environment_do_not_execute	10774	57df05c1e3b50252ba60fa8bf4a47a13e3b05f87	yk-development-tools/.venv/Lib/site-packages/numpy/_core/tests/examples/cython/checks.pyx
vendored_virtual_environment_do_not_execute	1268	8362c339ae7372ece36b97d57e2e03509f4e4c0b	yk-development-tools/.venv/Lib/site-packages/numpy/_core/tests/examples/cython/meson.build
vendored_virtual_environment_do_not_execute	859	eb57477fc2a175b77746ce5a7a435ce98f028f79	yk-development-tools/.venv/Lib/site-packages/numpy/_core/tests/examples/cython/setup.py
vendored_virtual_environment_do_not_execute	829	be91590065908d4784b6167baa300477830d452f	yk-development-tools/.venv/Lib/site-packages/numpy/_core/tests/examples/limited_api/__pycache__/setup.cpython-312.pyc
vendored_virtual_environment_do_not_execute	346	3dbf5698f1d4cfaf7ee859cce266e401f0d83ddd	yk-development-tools/.venv/Lib/site-packages/numpy/_core/tests/examples/limited_api/limited_api1.c
vendored_virtual_environment_do_not_execute	203	327d5b038c6c8b7b00ab5272ec75fde74572ce0e	yk-development-tools/.venv/Lib/site-packages/numpy/_core/tests/examples/limited_api/limited_api2.pyx
vendored_virtual_environment_do_not_execute	452	13668f2f0ebf78fbac1cbf98c9b474325f864e4d	yk-development-tools/.venv/Lib/site-packages/numpy/_core/tests/examples/limited_api/limited_api_latest.c
vendored_virtual_environment_do_not_execute	1627	65287d8654f50f93c8e2695b91d36f27c1bfe204	yk-development-tools/.venv/Lib/site-packages/numpy/_core/tests/examples/limited_api/meson.build
vendored_virtual_environment_do_not_execute	437	16adcd12327d103444307069bf5092bfee6cea5f	yk-development-tools/.venv/Lib/site-packages/numpy/_core/tests/examples/limited_api/setup.py
vendored_virtual_environment_do_not_execute	2922	35782e7a5878c1d74207c9503aa6c81be8f07497	yk-development-tools/.venv/Lib/site-packages/numpy/_core/tests/test__exceptions.py
vendored_virtual_environment_do_not_execute	2221	aee1904f17276a420a7c5375948c0585621f78b7	yk-development-tools/.venv/Lib/site-packages/numpy/_core/tests/test_abc.py
vendored_virtual_environment_do_not_execute	22954	25990536809b4588445ddc6f73a584437cdd199e	yk-development-tools/.venv/Lib/site-packages/numpy/_core/tests/test_api.py
vendored_virtual_environment_do_not_execute	2870	7f949c1059eb7fda77536c73f6fe31a76298e032	yk-development-tools/.venv/Lib/site-packages/numpy/_core/tests/test_argparse.py
vendored_virtual_environment_do_not_execute	3063	4842dbfa9486c1519d78980a84f9686baf104552	yk-development-tools/.venv/Lib/site-packages/numpy/_core/tests/test_array_api_info.py
vendored_virtual_environment_do_not_execute	34897	883aee63ac3ab45396c3062cb9d8fbb46a85221c	yk-development-tools/.venv/Lib/site-packages/numpy/_core/tests/test_array_coercion.py
vendored_virtual_environment_do_not_execute	7843	afb19f4e280fb2b228f6f6e5eac4a10f02412e94	yk-development-tools/.venv/Lib/site-packages/numpy/_core/tests/test_array_interface.py
vendored_virtual_environment_do_not_execute	3223	d8baef7e7fbfc5c2bd070e56a059824f834ecb09	yk-development-tools/.venv/Lib/site-packages/numpy/_core/tests/test_arraymethod.py
vendored_virtual_environment_do_not_execute	2596	ffa1ba001776a7fde500f82b5ef2521e1c935c60	yk-development-tools/.venv/Lib/site-packages/numpy/_core/tests/test_arrayobject.py
vendored_virtual_environment_do_not_execute	50738	1fd4ac2fddb77762a1291495c044cc0c85e55b9f	yk-development-tools/.venv/Lib/site-packages/numpy/_core/tests/test_arrayprint.py
vendored_virtual_environment_do_not_execute	5076	2f9c01f907c425a932fd4d3c2e47f653aa333a54	yk-development-tools/.venv/Lib/site-packages/numpy/_core/tests/test_casting_floatingpoint_errors.py
vendored_virtual_environment_do_not_execute	34336	f8441ea9d0d71bc02c68157d2e3e471e6e1005f4	yk-development-tools/.venv/Lib/site-packages/numpy/_core/tests/test_casting_unittests.py
vendored_virtual_environment_do_not_execute	6362	03ba339578210e0c88626fad0a146f7334012c50	yk-development-tools/.venv/Lib/site-packages/numpy/_core/tests/test_conversion_utils.py
vendored_virtual_environment_do_not_execute	1570	0a47685d03971c1629f8fca2c3db806b26f5e4bf	yk-development-tools/.venv/Lib/site-packages/numpy/_core/tests/test_cpu_dispatcher.py
vendored_virtual_environment_do_not_execute	15703	d1e3dc610d49e09c232aa5d127f7bc503f7d6511	yk-development-tools/.venv/Lib/site-packages/numpy/_core/tests/test_cpu_features.py
vendored_virtual_environment_do_not_execute	11766	66e6de35b42782f798f835ffc374361d510de88d	yk-development-tools/.venv/Lib/site-packages/numpy/_core/tests/test_custom_dtypes.py
vendored_virtual_environment_do_not_execute	10186	fb3839fd268504fab10d074f5fdc2c4fd5dabf99	yk-development-tools/.venv/Lib/site-packages/numpy/_core/tests/test_cython.py
vendored_virtual_environment_do_not_execute	122685	88b9143a1f24e57028a7d006e13ab8affad5a49f	yk-development-tools/.venv/Lib/site-packages/numpy/_core/tests/test_datetime.py
vendored_virtual_environment_do_not_execute	30629	2607953a940a01f17ee6c45e499505fa201830e9	yk-development-tools/.venv/Lib/site-packages/numpy/_core/tests/test_defchararray.py
vendored_virtual_environment_do_not_execute	17101	d90c15565c220ccf4460675ad013665317d660ad	yk-development-tools/.venv/Lib/site-packages/numpy/_core/tests/test_deprecations.py
vendored_virtual_environment_do_not_execute	5830	89c24032b6c1afd3e6b072662d322cd958e1f708	yk-development-tools/.venv/Lib/site-packages/numpy/_core/tests/test_dlpack.py
vendored_virtual_environment_do_not_execute	78797	684672a9b71f44af3265c78017eec2b41d905a90	yk-development-tools/.venv/Lib/site-packages/numpy/_core/tests/test_dtype.py
vendored_virtual_environment_do_not_execute	56277	0bd180b5e41f63e0e8a70404e7bbb625c2dbebda	yk-development-tools/.venv/Lib/site-packages/numpy/_core/tests/test_einsum.py
vendored_virtual_environment_do_not_execute	4627	b72fb65a3239398fa78c85adb2ec15df89129686	yk-development-tools/.venv/Lib/site-packages/numpy/_core/tests/test_errstate.py
vendored_virtual_environment_do_not_execute	5625	1a05151ac6bedf0931e11989bb0f542a1055d6fb	yk-development-tools/.venv/Lib/site-packages/numpy/_core/tests/test_extint128.py
vendored_virtual_environment_do_not_execute	17651	c925cf1f77e5fa8f102d7f55575b31266c8665cb	yk-development-tools/.venv/Lib/site-packages/numpy/_core/tests/test_function_base.py
vendored_virtual_environment_do_not_execute	6976	721c6ac6cdf998e45427aee8f40e7247eed6c6a5	yk-development-tools/.venv/Lib/site-packages/numpy/_core/tests/test_getlimits.py
vendored_virtual_environment_do_not_execute	24425	68f17b2a5e14c9a2dd7488d9827e2d008d3be10a	yk-development-tools/.venv/Lib/site-packages/numpy/_core/tests/test_half.py
vendored_virtual_environment_do_not_execute	1147	74be5219a287291fd1aaed9189f6f9c6d7ecc734	yk-development-tools/.venv/Lib/site-packages/numpy/_core/tests/test_hashtable.py
vendored_virtual_environment_do_not_execute	4726	02110c28356a597da66118015078f2408c046e9a	yk-development-tools/.venv/Lib/site-packages/numpy/_core/tests/test_indexerrors.py
vendored_virtual_environment_do_not_execute	55421	e722d0c1a9df68c7aed5510472e6637e65ab9540	yk-development-tools/.venv/Lib/site-packages/numpy/_core/tests/test_indexing.py
vendored_virtual_environment_do_not_execute	6631	79fb82dde591aa45e6b2b140ad57534e47778c43	yk-development-tools/.venv/Lib/site-packages/numpy/_core/tests/test_item_selection.py
vendored_virtual_environment_do_not_execute	3463	984210e53af70f5b653c55b30cd32201598b9f77	yk-development-tools/.venv/Lib/site-packages/numpy/_core/tests/test_limited_api.py
vendored_virtual_environment_do_not_execute	12391	f7edd9774573b55a4006a261e3385ad5e7f918e4	yk-development-tools/.venv/Lib/site-packages/numpy/_core/tests/test_longdouble.py
vendored_virtual_environment_do_not_execute	1067	2d772dd512334082dc2651a17196b9af92b9d7ce	yk-development-tools/.venv/Lib/site-packages/numpy/_core/tests/test_machar.py
vendored_virtual_environment_do_not_execute	29219	d1735670ad6bf8771eb9cbec46de735bac809cce	yk-development-tools/.venv/Lib/site-packages/numpy/_core/tests/test_mem_overlap.py
vendored_virtual_environment_do_not_execute	16794	b9f971e73249f62906a895aed86d27cd86550730	yk-development-tools/.venv/Lib/site-packages/numpy/_core/tests/test_mem_policy.py
vendored_virtual_environment_do_not_execute	8186	cbd825205844831e841c4ed60d8a65be537e6d80	yk-development-tools/.venv/Lib/site-packages/numpy/_core/tests/test_memmap.py
vendored_virtual_environment_do_not_execute	400390	26587b677c56fe58eed94a2c31e8e39c28566a9e	yk-development-tools/.venv/Lib/site-packages/numpy/_core/tests/test_multiarray.py
vendored_virtual_environment_do_not_execute	8601	09f907561ae5baba6f318be75e56f05ecf87b77f	yk-development-tools/.venv/Lib/site-packages/numpy/_core/tests/test_multithreading.py
vendored_virtual_environment_do_not_execute	136568	ec28e48c50460ad45c72a483182ba77f823de49d	yk-development-tools/.venv/Lib/site-packages/numpy/_core/tests/test_nditer.py
vendored_virtual_environment_do_not_execute	10068	8d9d9e63ce38107a1ba3e6eac9d5feec34dc49a1	yk-development-tools/.venv/Lib/site-packages/numpy/_core/tests/test_nep50_promotions.py
vendored_virtual_environment_do_not_execute	159748	5b58b3440f01b266abedc14fcf7a3ff447a69839	yk-development-tools/.venv/Lib/site-packages/numpy/_core/tests/test_numeric.py
vendored_virtual_environment_do_not_execute	23271	c9a2ac06472c9402c319d22e8a16f71ce78ddf5a	yk-development-tools/.venv/Lib/site-packages/numpy/_core/tests/test_numerictypes.py
vendored_virtual_environment_do_not_execute	27518	b0d73375ed1000d89189fd7681eecc9e86ee4ef4	yk-development-tools/.venv/Lib/site-packages/numpy/_core/tests/test_overrides.py
vendored_virtual_environment_do_not_execute	6787	d99b2794d7cafa16b46b04471b1bee15d7544e9f	yk-development-tools/.venv/Lib/site-packages/numpy/_core/tests/test_print.py
vendored_virtual_environment_do_not_execute	1173	96bb600843dcf6fee4806945fbaf082cf8346203	yk-development-tools/.venv/Lib/site-packages/numpy/_core/tests/test_protocols.py
vendored_virtual_environment_do_not_execute	20547	b4b93aee4026d099cec09254dadeafcf675b9fa7	yk-development-tools/.venv/Lib/site-packages/numpy/_core/tests/test_records.py
vendored_virtual_environment_do_not_execute	95565	fbfa9311a1dcadf61a74d1508ab22260b75768e2	yk-development-tools/.venv/Lib/site-packages/numpy/_core/tests/test_regression.py
vendored_virtual_environment_do_not_execute	6724	be3ef0459c820be6bf5a81d34ee1d0c3fd89fb3a	yk-development-tools/.venv/Lib/site-packages/numpy/_core/tests/test_scalar_ctors.py
vendored_virtual_environment_do_not_execute	9117	2d508a08bb4da60e8816c92f0cc59a93da8b6e5e	yk-development-tools/.venv/Lib/site-packages/numpy/_core/tests/test_scalar_methods.py
vendored_virtual_environment_do_not_execute	5638	4d6b5bdd73fc0c781c2b027eaf2d034f7d148a5b	yk-development-tools/.venv/Lib/site-packages/numpy/_core/tests/test_scalarbuffer.py
vendored_virtual_environment_do_not_execute	2587	746a1574782a4709439bd047c92655dfb4d2fcb4	yk-development-tools/.venv/Lib/site-packages/numpy/_core/tests/test_scalarinherit.py
vendored_virtual_environment_do_not_execute	46583	fc37897bb7f7414fb2558cbbe031c14dd97fdf0a	yk-development-tools/.venv/Lib/site-packages/numpy/_core/tests/test_scalarmath.py
vendored_virtual_environment_do_not_execute	19705	38ed7780f2e65183dcc856f8b6e3dad466271bc2	yk-development-tools/.venv/Lib/site-packages/numpy/_core/tests/test_scalarprint.py
vendored_virtual_environment_do_not_execute	31536	8de24278fc5d40aff0e59c9246ca3556b7d852ee	yk-development-tools/.venv/Lib/site-packages/numpy/_core/tests/test_shape_base.py
vendored_virtual_environment_do_not_execute	48823	697d89bcc26ce6be98acfb9dfcc44690979c8e72	yk-development-tools/.venv/Lib/site-packages/numpy/_core/tests/test_simd.py
vendored_virtual_environment_do_not_execute	3904	dca83fd427b6503cc53a1168efd00c07cac9b4a4	yk-development-tools/.venv/Lib/site-packages/numpy/_core/tests/test_simd_module.py
vendored_virtual_environment_do_not_execute	57072	e8ddcea8b0a20135ddde42f5be07c40528874beb	yk-development-tools/.venv/Lib/site-packages/numpy/_core/tests/test_stringdtype.py
vendored_virtual_environment_do_not_execute	57959	e29151adfffe6c7494bee67734c8690603ff605e	yk-development-tools/.venv/Lib/site-packages/numpy/_core/tests/test_strings.py
vendored_virtual_environment_do_not_execute	136356	af22dcef2caf9eaabb10e9e81e0a668bcd7c08f2	yk-development-tools/.venv/Lib/site-packages/numpy/_core/tests/test_ufunc.py
vendored_virtual_environment_do_not_execute	193840	13e139de129b03339c2b98d7089849991dfba8cb	yk-development-tools/.venv/Lib/site-packages/numpy/_core/tests/test_umath.py
vendored_virtual_environment_do_not_execute	5478	5707e9279d5bb5117e49b271294ec2012c296d9e	yk-development-tools/.venv/Lib/site-packages/numpy/_core/tests/test_umath_accuracy.py
vendored_virtual_environment_do_not_execute	23627	a97af475def400ed63508fd629e533e7dfeaba98	yk-development-tools/.venv/Lib/site-packages/numpy/_core/tests/test_umath_complex.py
vendored_virtual_environment_do_not_execute	12967	9fdc55b0e3221e66cb65b72146a59a92f5d8cacf	yk-development-tools/.venv/Lib/site-packages/numpy/_core/tests/test_unicode.py
vendored_virtual_environment_do_not_execute	2130	94f97c05918799720f5e62bdf92816573101f948	yk-development-tools/.venv/Lib/site-packages/numpy/_core/umath.py
vendored_virtual_environment_do_not_execute	2643	d9f0d384cf6d6c7b0095317beb010daa7c256b2d	yk-development-tools/.venv/Lib/site-packages/numpy/_core/umath.pyi
vendored_virtual_environment_do_not_execute	421	f608036a2405528c0ddc4874b25b223dbe22c385	yk-development-tools/.venv/Lib/site-packages/numpy/_distributor_init.py
vendored_virtual_environment_do_not_execute	27	94456aba2bcfaf1166eeb81199dff4515c8b9474	yk-development-tools/.venv/Lib/site-packages/numpy/_distributor_init.pyi
vendored_virtual_environment_do_not_execute	3826	1397134e3f8cacb8dfb32683f8ddbcdcbd6d21f4	yk-development-tools/.venv/Lib/site-packages/numpy/_expired_attrs_2_0.py
vendored_virtual_environment_do_not_execute	1253	14524689c1c582601b4e1a6158001f65ac884fb3	yk-development-tools/.venv/Lib/site-packages/numpy/_expired_attrs_2_0.pyi
vendored_virtual_environment_do_not_execute	3091	5f838ba91544cfdadaf30287b39093a0484aa194	yk-development-tools/.venv/Lib/site-packages/numpy/_globals.py
vendored_virtual_environment_do_not_execute	280	b2231a9636b0863be24555734d66df6da3464ac4	yk-development-tools/.venv/Lib/site-packages/numpy/_globals.pyi
vendored_virtual_environment_do_not_execute	0	e69de29bb2d1d6434b8b29ae775ad8c2e48c5391	yk-development-tools/.venv/Lib/site-packages/numpy/_pyinstaller/__init__.py
vendored_virtual_environment_do_not_execute	0	e69de29bb2d1d6434b8b29ae775ad8c2e48c5391	yk-development-tools/.venv/Lib/site-packages/numpy/_pyinstaller/__init__.pyi
vendored_virtual_environment_do_not_execute	211	0da41be5e822ed1d4b13d0e358037b21f3ac6b6c	yk-development-tools/.venv/Lib/site-packages/numpy/_pyinstaller/__pycache__/__init__.cpython-312.pyc
vendored_virtual_environment_do_not_execute	954	38e69d17c5b4e184d4c1195997a00c019e791fef	yk-development-tools/.venv/Lib/site-packages/numpy/_pyinstaller/__pycache__/hook-numpy.cpython-312.pyc
vendored_virtual_environment_do_not_execute	1362	61c224b338104d47e6d1b888d0face3b874f5e34	yk-development-tools/.venv/Lib/site-packages/numpy/_pyinstaller/hook-numpy.py
vendored_virtual_environment_do_not_execute	349	2642996dad7e5f68b63d66ac59858ec0bc630fa9	yk-development-tools/.venv/Lib/site-packages/numpy/_pyinstaller/hook-numpy.pyi
vendored_virtual_environment_do_not_execute	329	4ed8fdd53f8c7e2651269830cedfee4173cd46d7	yk-development-tools/.venv/Lib/site-packages/numpy/_pyinstaller/tests/__init__.py
vendored_virtual_environment_do_not_execute	584	3a94d3419b49880ac29f514731d80aaed4585eab	yk-development-tools/.venv/Lib/site-packages/numpy/_pyinstaller/tests/__pycache__/__init__.cpython-312.pyc
vendored_virtual_environment_do_not_execute	2629	adec2506d60d4926bc20bbfb5cf38b8c8f06e063	yk-development-tools/.venv/Lib/site-packages/numpy/_pyinstaller/tests/__pycache__/pyinstaller-smoke.cpython-312.pyc
vendored_virtual_environment_do_not_execute	1979	57d2e1f5dce3f585bada9a25e69df0a611d2b2d0	yk-development-tools/.venv/Lib/site-packages/numpy/_pyinstaller/tests/__pycache__/test_pyinstaller.cpython-312.pyc
vendored_virtual_environment_do_not_execute	1143	eb28070e38baf80223fe0178ac0a7c0f5732a2c8	yk-development-tools/.venv/Lib/site-packages/numpy/_pyinstaller/tests/pyinstaller-smoke.py
vendored_virtual_environment_do_not_execute	1135	a9061da19b88c4243a3fd28bf05fd2986292d836	yk-development-tools/.venv/Lib/site-packages/numpy/_pyinstaller/tests/test_pyinstaller.py
vendored_virtual_environment_do_not_execute	6328	77342e44aea0251c513dd0ed7a8fb67b074e298f	yk-development-tools/.venv/Lib/site-packages/numpy/_pytesttester.py
vendored_virtual_environment_do_not_execute	497	a12abb1c1a105b624c9fbb580f2da6a10209bcac	yk-development-tools/.venv/Lib/site-packages/numpy/_pytesttester.pyi
vendored_virtual_environment_do_not_execute	7188	16a7eee66ebd82e01a20e5f685d871672a218195	yk-development-tools/.venv/Lib/site-packages/numpy/_typing/__init__.py
vendored_virtual_environment_do_not_execute	5129	10f87790354692372c172754d92469dbe1c7c6b2	yk-development-tools/.venv/Lib/site-packages/numpy/_typing/__pycache__/__init__.cpython-312.pyc
vendored_virtual_environment_do_not_execute	4809	9bf8cf54915546fc8e86c4b6f65636adc849695e	yk-development-tools/.venv/Lib/site-packages/numpy/_typing/__pycache__/_add_docstring.cpython-312.pyc
vendored_virtual_environment_do_not_execute	5818	1ce56897fe621f52133203ce98dff028a8b004cb	yk-development-tools/.venv/Lib/site-packages/numpy/_typing/__pycache__/_array_like.cpython-312.pyc
vendored_virtual_environment_do_not_execute	7091	307469ed5e301989b1b367ad782a2cc34d4e48aa	yk-development-tools/.venv/Lib/site-packages/numpy/_typing/__pycache__/_char_codes.cpython-312.pyc
vendored_virtual_environment_do_not_execute	3935	23fddab985ad39c1e41f6f1d1a325d2a79d64966	yk-development-tools/.venv/Lib/site-packages/numpy/_typing/__pycache__/_dtype_like.cpython-312.pyc
vendored_virtual_environment_do_not_execute	800	db0685d08b935be182213821a2fd9cad2fe0cb6b	yk-development-tools/.venv/Lib/site-packages/numpy/_typing/__pycache__/_extended_precision.cpython-312.pyc
vendored_virtual_environment_do_not_execute	982	c45b38064901b4f49f0ae56cebaa5d910092583e	yk-development-tools/.venv/Lib/site-packages/numpy/_typing/__pycache__/_nbit.cpython-312.pyc
vendored_virtual_environment_do_not_execute	3892	1dc8701d6718267d171248cf4437ee3ab9b5819d	yk-development-tools/.venv/Lib/site-packages/numpy/_typing/__pycache__/_nbit_base.cpython-312.pyc
vendored_virtual_environment_do_not_execute	3427	0d916ebc00074316fb81d49c9fb0497dff5a739d	yk-development-tools/.venv/Lib/site-packages/numpy/_typing/__pycache__/_nested_sequence.cpython-312.pyc
vendored_virtual_environment_do_not_execute	1442	677f99f377552712e414f954e2307b602fa10683	yk-development-tools/.venv/Lib/site-packages/numpy/_typing/__pycache__/_scalars.cpython-312.pyc
vendored_virtual_environment_do_not_execute	547	8ea8bc614db392db8c8ab3d7b9d096011cddf1f1	yk-development-tools/.venv/Lib/site-packages/numpy/_typing/__pycache__/_shape.cpython-312.pyc
vendored_virtual_environment_do_not_execute	388	dcfc5e5e94aae8416cab74f3cbf515a8a81cc3a5	yk-development-tools/.venv/Lib/site-packages/numpy/_typing/__pycache__/_ufunc.cpython-312.pyc
vendored_virtual_environment_do_not_execute	3999	5330a6b3b7159ba528602a624702975b6827feab	yk-development-tools/.venv/Lib/site-packages/numpy/_typing/_add_docstring.py
vendored_virtual_environment_do_not_execute	4188	6b071f4a031999c6a61edc9a35e082ad8be2ff76	yk-development-tools/.venv/Lib/site-packages/numpy/_typing/_array_like.py
vendored_virtual_environment_do_not_execute	9139	647d1a5afb5654ac0cd199e93a6ec80a5208a453	yk-development-tools/.venv/Lib/site-packages/numpy/_typing/_callable.pyi
vendored_virtual_environment_do_not_execute	8764	7b6fad228d56400556fc13371ace114c056b3ed8	yk-development-tools/.venv/Lib/site-packages/numpy/_typing/_char_codes.py
vendored_virtual_environment_do_not_execute	3762	c406b309838439dea88bbd29d5a39069dcd9c562	yk-development-tools/.venv/Lib/site-packages/numpy/_typing/_dtype_like.py
vendored_virtual_environment_do_not_execute	434	c707e726af7e55c6e8021394fe549d818bdb17ff	yk-development-tools/.venv/Lib/site-packages/numpy/_typing/_extended_precision.py
vendored_virtual_environment_do_not_execute	632	60bce3245c7a80870d920a6b5ed0f80996d15c2a	yk-development-tools/.venv/Lib/site-packages/numpy/_typing/_nbit.py
vendored_virtual_environment_do_not_execute	3058	28d3e63c176930cf6b84f91b0bc119b431b6e126	yk-development-tools/.venv/Lib/site-packages/numpy/_typing/_nbit_base.py
vendored_virtual_environment_do_not_execute	740	ccf8f5ceac454af48b7ec38d5f866f5038475c9d	yk-development-tools/.venv/Lib/site-packages/numpy/_typing/_nbit_base.pyi
vendored_virtual_environment_do_not_execute	2505	e3362a9f21fe4419e41ee6058703d3a1346e5e68	yk-development-tools/.venv/Lib/site-packages/numpy/_typing/_nested_sequence.py
vendored_virtual_environment_do_not_execute	944	b0de66d89aa18870be121b7528db52ee80655adc	yk-development-tools/.venv/Lib/site-packages/numpy/_typing/_scalars.py
vendored_virtual_environment_do_not_execute	275	e297aef2f554444333f49fba79ef2f18d0530323	yk-development-tools/.venv/Lib/site-packages/numpy/_typing/_shape.py
vendored_virtual_environment_do_not_execute	156	db52a1fdb318b62b789d0e998c4ad5fea6a28c74	yk-development-tools/.venv/Lib/site-packages/numpy/_typing/_ufunc.py
vendored_virtual_environment_do_not_execute	26575	766cde1ad420ac80e60b3ddb18579566ac17496d	yk-development-tools/.venv/Lib/site-packages/numpy/_typing/_ufunc.pyi
vendored_virtual_environment_do_not_execute	3477	84ee99db1be8a4c1654be2a9069b03e4e7c10738	yk-development-tools/.venv/Lib/site-packages/numpy/_utils/__init__.py
vendored_virtual_environment_do_not_execute	726	f3472df9a554ea072606e2c50e4d85fe5c5876a6	yk-development-tools/.venv/Lib/site-packages/numpy/_utils/__init__.pyi
vendored_virtual_environment_do_not_execute	4194	b4eb797170107faad5a8d80608473d68afa281bf	yk-development-tools/.venv/Lib/site-packages/numpy/_utils/__pycache__/__init__.cpython-312.pyc
vendored_virtual_environment_do_not_execute	852	d2782318e5ed9e55624a7b3ec9ac45b1c2116a46	yk-development-tools/.venv/Lib/site-packages/numpy/_utils/__pycache__/_convertions.cpython-312.pyc
vendored_virtual_environment_do_not_execute	9430	04b45ef0e8b8209adcca09c7989ddce9242d07ad	yk-development-tools/.venv/Lib/site-packages/numpy/_utils/__pycache__/_inspect.cpython-312.pyc
vendored_virtual_environment_do_not_execute	18760	32c4e54f202d571fb679e419b8b35300abcee76e	yk-development-tools/.venv/Lib/site-packages/numpy/_utils/__pycache__/_pep440.cpython-312.pyc
vendored_virtual_environment_do_not_execute	329	ab15a8ba019f1b6a40ac3f562897fa4581323efc	yk-development-tools/.venv/Lib/site-packages/numpy/_utils/_convertions.py
vendored_virtual_environment_do_not_execute	118	6cc599acc94f97f026c3f81a538c3d1766d450d3	yk-development-tools/.venv/Lib/site-packages/numpy/_utils/_convertions.pyi
vendored_virtual_environment_do_not_execute	7436	b499f5837b08a35bd7b158be87364222e8de0e03	yk-development-tools/.venv/Lib/site-packages/numpy/_utils/_inspect.py
vendored_virtual_environment_do_not_execute	2255	d53c3c40fcf5d3af1bb7cca30952f3cee4e09d67	yk-development-tools/.venv/Lib/site-packages/numpy/_utils/_inspect.pyi
vendored_virtual_environment_do_not_execute	13988	035a0695e5ee8ceab6f3c6fde0a0232afb9b8bd7	yk-development-tools/.venv/Lib/site-packages/numpy/_utils/_pep440.py
vendored_virtual_environment_do_not_execute	3870	29dd4c912aa99760858a30718256f5bf4b02955a	yk-development-tools/.venv/Lib/site-packages/numpy/_utils/_pep440.pyi
vendored_virtual_environment_do_not_execute	93	d98d38c1d6af348e636c9d56925861bfd5ec5302	yk-development-tools/.venv/Lib/site-packages/numpy/char/__init__.py
vendored_virtual_environment_do_not_execute	1540	e151f20e5f386159aa1c35a4b83ad3715f14d641	yk-development-tools/.venv/Lib/site-packages/numpy/char/__init__.pyi
vendored_virtual_environment_do_not_execute	301	0ae15be524570bf161194919dc1f785790a86e03	yk-development-tools/.venv/Lib/site-packages/numpy/char/__pycache__/__init__.cpython-312.pyc
vendored_virtual_environment_do_not_execute	8577	fde4defc926dd344b23221b10c536e6612108715	yk-development-tools/.venv/Lib/site-packages/numpy/conftest.py
vendored_virtual_environment_do_not_execute	1290	cfd96ede6895b7057c8df4031b08be6707682472	yk-development-tools/.venv/Lib/site-packages/numpy/core/__init__.py
vendored_virtual_environment_do_not_execute	0	e69de29bb2d1d6434b8b29ae775ad8c2e48c5391	yk-development-tools/.venv/Lib/site-packages/numpy/core/__init__.pyi
vendored_virtual_environment_do_not_execute	1179	9f6107446c2a865b47729aa16fa944f9df1a293b	yk-development-tools/.venv/Lib/site-packages/numpy/core/__pycache__/__init__.cpython-312.pyc
vendored_virtual_environment_do_not_execute	637	bda731e57b48c20be47f60ff6721002dda7c9b0b	yk-development-tools/.venv/Lib/site-packages/numpy/core/__pycache__/_dtype.cpython-312.pyc
vendored_virtual_environment_do_not_execute	658	5867a97dd24afac4419fd050aed655d2fc85aaf7	yk-development-tools/.venv/Lib/site-packages/numpy/core/__pycache__/_dtype_ctypes.cpython-312.pyc
vendored_virtual_environment_do_not_execute	977	680ac678db2272e1ba28dc2f7d52b31ccef18a1c	yk-development-tools/.venv/Lib/site-packages/numpy/core/__pycache__/_internal.cpython-312.pyc
vendored_virtual_environment_do_not_execute	2131	65330135f5a69d49c53298dc14b153c128c3721f	yk-development-tools/.venv/Lib/site-packages/numpy/core/__pycache__/_multiarray_umath.cpython-312.pyc
vendored_virtual_environment_do_not_execute	1191	e5cb94bc727a39d8ca099832b461fa5c1f89d94e	yk-development-tools/.venv/Lib/site-packages/numpy/core/__pycache__/_utils.cpython-312.pyc
vendored_virtual_environment_do_not_execute	649	fbf62e205674871f02c02db2cf919e0719e896ef	yk-development-tools/.venv/Lib/site-packages/numpy/core/__pycache__/arrayprint.cpython-312.pyc
vendored_virtual_environment_do_not_execute	655	16dfa88d49e7c648a6bffee831ef80bb629d7529	yk-development-tools/.venv/Lib/site-packages/numpy/core/__pycache__/defchararray.cpython-312.pyc
vendored_virtual_environment_do_not_execute	649	ebc8eef8bc5bc96df85939d8c7f78ff482e4841b	yk-development-tools/.venv/Lib/site-packages/numpy/core/__pycache__/einsumfunc.cpython-312.pyc
vendored_virtual_environment_do_not_execute	652	400a124385cec746e283e1464d7efa06bc78efd7	yk-development-tools/.venv/Lib/site-packages/numpy/core/__pycache__/fromnumeric.cpython-312.pyc
vendored_virtual_environment_do_not_execute	658	fe8519023e4fb12198634e581be2f51205a52609	yk-development-tools/.venv/Lib/site-packages/numpy/core/__pycache__/function_base.cpython-312.pyc
vendored_virtual_environment_do_not_execute	646	3ec0843f53be69f57613732e1f3cc3e0f7286da7	yk-development-tools/.venv/Lib/site-packages/numpy/core/__pycache__/getlimits.cpython-312.pyc
vendored_virtual_environment_do_not_execute	862	8e860b26c9d48236673b5a5ae35e62cdb24e6acc	yk-development-tools/.venv/Lib/site-packages/numpy/core/__pycache__/multiarray.cpython-312.pyc
vendored_virtual_environment_do_not_execute	692	17189fd486e9447d06b81379cd2bc0c97bcaeda8	yk-development-tools/.venv/Lib/site-packages/numpy/core/__pycache__/numeric.cpython-312.pyc
vendored_virtual_environment_do_not_execute	655	2b66f50d35451c70aebaef149b4ce5ba715ddd60	yk-development-tools/.venv/Lib/site-packages/numpy/core/__pycache__/numerictypes.cpython-312.pyc
vendored_virtual_environment_do_not_execute	646	0155b6d9b8a7cf7945e12545955fbe666165a338	yk-development-tools/.venv/Lib/site-packages/numpy/core/__pycache__/overrides.cpython-312.pyc
vendored_virtual_environment_do_not_execute	640	81302ee1723138b582197fd5f58e3a362a0737e6	yk-development-tools/.venv/Lib/site-packages/numpy/core/__pycache__/records.cpython-312.pyc
vendored_virtual_environment_do_not_execute	649	f763299408a461337efeff4327bf6655a8171c14	yk-development-tools/.venv/Lib/site-packages/numpy/core/__pycache__/shape_base.cpython-312.pyc
vendored_virtual_environment_do_not_execute	634	df670e3b34ed11a4a9ecacf961711defc77c4bfe	yk-development-tools/.venv/Lib/site-packages/numpy/core/__pycache__/umath.cpython-312.pyc
vendored_virtual_environment_do_not_execute	323	5446079097bcd13a9ad0def04c15d07c6f06ad36	yk-development-tools/.venv/Lib/site-packages/numpy/core/_dtype.py
vendored_virtual_environment_do_not_execute	0	e69de29bb2d1d6434b8b29ae775ad8c2e48c5391	yk-development-tools/.venv/Lib/site-packages/numpy/core/_dtype.pyi
vendored_virtual_environment_do_not_execute	351	10cfba25ec6a19a66d1bf4c70129c7576516a743	yk-development-tools/.venv/Lib/site-packages/numpy/core/_dtype_ctypes.py
vendored_virtual_environment_do_not_execute	0	e69de29bb2d1d6434b8b29ae775ad8c2e48c5391	yk-development-tools/.venv/Lib/site-packages/numpy/core/_dtype_ctypes.pyi
vendored_virtual_environment_do_not_execute	949	63a6ccc75ef7f1d3b099c1c31f9ae65f79652d56	yk-development-tools/.venv/Lib/site-packages/numpy/core/_internal.py
vendored_virtual_environment_do_not_execute	2098	c1e6b4e8c932d28e62ad46e766990075071fa3dd	yk-development-tools/.venv/Lib/site-packages/numpy/core/_multiarray_umath.py
vendored_virtual_environment_do_not_execute	923	5f47f4ba46f8c503803518e15be255f7fea26cb5	yk-development-tools/.venv/Lib/site-packages/numpy/core/_utils.py
vendored_virtual_environment_do_not_execute	339	8be5c5c7cf770ae6fb342f62ad77fa6e19f6b486	yk-development-tools/.venv/Lib/site-packages/numpy/core/arrayprint.py
vendored_virtual_environment_do_not_execute	347	1c8706875e1c108f893b77c94c3c4e55007e406f	yk-development-tools/.venv/Lib/site-packages/numpy/core/defchararray.py
vendored_virtual_environment_do_not_execute	339	fe5aa399fd1763277add91a41564ad1569b962d7	yk-development-tools/.venv/Lib/site-packages/numpy/core/einsumfunc.py
vendored_virtual_environment_do_not_execute	343	fae7a0399f1068c981efac8a89cd241e6745bc4b	yk-development-tools/.venv/Lib/site-packages/numpy/core/fromnumeric.py
vendored_virtual_environment_do_not_execute	351	e15c9714167c3121a81e1fa33b4ec441120280b7	yk-development-tools/.venv/Lib/site-packages/numpy/core/function_base.py
vendored_virtual_environment_do_not_execute	335	dc009cbd961a2dcfa4317abb44fcb9dc5f568e15	yk-development-tools/.venv/Lib/site-packages/numpy/core/getlimits.py
vendored_virtual_environment_do_not_execute	793	b226709426fceeec63c571369a7dde78b8643052	yk-development-tools/.venv/Lib/site-packages/numpy/core/multiarray.py
vendored_virtual_environment_do_not_execute	360	ddd70b363acc18fe1dddbf3217b5d29cff5fb307	yk-development-tools/.venv/Lib/site-packages/numpy/core/numeric.py
vendored_virtual_environment_do_not_execute	347	cf2ad99f911b7d436eac7dacd136b35ce08736e3	yk-development-tools/.venv/Lib/site-packages/numpy/core/numerictypes.py
vendored_virtual_environment_do_not_execute	335	17830ed41021f3420f04797b0f4347c74987d159	yk-development-tools/.venv/Lib/site-packages/numpy/core/overrides.py
vendored_virtual_environment_do_not_execute	525	fab3512626f86841897fb903fdef84fa32366db7	yk-development-tools/.venv/Lib/site-packages/numpy/core/overrides.pyi
vendored_virtual_environment_do_not_execute	327	0cc45037d22dae8ec764cf15b44b10eb07d1145f	yk-development-tools/.venv/Lib/site-packages/numpy/core/records.py
vendored_virtual_environment_do_not_execute	339	9cffce705908fe840ccfc54ce7b347a0d1532689	yk-development-tools/.venv/Lib/site-packages/numpy/core/shape_base.py
vendored_virtual_environment_do_not_execute	319	25a60cc9dc62bb43eb2b3b427b08aea6ed08aa1a	yk-development-tools/.venv/Lib/site-packages/numpy/core/umath.py
vendored_virtual_environment_do_not_execute	193	fd3c773e43bb0db27e565710237b653ddf5582b7	yk-development-tools/.venv/Lib/site-packages/numpy/ctypeslib/__init__.py
vendored_virtual_environment_do_not_execute	619	adc51da2696ca135ec78f26c8b02b91515cb163e	yk-development-tools/.venv/Lib/site-packages/numpy/ctypeslib/__init__.pyi
vendored_virtual_environment_do_not_execute	472	a24c9b5d3ceebfa790d0da885c17b75d9285594b	yk-development-tools/.venv/Lib/site-packages/numpy/ctypeslib/__pycache__/__init__.cpython-312.pyc
vendored_virtual_environment_do_not_execute	22388	2a4e3727ba89ba6ef5ee628b3e0b0ec0b70115bb	yk-development-tools/.venv/Lib/site-packages/numpy/ctypeslib/__pycache__/_ctypeslib.cpython-312.pyc
vendored_virtual_environment_do_not_execute	19079	9255603cd5d0a27f8aaa5f3d44cb1397eba7d5ce	yk-development-tools/.venv/Lib/site-packages/numpy/ctypeslib/_ctypeslib.py
vendored_virtual_environment_do_not_execute	8084	e26d6052eaae09388e9f734c33d342747b0d494f	yk-development-tools/.venv/Lib/site-packages/numpy/ctypeslib/_ctypeslib.pyi
vendored_virtual_environment_do_not_execute	5626	7026ba9971ec357b7fceafbed00a75ea2507b93a	yk-development-tools/.venv/Lib/site-packages/numpy/doc/__pycache__/ufuncs.cpython-312.pyc
vendored_virtual_environment_do_not_execute	5414	7324168e1dc80c3452b170fec2060cddb040d54c	yk-development-tools/.venv/Lib/site-packages/numpy/doc/ufuncs.py
vendored_virtual_environment_do_not_execute	1312	550a29e18f292e65600108804636b833c75d1be4	yk-development-tools/.venv/Lib/site-packages/numpy/dtypes.py
vendored_virtual_environment_do_not_execute	15544	007dc643c0e308a43e6085a4e4cc0ded24f49fba	yk-development-tools/.venv/Lib/site-packages/numpy/dtypes.pyi
vendored_virtual_environment_do_not_execute	7800	0e8688ae9eba0ff3f623e631c47e07c988679ca8	yk-development-tools/.venv/Lib/site-packages/numpy/exceptions.py
vendored_virtual_environment_do_not_execute	751	9ed50927d0702e63135c4bba42b5deaf50cbc532	yk-development-tools/.venv/Lib/site-packages/numpy/exceptions.pyi
vendored_virtual_environment_do_not_execute	2448	e34dd99aec1c84ed81dff91570356620eedfbff6	yk-development-tools/.venv/Lib/site-packages/numpy/f2py/__init__.py
vendored_virtual_environment_do_not_execute	132	d12f47e80a7d3b98717341f4fea3513924cc7b2e	yk-development-tools/.venv/Lib/site-packages/numpy/f2py/__init__.pyi
vendored_virtual_environment_do_not_execute	130	936a753a2796896667aa782277be41b40af061d3	yk-development-tools/.venv/Lib/site-packages/numpy/f2py/__main__.py
vendored_virtual_environment_do_not_execute	3150	5b025a219d51582444b75543164cd8aa6b5db1a4	yk-development-tools/.venv/Lib/site-packages/numpy/f2py/__pycache__/__init__.cpython-312.pyc
vendored_virtual_environment_do_not_execute	273	95af7fce0faf096bec284b7751eed4afdca84e9c	yk-development-tools/.venv/Lib/site-packages/numpy/f2py/__pycache__/__main__.cpython-312.pyc
vendored_virtual_environment_do_not_execute	254	bd26cf96edcbcf951f3bac59d7f59ce354dd7379	yk-development-tools/.venv/Lib/site-packages/numpy/f2py/__pycache__/__version__.cpython-312.pyc
vendored_virtual_environment_do_not_execute	1910	11a51d1fe80fbb7c91189dab20e504f6904a5531	yk-development-tools/.venv/Lib/site-packages/numpy/f2py/__pycache__/_isocbind.cpython-312.pyc
vendored_virtual_environment_do_not_execute	9014	9716c1564d4cb147db0e41c28006705b57bdc501	yk-development-tools/.venv/Lib/site-packages/numpy/f2py/__pycache__/_src_pyf.cpython-312.pyc
vendored_virtual_environment_do_not_execute	39023	8ba9ed3018d35a881f157a870ca38a2462804564	yk-development-tools/.venv/Lib/site-packages/numpy/f2py/__pycache__/auxfuncs.cpython-312.pyc
vendored_virtual_environment_do_not_execute	31052	859885b2ac2bd9245dec537bec85d73d92248021	yk-development-tools/.venv/Lib/site-packages/numpy/f2py/__pycache__/capi_maps.cpython-312.pyc
vendored_virtual_environment_do_not_execute	22463	1c76cab967b4a86e44f81e47ea961101964c8804	yk-development-tools/.venv/Lib/site-packages/numpy/f2py/__pycache__/cb_rules.cpython-312.pyc
vendored_virtual_environment_do_not_execute	48980	d8ebaf0ac51a9a4cdb45b427bbcd41ee9f02c91d	yk-development-tools/.venv/Lib/site-packages/numpy/f2py/__pycache__/cfuncs.cpython-312.pyc
vendored_virtual_environment_do_not_execute	7369	448d17f4f1383dda4216392a76ce16f03d0ae641	yk-development-tools/.venv/Lib/site-packages/numpy/f2py/__pycache__/common_rules.cpython-312.pyc
vendored_virtual_environment_do_not_execute	149893	7a73dcb6ed9ab5392c960a9b3c22195395d4fd1c	yk-development-tools/.venv/Lib/site-packages/numpy/f2py/__pycache__/crackfortran.cpython-312.pyc
vendored_virtual_environment_do_not_execute	6601	a780677ccd943d8aae2e91789cc2846fb26d0a69	yk-development-tools/.venv/Lib/site-packages/numpy/f2py/__pycache__/diagnose.cpython-312.pyc
vendored_virtual_environment_do_not_execute	34061	6609ca086a47f5a0a651c1de8570d8f48df01a02	yk-development-tools/.venv/Lib/site-packages/numpy/f2py/__pycache__/f2py2e.cpython-312.pyc
vendored_virtual_environment_do_not_execute	12328	39ed19d91322153168aab6cadc2510af5540a6e4	yk-development-tools/.venv/Lib/site-packages/numpy/f2py/__pycache__/f90mod_rules.cpython-312.pyc
vendored_virtual_environment_do_not_execute	11543	50c45734b97a74be15b8d97a281ef63b17fa3172	yk-development-tools/.venv/Lib/site-packages/numpy/f2py/__pycache__/func2subr.cpython-312.pyc
vendored_virtual_environment_do_not_execute	52661	f5ee6dc22762704971e47acd31493e2f37660f27	yk-development-tools/.venv/Lib/site-packages/numpy/f2py/__pycache__/rules.cpython-312.pyc
vendored_virtual_environment_do_not_execute	78958	011f2f2cf4822b7057562783fed3d7482f44e6cc	yk-development-tools/.venv/Lib/site-packages/numpy/f2py/__pycache__/symbolic.cpython-312.pyc
vendored_virtual_environment_do_not_execute	4251	2935770a32c774d8ba0b7f4bb62ce131ccea81ba	yk-development-tools/.venv/Lib/site-packages/numpy/f2py/__pycache__/use_rules.cpython-312.pyc
vendored_virtual_environment_do_not_execute	48	8d12d955a2f27a786150c3dcfc7092c663be12ea	yk-development-tools/.venv/Lib/site-packages/numpy/f2py/__version__.py
vendored_virtual_environment_do_not_execute	45	85b422529d380b39a2e985d4650f3cfcec880af4	yk-development-tools/.venv/Lib/site-packages/numpy/f2py/__version__.pyi
vendored_virtual_environment_do_not_execute	299	e91393c14be39b20d5e94e262e91a05052681318	yk-development-tools/.venv/Lib/site-packages/numpy/f2py/_backends/__init__.py
vendored_virtual_environment_do_not_execute	136	43625c68061f830942206a484be2607c3e983be4	yk-development-tools/.venv/Lib/site-packages/numpy/f2py/_backends/__init__.pyi
vendored_virtual_environment_do_not_execute	585	af56f4149d00d0eb5893973dbe63557df79e782e	yk-development-tools/.venv/Lib/site-packages/numpy/f2py/_backends/__pycache__/__init__.cpython-312.pyc
vendored_virtual_environment_do_not_execute	1392	63b91173a8fc62606e80cfdb36d0c508da7503c2	yk-development-tools/.venv/Lib/site-packages/numpy/f2py/_backends/__pycache__/_backend.cpython-312.pyc
vendored_virtual_environment_do_not_execute	3571	fdec335e35713808adeb459d5be57920804bb227	yk-development-tools/.venv/Lib/site-packages/numpy/f2py/_backends/__pycache__/_distutils.cpython-312.pyc
vendored_virtual_environment_do_not_execute	13429	569bb2002283fe86fcd623963e25dda3284ceaf5	yk-development-tools/.venv/Lib/site-packages/numpy/f2py/_backends/__pycache__/_meson.cpython-312.pyc
vendored_virtual_environment_do_not_execute	1151	5dda4004375e14132c49b6ce6cd3df7cbe57490e	yk-development-tools/.venv/Lib/site-packages/numpy/f2py/_backends/_backend.py
vendored_virtual_environment_do_not_execute	1342	ed24519ab914cf32d80ae4972ee1f152502c252c	yk-development-tools/.venv/Lib/site-packages/numpy/f2py/_backends/_backend.pyi
vendored_virtual_environment_do_not_execute	2385	5c8f1092b56836b9146fc13fade8b7ed03948ca0	yk-development-tools/.venv/Lib/site-packages/numpy/f2py/_backends/_distutils.py
vendored_virtual_environment_do_not_execute	463	56bbf7e5b49a7a770c566dbf9ade5648d5fac9ce	yk-development-tools/.venv/Lib/site-packages/numpy/f2py/_backends/_distutils.pyi
vendored_virtual_environment_do_not_execute	8107	cbd9b0e32729858cbf2f7ea1f835cafad17967a5	yk-development-tools/.venv/Lib/site-packages/numpy/f2py/_backends/_meson.py
vendored_virtual_environment_do_not_execute	1869	b9f95953721491d81128816a9d516930426b6bde	yk-development-tools/.venv/Lib/site-packages/numpy/f2py/_backends/_meson.pyi
vendored_virtual_environment_do_not_execute	1599	fdcc1b17ce2118543266526c129d3a0a718eae63	yk-development-tools/.venv/Lib/site-packages/numpy/f2py/_backends/meson.build.template
vendored_virtual_environment_do_not_execute	2360	3043c5d9163f7101d165ca08e33adf0970547612	yk-development-tools/.venv/Lib/site-packages/numpy/f2py/_isocbind.py
vendored_virtual_environment_do_not_execute	339	b972f560395613abee4680bb49edf4d1ea8cc810	yk-development-tools/.venv/Lib/site-packages/numpy/f2py/_isocbind.pyi
vendored_virtual_environment_do_not_execute	7695	b5c424f993343e3c0fc6526ca0ed36beb420a30b	yk-development-tools/.venv/Lib/site-packages/numpy/f2py/_src_pyf.py
vendored_virtual_environment_do_not_execute	1012	f5aecbf1decdb5e36f6d3961e5765269bd810084	yk-development-tools/.venv/Lib/site-packages/numpy/f2py/_src_pyf.pyi
vendored_virtual_environment_do_not_execute	26920	a5af31d976ec39083556491f83c0828b3658ca69	yk-development-tools/.venv/Lib/site-packages/numpy/f2py/auxfuncs.py
vendored_virtual_environment_do_not_execute	8011	f2ff09faf33b65e7e35a2fa9f0e63fd75ceebb95	yk-development-tools/.venv/Lib/site-packages/numpy/f2py/auxfuncs.pyi
vendored_virtual_environment_do_not_execute	30079	290ac2f467ada6bfb1468e507d915b8242ae53f6	yk-development-tools/.venv/Lib/site-packages/numpy/f2py/capi_maps.py
vendored_virtual_environment_do_not_execute	1066	9266003658a0f86ea0163cfc1a91ddfd357267e7	yk-development-tools/.venv/Lib/site-packages/numpy/f2py/capi_maps.pyi
vendored_virtual_environment_do_not_execute	25051	238d473113e0a27a4bcf28098248ac36ff7f54b3	yk-development-tools/.venv/Lib/site-packages/numpy/f2py/cb_rules.py
vendored_virtual_environment_do_not_execute	495	b22f5448aaaff5e9cf31a688f9520b7ce7cb79bb	yk-development-tools/.venv/Lib/site-packages/numpy/f2py/cb_rules.pyi
vendored_virtual_environment_do_not_execute	52660	b2b1cad3d8671fb6a18c09eddfddc773c8a2bcf8	yk-development-tools/.venv/Lib/site-packages/numpy/f2py/cfuncs.py
vendored_virtual_environment_do_not_execute	802	5887177752c35cd521a358acd23036ddd2f891fc	yk-development-tools/.venv/Lib/site-packages/numpy/f2py/cfuncs.pyi
vendored_virtual_environment_do_not_execute	5030	cef757b6c5a318b18514ce6a0d68504c46699db2	yk-development-tools/.venv/Lib/site-packages/numpy/f2py/common_rules.py
vendored_virtual_environment_do_not_execute	323	d840de0005d6fbb678bbbf0071c653925774d0e5	yk-development-tools/.venv/Lib/site-packages/numpy/f2py/common_rules.pyi
vendored_virtual_environment_do_not_execute	146879	22d804389ad4186aa6d50da593f28d2ccdb8b62c	yk-development-tools/.venv/Lib/site-packages/numpy/f2py/crackfortran.py
vendored_virtual_environment_do_not_execute	10276	6b08f8784f01cf7aafa0c95c7bd5e7081aae3f45	yk-development-tools/.venv/Lib/site-packages/numpy/f2py/crackfortran.pyi
vendored_virtual_environment_do_not_execute	5075	7eb1697cc787d08811542bc2211a983261488def	yk-development-tools/.venv/Lib/site-packages/numpy/f2py/diagnose.py
vendored_virtual_environment_do_not_execute	23	b88194ac6bff53146d36d78541a59b658050ec51	yk-development-tools/.venv/Lib/site-packages/numpy/f2py/diagnose.pyi
vendored_virtual_environment_do_not_execute	28763	459299f8e127ee5b4b62eac8f1c14d8e451cc9ed	yk-development-tools/.venv/Lib/site-packages/numpy/f2py/f2py2e.py
vendored_virtual_environment_do_not_execute	2153	dd1d0c39e8a5a013547544fbae914f97d6d564f1	yk-development-tools/.venv/Lib/site-packages/numpy/f2py/f2py2e.pyi
vendored_virtual_environment_do_not_execute	9810	d13a42a9d71f5bb7d1e8975079f364e354b9da38	yk-development-tools/.venv/Lib/site-packages/numpy/f2py/f90mod_rules.py
vendored_virtual_environment_do_not_execute	451	4df004eef8562105d6b033a6a4ebd4b9c524e363	yk-development-tools/.venv/Lib/site-packages/numpy/f2py/f90mod_rules.pyi
vendored_virtual_environment_do_not_execute	10049	0a875006ed75e2e73f3ddcbf13284797935ef1cc	yk-development-tools/.venv/Lib/site-packages/numpy/f2py/func2subr.py
vendored_virtual_environment_do_not_execute	386	8d2b3dbaa1b9be615454124747379128137f33af	yk-development-tools/.venv/Lib/site-packages/numpy/f2py/func2subr.pyi
vendored_virtual_environment_do_not_execute	63091	667ef287f92b948f1b2654490ffd2f40ef4becf4	yk-development-tools/.venv/Lib/site-packages/numpy/f2py/rules.py
vendored_virtual_environment_do_not_execute	1326	aa91e942698a242dbbe2768ac7903ca6397d683b	yk-development-tools/.venv/Lib/site-packages/numpy/f2py/rules.pyi
vendored_virtual_environment_do_not_execute	48	14669544cc9ec345373bf5f719e321348fc96a40	yk-development-tools/.venv/Lib/site-packages/numpy/f2py/setup.cfg
vendored_virtual_environment_do_not_execute	46356	5c2b4bdf0931516d25a4bd1bb967c2a5ac81d7c6	yk-development-tools/.venv/Lib/site-packages/numpy/f2py/src/fortranobject.c
vendored_virtual_environment_do_not_execute	5823	4aed2f60891b9e9ea2c16373b5959b0a346e7470	yk-development-tools/.venv/Lib/site-packages/numpy/f2py/src/fortranobject.h
vendored_virtual_environment_do_not_execute	53214	11645172fe3038c193034e2649ad5a09fff5df12	yk-development-tools/.venv/Lib/site-packages/numpy/f2py/symbolic.py
vendored_virtual_environment_do_not_execute	6083	74e7a48ab3273258cd70a07c027e91673f80b565	yk-development-tools/.venv/Lib/site-packages/numpy/f2py/symbolic.pyi
vendored_virtual_environment_do_not_execute	329	4ed8fdd53f8c7e2651269830cedfee4173cd46d7	yk-development-tools/.venv/Lib/site-packages/numpy/f2py/tests/__init__.py
vendored_virtual_environment_do_not_execute	576	6825f98a6918623f362edef917ef1ab4c42dd5f4	yk-development-tools/.venv/Lib/site-packages/numpy/f2py/tests/__pycache__/__init__.cpython-312.pyc
vendored_virtual_environment_do_not_execute	1951	31110957545ee9d4900ae435bd64a622ff2e762a	yk-development-tools/.venv/Lib/site-packages/numpy/f2py/tests/__pycache__/test_abstract_interface.cpython-312.pyc
vendored_virtual_environment_do_not_execute	42774	58cf2d919e04f906c29814b253f1a46499b37b1a	yk-development-tools/.venv/Lib/site-packages/numpy/f2py/tests/__pycache__/test_array_from_pyobj.cpython-312.pyc
vendored_virtual_environment_do_not_execute	3336	1c24bda9ab23feff5cd99f34e9b2d3f8d84ca71d	yk-development-tools/.venv/Lib/site-packages/numpy/f2py/tests/__pycache__/test_assumed_shape.cpython-312.pyc
vendored_virtual_environment_do_not_execute	1484	7ec599fa8c0a545ebbe1066336e175599c786813	yk-development-tools/.venv/Lib/site-packages/numpy/f2py/tests/__pycache__/test_block_docstring.cpython-312.pyc
vendored_virtual_environment_do_not_execute	14741	4fd280c99f5418e69bb4fe091692147ee5d07f53	yk-development-tools/.venv/Lib/site-packages/numpy/f2py/tests/__pycache__/test_callback.cpython-312.pyc
vendored_virtual_environment_do_not_execute	35662	8280adee79854578aecf517dc6354d4c45aaa5bf	yk-development-tools/.venv/Lib/site-packages/numpy/f2py/tests/__pycache__/test_character.cpython-312.pyc
vendored_virtual_environment_do_not_execute	2130	965896e43b5da8f27cf1ad9c7aafaab8866635dd	yk-development-tools/.venv/Lib/site-packages/numpy/f2py/tests/__pycache__/test_common.cpython-312.pyc
vendored_virtual_environment_do_not_execute	25577	309c8c4c6cc4a3add30c0c3f33674baad34ff999	yk-development-tools/.venv/Lib/site-packages/numpy/f2py/tests/__pycache__/test_crackfortran.cpython-312.pyc
vendored_virtual_environment_do_not_execute	6775	51f26e57ec0b47eecadc72454fda83a4ecff38b2	yk-development-tools/.venv/Lib/site-packages/numpy/f2py/tests/__pycache__/test_data.cpython-312.pyc
vendored_virtual_environment_do_not_execute	3567	138c412109a5039614408e9ace5578d6cbb4e38a	yk-development-tools/.venv/Lib/site-packages/numpy/f2py/tests/__pycache__/test_docs.cpython-312.pyc
vendored_virtual_environment_do_not_execute	1034	bf1c7d028564ac3c00ca9c8f2bd8d8d190dea410	yk-development-tools/.venv/Lib/site-packages/numpy/f2py/tests/__pycache__/test_f2cmap.cpython-312.pyc
vendored_virtual_environment_do_not_execute	42845	08a9465b6e8bd0af041225e48788342e2df041c7	yk-development-tools/.venv/Lib/site-packages/numpy/f2py/tests/__pycache__/test_f2py2e.cpython-312.pyc
vendored_virtual_environment_do_not_execute	2753	43f9f12abb35265881eb356e7392331267bc4235	yk-development-tools/.venv/Lib/site-packages/numpy/f2py/tests/__pycache__/test_isoc.cpython-312.pyc
vendored_virtual_environment_do_not_execute	3056	79ee1dc94700490cc6da1e0cc126b94f61deb038	yk-development-tools/.venv/Lib/site-packages/numpy/f2py/tests/__pycache__/test_kind.cpython-312.pyc
vendored_virtual_environment_do_not_execute	2028	4d4206d10f4ca80a289c933d84aa82e4e15288e6	yk-development-tools/.venv/Lib/site-packages/numpy/f2py/tests/__pycache__/test_mixed.cpython-312.pyc
vendored_virtual_environment_do_not_execute	4631	70098e172465fce73de8479ff44e4e59e17ca4fa	yk-development-tools/.venv/Lib/site-packages/numpy/f2py/tests/__pycache__/test_modules.cpython-312.pyc
vendored_virtual_environment_do_not_execute	9284	78903f1cbaf609882de2b82196b5e081d3cb272a	yk-development-tools/.venv/Lib/site-packages/numpy/f2py/tests/__pycache__/test_parameter.cpython-312.pyc
vendored_virtual_environment_do_not_execute	1566	3fd92cd5473f01a7f29f26cd4772550a8ba3a98a	yk-development-tools/.venv/Lib/site-packages/numpy/f2py/tests/__pycache__/test_pyf_src.cpython-312.pyc
vendored_virtual_environment_do_not_execute	1317	8a6afc2de538a4d4757e7621e4db173e56e8efeb	yk-development-tools/.venv/Lib/site-packages/numpy/f2py/tests/__pycache__/test_quoted_character.cpython-312.pyc
vendored_virtual_environment_do_not_execute	11909	f14a01d78b079645d41ceb5e52dc8e30f812174f	yk-development-tools/.venv/Lib/site-packages/numpy/f2py/tests/__pycache__/test_regression.cpython-312.pyc
vendored_virtual_environment_do_not_execute	3058	9e1e417a405c6fb4f4b3e0aa515d8a8d53b63eff	yk-development-tools/.venv/Lib/site-packages/numpy/f2py/tests/__pycache__/test_return_character.cpython-312.pyc
vendored_virtual_environment_do_not_execute	4813	701b7f53a8a9accd278d470234d16ce9b6f6c691	yk-development-tools/.venv/Lib/site-packages/numpy/f2py/tests/__pycache__/test_return_complex.cpython-312.pyc
vendored_virtual_environment_do_not_execute	3486	3e985e7209dcd1267cf6b100a2cdbf5cd27ce496	yk-development-tools/.venv/Lib/site-packages/numpy/f2py/tests/__pycache__/test_return_integer.cpython-312.pyc
vendored_virtual_environment_do_not_execute	4428	81f7d253111fcbb4c6279a5f0caaed81b2629545	yk-development-tools/.venv/Lib/site-packages/numpy/f2py/tests/__pycache__/test_return_logical.cpython-312.pyc
vendored_virtual_environment_do_not_execute	5936	8113b8051976a33ad2cb54cd2a9ff4ffe3273b2d	yk-development-tools/.venv/Lib/site-packages/numpy/f2py/tests/__pycache__/test_return_real.cpython-312.pyc
vendored_virtual_environment_do_not_execute	2003	9858ae6a7534578c14afd776d392f584ddc8377b	yk-development-tools/.venv/Lib/site-packages/numpy/f2py/tests/__pycache__/test_routines.cpython-312.pyc
vendored_virtual_environment_do_not_execute	2780	a5ba245e5211626b5810acce2e28c142a323bd2e	yk-development-tools/.venv/Lib/site-packages/numpy/f2py/tests/__pycache__/test_semicolon_split.cpython-312.pyc
vendored_virtual_environment_do_not_execute	3165	ddfc1d7163158531bbe9b78ff0b6885f824e50ae	yk-development-tools/.venv/Lib/site-packages/numpy/f2py/tests/__pycache__/test_size.cpython-312.pyc
vendored_virtual_environment_do_not_execute	5724	3b97321dcfef119d44997aa1d9e6b8389c97cfcf	yk-development-tools/.venv/Lib/site-packages/numpy/f2py/tests/__pycache__/test_string.cpython-312.pyc
vendored_virtual_environment_do_not_execute	32206	b798f34b4bbedfd88119ad242a657798f82c03fe	yk-development-tools/.venv/Lib/site-packages/numpy/f2py/tests/__pycache__/test_symbolic.cpython-312.pyc
vendored_virtual_environment_do_not_execute	1046	125b6ffa8e2fca8692eab0881dbc33a46205a8e5	yk-development-tools/.venv/Lib/site-packages/numpy/f2py/tests/__pycache__/test_value_attrspec.cpython-312.pyc
vendored_virtual_environment_do_not_execute	18117	3eaf1c5f6b2aad25345403a9a42b1e09669707bd	yk-development-tools/.venv/Lib/site-packages/numpy/f2py/tests/__pycache__/util.cpython-312.pyc
vendored_virtual_environment_do_not_execute	658	76d16aae2b57160228f41c00128ac0067eaf5249	yk-development-tools/.venv/Lib/site-packages/numpy/f2py/tests/src/abstract_interface/foo.f90
vendored_virtual_environment_do_not_execute	105	36791e469f5aee1d5fe15b121abeb9c62a45fadf	yk-development-tools/.venv/Lib/site-packages/numpy/f2py/tests/src/abstract_interface/gh18403_mod.f90
vendored_virtual_environment_do_not_execute	7478	b66672a43e21dd0641bb29085db716181f5e94ce	yk-development-tools/.venv/Lib/site-packages/numpy/f2py/tests/src/array_from_pyobj/wrapmodule.c
vendored_virtual_environment_do_not_execute	29	2665f89b52d2f17ce7b0a857bea73ec5fab2df88	yk-development-tools/.venv/Lib/site-packages/numpy/f2py/tests/src/assumed_shape/.f2py_f2cmap
vendored_virtual_environment_do_not_execute	460	b301710f5dda005e67e40cc21a5e0d62d0ec116a	yk-development-tools/.venv/Lib/site-packages/numpy/f2py/tests/src/assumed_shape/foo_free.f90
vendored_virtual_environment_do_not_execute	499	cbe6317ed8f39f8a633b058a4ab64fe1797ea7b0	yk-development-tools/.venv/Lib/site-packages/numpy/f2py/tests/src/assumed_shape/foo_mod.f90
vendored_virtual_environment_do_not_execute	269	337465ac540440fc8e8e10d23757af202e8a52a4	yk-development-tools/.venv/Lib/site-packages/numpy/f2py/tests/src/assumed_shape/foo_use.f90
vendored_virtual_environment_do_not_execute	130	ed6c70cbbe7dadfd50b616a8cc1570939ef5afd8	yk-development-tools/.venv/Lib/site-packages/numpy/f2py/tests/src/assumed_shape/precision.f90
vendored_virtual_environment_do_not_execute	97	c8315f12ce0f5cf3dbc4c965ad8843d0c10441cd	yk-development-tools/.venv/Lib/site-packages/numpy/f2py/tests/src/block_docstring/foo.f
vendored_virtual_environment_do_not_execute	1254	ba397bb38133faa8d502807368074e6b296749b9	yk-development-tools/.venv/Lib/site-packages/numpy/f2py/tests/src/callback/foo.f
vendored_virtual_environment_do_not_execute	148	49853afd766a90e521104081bf77236a252d3c70	yk-development-tools/.venv/Lib/site-packages/numpy/f2py/tests/src/callback/gh17797.f90
vendored_virtual_environment_do_not_execute	506	92b6d7540c827d20c7d2169c56f14653954d7ff9	yk-development-tools/.venv/Lib/site-packages/numpy/f2py/tests/src/callback/gh18335.f90
vendored_virtual_environment_do_not_execute	179	ba727a10a07ebec77845f8a67746cf5d5bb3d32a	yk-development-tools/.venv/Lib/site-packages/numpy/f2py/tests/src/callback/gh25211.f
vendored_virtual_environment_do_not_execute	447	f12011153370b022a2686222655a12245a1eb14e	yk-development-tools/.venv/Lib/site-packages/numpy/f2py/tests/src/callback/gh25211.pyf
vendored_virtual_environment_do_not_execute	566	00c0ec93df059b0d1952471fae440016abbac3e5	yk-development-tools/.venv/Lib/site-packages/numpy/f2py/tests/src/callback/gh26681.f90
vendored_virtual_environment_do_not_execute	142	8eb5bb106a366ec214944c19e53d9788c0596e55	yk-development-tools/.venv/Lib/site-packages/numpy/f2py/tests/src/cli/gh_22819.pyf
vendored_virtual_environment_do_not_execute	71	8b916ebe0459eb812baad694aa671011a1381f8a	yk-development-tools/.venv/Lib/site-packages/numpy/f2py/tests/src/cli/hi77.f
vendored_virtual_environment_do_not_execute	51	981f877547a4caec513a15dea1401bbc98ce3f23	yk-development-tools/.venv/Lib/site-packages/numpy/f2py/tests/src/cli/hiworld.f90
vendored_virtual_environment_do_not_execute	224	7ea7968fe935182bd17a697b316569546937b715	yk-development-tools/.venv/Lib/site-packages/numpy/f2py/tests/src/common/block.f
vendored_virtual_environment_do_not_execute	193	a2f40735ad66a3cb70cfc10a3938882c77ff54ea	yk-development-tools/.venv/Lib/site-packages/numpy/f2py/tests/src/common/gh19161.f90
vendored_virtual_environment_do_not_execute	208	e2cbd445daf57f21e2d727f42a3891ec28725175	yk-development-tools/.venv/Lib/site-packages/numpy/f2py/tests/src/crackfortran/accesstype.f90
vendored_virtual_environment_do_not_execute	494	4aa12cf6dcee9b4936d10f1c5d55f8d59762062a	yk-development-tools/.venv/Lib/site-packages/numpy/f2py/tests/src/crackfortran/common_with_division.f
vendored_virtual_environment_do_not_execute	193	5ffd865c837997f8aae2d8faebfd519df61d8cd2	yk-development-tools/.venv/Lib/site-packages/numpy/f2py/tests/src/crackfortran/data_common.f
vendored_virtual_environment_do_not_execute	197	19ff8a83e97b7a1fa9ef82a2f4d5241ec422cb01	yk-development-tools/.venv/Lib/site-packages/numpy/f2py/tests/src/crackfortran/data_multiplier.f
vendored_virtual_environment_do_not_execute	693	576c5e485baf209aea79f566fc09cb20138a0a25	yk-development-tools/.venv/Lib/site-packages/numpy/f2py/tests/src/crackfortran/data_stmts.f90
vendored_virtual_environment_do_not_execute	175	4128f004e840087ab8e08a06c76995b249a561b0	yk-development-tools/.venv/Lib/site-packages/numpy/f2py/tests/src/crackfortran/data_with_comments.f
vendored_virtual_environment_do_not_execute	128	e327b25c81986b2191fc740991ca9e907b5b0fb6	yk-development-tools/.venv/Lib/site-packages/numpy/f2py/tests/src/crackfortran/foo_deps.f90
vendored_virtual_environment_do_not_execute	375	1bb2e6745952cb10067116e9ae3337c8314061ee	yk-development-tools/.venv/Lib/site-packages/numpy/f2py/tests/src/crackfortran/gh15035.f
vendored_virtual_environment_do_not_execute	340	995953845c5eb1b4fa2bdf70c18e0296d38e5252	yk-development-tools/.venv/Lib/site-packages/numpy/f2py/tests/src/crackfortran/gh17859.f
vendored_virtual_environment_do_not_execute	241	b3454f18635fc8fe2b8ea5d15f85a9d77af9a22b	yk-development-tools/.venv/Lib/site-packages/numpy/f2py/tests/src/crackfortran/gh22648.pyf
vendored_virtual_environment_do_not_execute	126	db522afa7d2fdd09e26f2d02a649a659d9ed7d60	yk-development-tools/.venv/Lib/site-packages/numpy/f2py/tests/src/crackfortran/gh23533.f
vendored_virtual_environment_do_not_execute	101	e0dffb5ef29e3d5ba853ff4dfeda57b2bed6a9dc	yk-development-tools/.venv/Lib/site-packages/numpy/f2py/tests/src/crackfortran/gh23598.f90
vendored_virtual_environment_do_not_execute	205	3b44efc5ef16e9f7e1105229371ae48ecc069ee5	yk-development-tools/.venv/Lib/site-packages/numpy/f2py/tests/src/crackfortran/gh23598Warn.f90
vendored_virtual_environment_do_not_execute	332	fac262d53c9d3f0f3a5ba1138594f5b694b95717	yk-development-tools/.venv/Lib/site-packages/numpy/f2py/tests/src/crackfortran/gh23879.f90
vendored_virtual_environment_do_not_execute	364	a5eae4e79b25cd086df4ea2aa26d39ae48a8ca88	yk-development-tools/.venv/Lib/site-packages/numpy/f2py/tests/src/crackfortran/gh27697.f90
vendored_virtual_environment_do_not_execute	282	31ea9327a4d9134011cfc668cc88961968756d77	yk-development-tools/.venv/Lib/site-packages/numpy/f2py/tests/src/crackfortran/gh2848.f90
vendored_virtual_environment_do_not_execute	1184	1d060a3d2bd5abd12732e6003cec53f36baeba7c	yk-development-tools/.venv/Lib/site-packages/numpy/f2py/tests/src/crackfortran/operators.f90
vendored_virtual_environment_do_not_execute	174	2674c214767b33663e51ee1d32ad7a1792c92680	yk-development-tools/.venv/Lib/site-packages/numpy/f2py/tests/src/crackfortran/privatemod.f90
vendored_virtual_environment_do_not_execute	167	1db76e3fe06828ba0d1b640720ec70422cde6872	yk-development-tools/.venv/Lib/site-packages/numpy/f2py/tests/src/crackfortran/publicmod.f90
vendored_virtual_environment_do_not_execute	165	46bef7cb91122281ddac7d0f0474c2c01b2a5e6f	yk-development-tools/.venv/Lib/site-packages/numpy/f2py/tests/src/crackfortran/pubprivmod.f90
vendored_virtual_environment_do_not_execute	98	13515ce98c50e88a03004161fb135e8502005a82	yk-development-tools/.venv/Lib/site-packages/numpy/f2py/tests/src/crackfortran/unicode_comment.f90
vendored_virtual_environment_do_not_execute	82	a4425f8876f5b7ec9c72a11862a8cd4574d33ea8	yk-development-tools/.venv/Lib/site-packages/numpy/f2py/tests/src/f2cmap/.f2py_f2cmap
vendored_virtual_environment_do_not_execute	298	1e1dc1d4054b36d2b2d9104e8d6ab708361bfbe8	yk-development-tools/.venv/Lib/site-packages/numpy/f2py/tests/src/f2cmap/isoFortranEnvMap.f90
vendored_virtual_environment_do_not_execute	998	765f7c1ce6608a0c8588b6c20edd052e2d3e07bf	yk-development-tools/.venv/Lib/site-packages/numpy/f2py/tests/src/isocintrin/isoCtests.f90
vendored_virtual_environment_do_not_execute	347	d3d15cfb20a15004ed86e45dc91792d1c089033a	yk-development-tools/.venv/Lib/site-packages/numpy/f2py/tests/src/kind/foo.f90
vendored_virtual_environment_do_not_execute	85	c34742578f8551729fdc3474d86e92c87e2868d2	yk-development-tools/.venv/Lib/site-packages/numpy/f2py/tests/src/mixed/foo.f
vendored_virtual_environment_do_not_execute	179	7543a6acb7375872388cb9f2ced109db5faa17b0	yk-development-tools/.venv/Lib/site-packages/numpy/f2py/tests/src/mixed/foo_fixed.f90
vendored_virtual_environment_do_not_execute	139	c1b641f13ec2943b9dd23ba85beecda738b51825	yk-development-tools/.venv/Lib/site-packages/numpy/f2py/tests/src/mixed/foo_free.f90
vendored_virtual_environment_do_not_execute	180	483d13ceb95c08bf38b74d8218932fc109792b09	yk-development-tools/.venv/Lib/site-packages/numpy/f2py/tests/src/modules/gh25337/data.f90
vendored_virtual_environment_do_not_execute	179	b3fae8b875d03d75199f4cf06d544edb4aab1a89	yk-development-tools/.venv/Lib/site-packages/numpy/f2py/tests/src/modules/gh25337/use_data.f90
vendored_virtual_environment_do_not_execute	402	07adce591f35756ca2fe2f3e2dd38fcaf01d2fad	yk-development-tools/.venv/Lib/site-packages/numpy/f2py/tests/src/modules/gh26920/two_mods_with_no_public_entities.f90
vendored_virtual_environment_do_not_execute	403	b7fb95b010a6657df3abeed4c71466b82dcfdab3	yk-development-tools/.venv/Lib/site-packages/numpy/f2py/tests/src/modules/gh26920/two_mods_with_one_public_routine.f90
vendored_virtual_environment_do_not_execute	224	4505e0cbc31e50a75df94b30cd53cf923659379d	yk-development-tools/.venv/Lib/site-packages/numpy/f2py/tests/src/modules/module_data_docstring.f90
vendored_virtual_environment_do_not_execute	398	aa40c86ca39d1dbcfacca9dcb2addbc6ede73140	yk-development-tools/.venv/Lib/site-packages/numpy/f2py/tests/src/modules/use_modules.f90
vendored_virtual_environment_do_not_execute	157	bf1fa92853316cc31f825c024855088f42577a1c	yk-development-tools/.venv/Lib/site-packages/numpy/f2py/tests/src/negative_bounds/issue_20853.f90
vendored_virtual_environment_do_not_execute	1468	9a6bf81610d41cf5f480d6e3c25fd7ab4cf5bfff	yk-development-tools/.venv/Lib/site-packages/numpy/f2py/tests/src/parameter/constant_array.f90
vendored_virtual_environment_do_not_execute	1939	ac90cedc525a6172a9b72f3bc76f57b79d641b6c	yk-development-tools/.venv/Lib/site-packages/numpy/f2py/tests/src/parameter/constant_both.f90
vendored_virtual_environment_do_not_execute	469	e51f5e9b2fb166a6b7d9cba57af03617024b7f2a	yk-development-tools/.venv/Lib/site-packages/numpy/f2py/tests/src/parameter/constant_compound.f90
vendored_virtual_environment_do_not_execute	612	aaa83d2eb241274231130b6243ca2c970b5664e0	yk-development-tools/.venv/Lib/site-packages/numpy/f2py/tests/src/parameter/constant_integer.f90
vendored_virtual_environment_do_not_execute	609	62c9a5b943cb768c9270a04d1dbf36d526a4e6e8	yk-development-tools/.venv/Lib/site-packages/numpy/f2py/tests/src/parameter/constant_non_compound.f90
vendored_virtual_environment_do_not_execute	610	02ac9dd993b39dbb69a233ed1f0d031f15f84639	yk-development-tools/.venv/Lib/site-packages/numpy/f2py/tests/src/parameter/constant_real.f90
vendored_virtual_environment_do_not_execute	482	9dc1cfa4446d8c05c0fc0bb1c69360a687d003c3	yk-development-tools/.venv/Lib/site-packages/numpy/f2py/tests/src/quoted_character/foo.f
vendored_virtual_environment_do_not_execute	16	8a02f631f43a15f17f65280d651aa46e9cdb7510	yk-development-tools/.venv/Lib/site-packages/numpy/f2py/tests/src/regression/AB.inc
vendored_virtual_environment_do_not_execute	608	479ac7980c226ac19a8d97dd2e43f8833d95e66e	yk-development-tools/.venv/Lib/site-packages/numpy/f2py/tests/src/regression/assignOnlyModule.f90
vendored_virtual_environment_do_not_execute	392	67fc4aca82e3fd4aa9ebb4f725d1b13761dbade9	yk-development-tools/.venv/Lib/site-packages/numpy/f2py/tests/src/regression/datonly.f90
vendored_virtual_environment_do_not_execute	626	452a01a14439b1e7a9a731a31d7f720992826698	yk-development-tools/.venv/Lib/site-packages/numpy/f2py/tests/src/regression/f77comments.f
vendored_virtual_environment_do_not_execute	139	e47a13f7e851969f30aa38344377c5ec90708839	yk-development-tools/.venv/Lib/site-packages/numpy/f2py/tests/src/regression/f77fixedform.f95
vendored_virtual_environment_do_not_execute	276	879e716bbec69e94a28745ecc0d8f9c7a8ea02eb	yk-development-tools/.venv/Lib/site-packages/numpy/f2py/tests/src/regression/f90continuation.f90
vendored_virtual_environment_do_not_execute	92	276ef3a67352b29d37985529ad550b45f68456f0	yk-development-tools/.venv/Lib/site-packages/numpy/f2py/tests/src/regression/incfile.f90
vendored_virtual_environment_do_not_execute	277	80cdad90cec56de2226979fa0c9b0f9dfa39c7c9	yk-development-tools/.venv/Lib/site-packages/numpy/f2py/tests/src/regression/inout.f90
vendored_virtual_environment_do_not_execute	100	1c4b8c192b1b2783a4f5c2275731106c2a6109f2	yk-development-tools/.venv/Lib/site-packages/numpy/f2py/tests/src/regression/lower_f2py_fortran.f90
vendored_virtual_environment_do_not_execute	567	7692c82cf42eff432af64f55ebf4b164a280fd2a	yk-development-tools/.venv/Lib/site-packages/numpy/f2py/tests/src/regression/mod_derived_types.f90
vendored_virtual_environment_do_not_execute	980	facae1016a39010cca10929837d0a95c44376e21	yk-development-tools/.venv/Lib/site-packages/numpy/f2py/tests/src/return_character/foo77.f
vendored_virtual_environment_do_not_execute	1248	36182bcf2dd71649130f5afe7ef665ac80d64af9	yk-development-tools/.venv/Lib/site-packages/numpy/f2py/tests/src/return_character/foo90.f90
vendored_virtual_environment_do_not_execute	973	37a1ec845ecacc7fbc228f1ee5f628ec73075c12	yk-development-tools/.venv/Lib/site-packages/numpy/f2py/tests/src/return_complex/foo77.f
vendored_virtual_environment_do_not_execute	1238	adc27b470538bc663416fb512a29c4b2bbe8d3dd	yk-development-tools/.venv/Lib/site-packages/numpy/f2py/tests/src/return_complex/foo90.f90
vendored_virtual_environment_do_not_execute	1178	1ab895b9ac340ca91c5d3a4080334bab9f033a55	yk-development-tools/.venv/Lib/site-packages/numpy/f2py/tests/src/return_integer/foo77.f
vendored_virtual_environment_do_not_execute	1531	ba9249aa20f941dbf00f060ad5d7e8820745b0f4	yk-development-tools/.venv/Lib/site-packages/numpy/f2py/tests/src/return_integer/foo90.f90
vendored_virtual_environment_do_not_execute	1188	ef530145fedf8b5cf3a05bdf0a46a4e22150007b	yk-development-tools/.venv/Lib/site-packages/numpy/f2py/tests/src/return_logical/foo77.f
vendored_virtual_environment_do_not_execute	1531	a4526468e3719140f0ed7d50a5f3a31d78d1d2de	yk-development-tools/.venv/Lib/site-packages/numpy/f2py/tests/src/return_logical/foo90.f90
vendored_virtual_environment_do_not_execute	933	bf43dbf11773d8282f3b9a7d7c4ba9da23ee6f27	yk-development-tools/.venv/Lib/site-packages/numpy/f2py/tests/src/return_real/foo77.f
vendored_virtual_environment_do_not_execute	1194	df9719980f2861678d5c1e4b0529a9eb0e375021	yk-development-tools/.venv/Lib/site-packages/numpy/f2py/tests/src/return_real/foo90.f90
vendored_virtual_environment_do_not_execute	123	89be972d341966170c9f1a36af1f098e62dd4174	yk-development-tools/.venv/Lib/site-packages/numpy/f2py/tests/src/routines/funcfortranname.f
vendored_virtual_environment_do_not_execute	440	8730ca6a67edd4dea8df456369e5f8ef4cb5f831	yk-development-tools/.venv/Lib/site-packages/numpy/f2py/tests/src/routines/funcfortranname.pyf
vendored_virtual_environment_do_not_execute	90	1d1eeaeb5a4588141e15c19b3b8e70fef6425f1a	yk-development-tools/.venv/Lib/site-packages/numpy/f2py/tests/src/routines/subrout.f
vendored_virtual_environment_do_not_execute	322	e27cbe1c7455d47ea312966c997bbcf5f690be74	yk-development-tools/.venv/Lib/site-packages/numpy/f2py/tests/src/routines/subrout.pyf
vendored_virtual_environment_do_not_execute	815	5b66f8c430d79a8438ad062466a97cf8c00dfb16	yk-development-tools/.venv/Lib/site-packages/numpy/f2py/tests/src/size/foo.f90
vendored_virtual_environment_do_not_execute	618	bb7985ce50f2aa252aaca96aba6ef5d5f5d51844	yk-development-tools/.venv/Lib/site-packages/numpy/f2py/tests/src/string/char.f90
vendored_virtual_environment_do_not_execute	695	7fd1585430fb05f84fb850ef4656d94e8a0804e9	yk-development-tools/.venv/Lib/site-packages/numpy/f2py/tests/src/string/fixed_string.f90
vendored_virtual_environment_do_not_execute	217	ab64cf771f68bbcecc8ac2d5d649545fc357e15b	yk-development-tools/.venv/Lib/site-packages/numpy/f2py/tests/src/string/gh24008.f
vendored_virtual_environment_do_not_execute	197	ca53413cc9b48f1c8d476d329eb4b773695dd08c	yk-development-tools/.venv/Lib/site-packages/numpy/f2py/tests/src/string/gh24662.f90
vendored_virtual_environment_do_not_execute	304	db1c7100d2ab812de5d212c1bbd255cf2ae60be3	yk-development-tools/.venv/Lib/site-packages/numpy/f2py/tests/src/string/gh25286.f90
vendored_virtual_environment_do_not_execute	381	7b9609071bce3e775703b12c430f411af09e6eee	yk-development-tools/.venv/Lib/site-packages/numpy/f2py/tests/src/string/gh25286.pyf
vendored_virtual_environment_do_not_execute	384	e7b10fa9215e88e56794e9c73d0b13872cbd953c	yk-development-tools/.venv/Lib/site-packages/numpy/f2py/tests/src/string/gh25286_bc.pyf
vendored_virtual_environment_do_not_execute	176	f8f076172ab48ca4834d631b362f47ca374db5e4	yk-development-tools/.venv/Lib/site-packages/numpy/f2py/tests/src/string/scalar_string.f90
vendored_virtual_environment_do_not_execute	248	5210ca4dc054de60488e45baa12b6c8bc89fc9eb	yk-development-tools/.venv/Lib/site-packages/numpy/f2py/tests/src/string/string.f
vendored_virtual_environment_do_not_execute	190	7d9dc0fd4acbc081f55edfafb5dea981dcf279d5	yk-development-tools/.venv/Lib/site-packages/numpy/f2py/tests/src/value_attrspec/gh21665.f90
vendored_virtual_environment_do_not_execute	811	21e77db3e8d3f0894c4c816454d49cb9d9572c5a	yk-development-tools/.venv/Lib/site-packages/numpy/f2py/tests/test_abstract_interface.py
vendored_virtual_environment_do_not_execute	23696	a8f952752cf458f43b8bbe0fa8c169780dd19013	yk-development-tools/.venv/Lib/site-packages/numpy/f2py/tests/test_array_from_pyobj.py
vendored_virtual_environment_do_not_execute	1467	cf75644d40ee5f656b064e51a37d11a9618a8669	yk-development-tools/.venv/Lib/site-packages/numpy/f2py/tests/test_assumed_shape.py
vendored_virtual_environment_do_not_execute	584	ba255a1b473c99723abe9fd419558d29add1dd9f	yk-development-tools/.venv/Lib/site-packages/numpy/f2py/tests/test_block_docstring.py
vendored_virtual_environment_do_not_execute	7099	6614efb16db834d3ab06341e0ba202a8acfdd77d	yk-development-tools/.venv/Lib/site-packages/numpy/f2py/tests/test_callback.py
vendored_virtual_environment_do_not_execute	21931	74868a6f09f7e9bfd80bb289a4573910698f99d0	yk-development-tools/.venv/Lib/site-packages/numpy/f2py/tests/test_character.py
vendored_virtual_environment_do_not_execute	644	b9fbd84d52fbadc5949e3b577fa314caf9af8ff3	yk-development-tools/.venv/Lib/site-packages/numpy/f2py/tests/test_common.py
vendored_virtual_environment_do_not_execute	16413	c3967cfb967b6a8e7b4a4654f4c7be7a8a1bb67d	yk-development-tools/.venv/Lib/site-packages/numpy/f2py/tests/test_crackfortran.py
vendored_virtual_environment_do_not_execute	2895	0cea5561bd6c6c44114f6c2af412b748578096b5	yk-development-tools/.venv/Lib/site-packages/numpy/f2py/tests/test_data.py
vendored_virtual_environment_do_not_execute	1855	5d9aaac9f15bf443a0311041877a6723b68eaa29	yk-development-tools/.venv/Lib/site-packages/numpy/f2py/tests/test_docs.py
vendored_virtual_environment_do_not_execute	387	a35320ccc18a470bf81d8655394d8744a3bc9a99	yk-development-tools/.venv/Lib/site-packages/numpy/f2py/tests/test_f2cmap.py
vendored_virtual_environment_do_not_execute	27834	2f91eb77c4bddef1247251667af5239d3cce9a54	yk-development-tools/.venv/Lib/site-packages/numpy/f2py/tests/test_f2py2e.py
vendored_virtual_environment_do_not_execute	1434	f3450f15feadd5f8509e5323ad49b847fc1d1e6a	yk-development-tools/.venv/Lib/site-packages/numpy/f2py/tests/test_isoc.py
vendored_virtual_environment_do_not_execute	1825	ce223a55545651c2c0eb0279a1aa7df032d23355	yk-development-tools/.venv/Lib/site-packages/numpy/f2py/tests/test_kind.py
vendored_virtual_environment_do_not_execute	862	07f43e2bcfaa20fa4b884ca3092acfb8675f45d9	yk-development-tools/.venv/Lib/site-packages/numpy/f2py/tests/test_mixed.py
vendored_virtual_environment_do_not_execute	2301	96d5ffc66093ddaf1a07ebda59ed6a187b1263fb	yk-development-tools/.venv/Lib/site-packages/numpy/f2py/tests/test_modules.py
vendored_virtual_environment_do_not_execute	4634	513d021002b7d874bc8a3f64ac9fbc166c0473bd	yk-development-tools/.venv/Lib/site-packages/numpy/f2py/tests/test_parameter.py
vendored_virtual_environment_do_not_execute	1134	2ecb0fbeb8c816752934436fd148f3fa1452fdbe	yk-development-tools/.venv/Lib/site-packages/numpy/f2py/tests/test_pyf_src.py
vendored_virtual_environment_do_not_execute	477	3cbcb3c55b4fabe82b57a0dd5eb84da53bf1d96a	yk-development-tools/.venv/Lib/site-packages/numpy/f2py/tests/test_quoted_character.py
vendored_virtual_environment_do_not_execute	6197	93eb29e8e7238be0d3249bcad5c5cb747f93b63d	yk-development-tools/.venv/Lib/site-packages/numpy/f2py/tests/test_regression.py
vendored_virtual_environment_do_not_execute	1534	aae3f0f91671a98259dc76a6bf95a268968b982b	yk-development-tools/.venv/Lib/site-packages/numpy/f2py/tests/test_return_character.py
vendored_virtual_environment_do_not_execute	2440	aa3f28e679f8d7f86a1009db90f547f6a346fe5a	yk-development-tools/.venv/Lib/site-packages/numpy/f2py/tests/test_return_complex.py
vendored_virtual_environment_do_not_execute	1813	13a9f862f311948b538877ea1a16330120f4d9b0	yk-development-tools/.venv/Lib/site-packages/numpy/f2py/tests/test_return_integer.py
vendored_virtual_environment_do_not_execute	2048	a4a3395723660a805dd39979bf60460aace4a45a	yk-development-tools/.venv/Lib/site-packages/numpy/f2py/tests/test_return_logical.py
vendored_virtual_environment_do_not_execute	3273	c871ed3d4fc2d5aae01d46db01a47225591ae5e4	yk-development-tools/.venv/Lib/site-packages/numpy/f2py/tests/test_return_real.py
vendored_virtual_environment_do_not_execute	795	01135dd692a6776ca47e52867ba56f037ef7476f	yk-development-tools/.venv/Lib/site-packages/numpy/f2py/tests/test_routines.py
vendored_virtual_environment_do_not_execute	1627	2a16b191bebaae3cc7775d2fc026f12e01aeb4d3	yk-development-tools/.venv/Lib/site-packages/numpy/f2py/tests/test_semicolon_split.py
vendored_virtual_environment_do_not_execute	1155	ac2eaf1413efe6e99f7b519827b1032cef941d88	yk-development-tools/.venv/Lib/site-packages/numpy/f2py/tests/test_size.py
vendored_virtual_environment_do_not_execute	2938	f484ea3f11a9d2bef2fd0357feda45a0e40ff365	yk-development-tools/.venv/Lib/site-packages/numpy/f2py/tests/test_string.py
vendored_virtual_environment_do_not_execute	18342	ec23f522128bee4e0c0c70b04f82ac55415c68fb	yk-development-tools/.venv/Lib/site-packages/numpy/f2py/tests/test_symbolic.py
vendored_virtual_environment_do_not_execute	330	1afae08bfe0ecbba5bec31373348817cd87e9468	yk-development-tools/.venv/Lib/site-packages/numpy/f2py/tests/test_value_attrspec.py
vendored_virtual_environment_do_not_execute	12112	35e5d3bd8ac07c5926477a63a8dc26f380467042	yk-development-tools/.venv/Lib/site-packages/numpy/f2py/tests/util.py
vendored_virtual_environment_do_not_execute	3376	1e06f6c01a3979067eed2925958224a9edcaafe3	yk-development-tools/.venv/Lib/site-packages/numpy/f2py/use_rules.py
vendored_virtual_environment_do_not_execute	424	58c7f9b5f4511af5772bbdf902565e2f836f93d2	yk-development-tools/.venv/Lib/site-packages/numpy/f2py/use_rules.pyi
vendored_virtual_environment_do_not_execute	8291	55f7320f653fcce14f2cdf776ff3991e1e2481da	yk-development-tools/.venv/Lib/site-packages/numpy/fft/__init__.py
vendored_virtual_environment_do_not_execute	514	54d0ea8c79b601196c9c2427e84ed83ba4cc7e4e	yk-development-tools/.venv/Lib/site-packages/numpy/fft/__init__.pyi
vendored_virtual_environment_do_not_execute	8421	ec6d507da892e5c82ddf5255577e14b582b16f3f	yk-development-tools/.venv/Lib/site-packages/numpy/fft/__pycache__/__init__.cpython-312.pyc
vendored_virtual_environment_do_not_execute	8106	95c4bfb4121aa8d8466e1ba5333434c7acafe831	yk-development-tools/.venv/Lib/site-packages/numpy/fft/__pycache__/_helper.cpython-312.pyc
vendored_virtual_environment_do_not_execute	64761	bfd8bfefda71f361abaf15684762e15aa1e91c87	yk-development-tools/.venv/Lib/site-packages/numpy/fft/__pycache__/_pocketfft.cpython-312.pyc
vendored_virtual_environment_do_not_execute	939	15d164d8baaaa7c2210edf0aaf95d908721a549f	yk-development-tools/.venv/Lib/site-packages/numpy/fft/__pycache__/helper.cpython-312.pyc
vendored_virtual_environment_do_not_execute	6787	77adeac9207f3bfe06b1a99bb6f1e0794f0a1cbf	yk-development-tools/.venv/Lib/site-packages/numpy/fft/_helper.py
vendored_virtual_environment_do_not_execute	1394	d06bda7ad9a9335b8ded271215b2cfddd05f7a6e	yk-development-tools/.venv/Lib/site-packages/numpy/fft/_helper.pyi
vendored_virtual_environment_do_not_execute	62598	c7f2f6a8bc3a6944223a67f47f0f614ddb62268e	yk-development-tools/.venv/Lib/site-packages/numpy/fft/_pocketfft.py
vendored_virtual_environment_do_not_execute	3174	215cf14d1395d76776cedafc49c46c00353462c0	yk-development-tools/.venv/Lib/site-packages/numpy/fft/_pocketfft.pyi
vendored_virtual_environment_do_not_execute	2176	184ee0cb54c19682bca30d0ed378f74b0497277f	yk-development-tools/.venv/Lib/site-packages/numpy/fft/_pocketfft_umath.cp312-win_amd64.lib
vendored_virtual_environment_do_not_execute	276480	d99b697d4624a25c0fe2eabb763d7b17f62fed3d	yk-development-tools/.venv/Lib/site-packages/numpy/fft/_pocketfft_umath.cp312-win_amd64.pyd
vendored_virtual_environment_do_not_execute	611	08d5662c6d171720e8da07496cf4fa2839a1b045	yk-development-tools/.venv/Lib/site-packages/numpy/fft/helper.py
vendored_virtual_environment_do_not_execute	891	887cbe7e27c996a1b68624048705c046cd16cc89	yk-development-tools/.venv/Lib/site-packages/numpy/fft/helper.pyi
vendored_virtual_environment_do_not_execute	0	e69de29bb2d1d6434b8b29ae775ad8c2e48c5391	yk-development-tools/.venv/Lib/site-packages/numpy/fft/tests/__init__.py
vendored_virtual_environment_do_not_execute	208	175d0821bb0e688422fe3a2079a67a52323b6ff6	yk-development-tools/.venv/Lib/site-packages/numpy/fft/tests/__pycache__/__init__.cpython-312.pyc
vendored_virtual_environment_do_not_execute	8999	3b9b7bfad0d58ffc8b13f8281e74fc2e9cfaeac0	yk-development-tools/.venv/Lib/site-packages/numpy/fft/tests/__pycache__/test_helper.cpython-312.pyc
vendored_virtual_environment_do_not_execute	47368	016e76ad55b745b747c76280bfbf2e85b69985b6	yk-development-tools/.venv/Lib/site-packages/numpy/fft/tests/__pycache__/test_pocketfft.cpython-312.pyc
vendored_virtual_environment_do_not_execute	6154	c02a73639331eea69c8f2995475f43256b1b2e7b	yk-development-tools/.venv/Lib/site-packages/numpy/fft/tests/test_helper.py
vendored_virtual_environment_do_not_execute	24446	021181845b3baaac492c62a832465379bd4aa942	yk-development-tools/.venv/Lib/site-packages/numpy/fft/tests/test_pocketfft.py
vendored_virtual_environment_do_not_execute	3004	a248d048f0ecc4a00157e9421b15659ec0af7e4d	yk-development-tools/.venv/Lib/site-packages/numpy/lib/__init__.py
vendored_virtual_environment_do_not_execute	1651	6185a494d03574b733a0e68143cadf4b5920efc3	yk-development-tools/.venv/Lib/site-packages/numpy/lib/__init__.pyi
vendored_virtual_environment_do_not_execute	3026	e0f003d3cd18fa91457b0468129a2553b1c13c96	yk-development-tools/.venv/Lib/site-packages/numpy/lib/__pycache__/__init__.cpython-312.pyc
vendored_virtual_environment_do_not_execute	2172	1071e2e9715cf1933f288b2ef18f7580e355e594	yk-development-tools/.venv/Lib/site-packages/numpy/lib/__pycache__/_array_utils_impl.cpython-312.pyc
vendored_virtual_environment_do_not_execute	28954	0b61521886b6d0541442665dd609c05a2063b65c	yk-development-tools/.venv/Lib/site-packages/numpy/lib/__pycache__/_arraypad_impl.cpython-312.pyc
vendored_virtual_environment_do_not_execute	43168	d1cc96cededf2f3157066e7bd8114902d436766e	yk-development-tools/.venv/Lib/site-packages/numpy/lib/__pycache__/_arraysetops_impl.cpython-312.pyc
vendored_virtual_environment_do_not_execute	9642	c75d6dc18a11820d390b5ff6acdd50ff7e020f5d	yk-development-tools/.venv/Lib/site-packages/numpy/lib/__pycache__/_arrayterator_impl.cpython-312.pyc
vendored_virtual_environment_do_not_execute	25642	76a49b67f996f4beed9d4095c06cd1bbd24a428d	yk-development-tools/.venv/Lib/site-packages/numpy/lib/__pycache__/_datasource.cpython-312.pyc
vendored_virtual_environment_do_not_execute	35950	b15ce45ba65c53cfb49b2d2a66862c3e7664a6f5	yk-development-tools/.venv/Lib/site-packages/numpy/lib/__pycache__/_format_impl.cpython-312.pyc
vendored_virtual_environment_do_not_execute	207912	2d23f8adaef594755dabc10b4cd34d115a04f979	yk-development-tools/.venv/Lib/site-packages/numpy/lib/__pycache__/_function_base_impl.cpython-312.pyc
vendored_virtual_environment_do_not_execute	40753	d783aa1b099178ac9ef1dc31729137b86ff8f895	yk-development-tools/.venv/Lib/site-packages/numpy/lib/__pycache__/_histograms_impl.cpython-312.pyc
vendored_virtual_environment_do_not_execute	36310	b84bf27e600d4848efd95dba5880fd0ecd800dd7	yk-development-tools/.venv/Lib/site-packages/numpy/lib/__pycache__/_index_tricks_impl.cpython-312.pyc
vendored_virtual_environment_do_not_execute	35195	17f90f3526f7c1c4f2189fc6bc1cc8b3a86de22b	yk-development-tools/.venv/Lib/site-packages/numpy/lib/__pycache__/_iotools.cpython-312.pyc
vendored_virtual_environment_do_not_execute	76006	c2737ed9694dfd863d534600cfe50ef74040c036	yk-development-tools/.venv/Lib/site-packages/numpy/lib/__pycache__/_nanfunctions_impl.cpython-312.pyc
vendored_virtual_environment_do_not_execute	96514	c1067a84e19aee893c3a6700196d544d26109efc	yk-development-tools/.venv/Lib/site-packages/numpy/lib/__pycache__/_npyio_impl.cpython-312.pyc
vendored_virtual_environment_do_not_execute	53595	22df9260bd5bac91820dd67d55592955c911bc3e	yk-development-tools/.venv/Lib/site-packages/numpy/lib/__pycache__/_polynomial_impl.cpython-312.pyc
vendored_virtual_environment_do_not_execute	18351	670feaf390de246c09acfef485cec1d7ac3f4644	yk-development-tools/.venv/Lib/site-packages/numpy/lib/__pycache__/_scimath_impl.cpython-312.pyc
vendored_virtual_environment_do_not_execute	43993	ec851e01ec7d726064065fef7f63fdbe0af416ea	yk-development-tools/.venv/Lib/site-packages/numpy/lib/__pycache__/_shape_base_impl.cpython-312.pyc
vendored_virtual_environment_do_not_execute	19601	83f5057af2b3f83f1d6ba94c741445707145a510	yk-development-tools/.venv/Lib/site-packages/numpy/lib/__pycache__/_stride_tricks_impl.cpython-312.pyc
vendored_virtual_environment_do_not_execute	38498	1f443ebf1f02de99fe7ffb264c9ddce126f8f9c7	yk-development-tools/.venv/Lib/site-packages/numpy/lib/__pycache__/_twodim_base_impl.cpython-312.pyc
vendored_virtual_environment_do_not_execute	22215	b0a9d39b44b87710bdc6e5f03a70055acf7d5de3	yk-development-tools/.venv/Lib/site-packages/numpy/lib/__pycache__/_type_check_impl.cpython-312.pyc
vendored_virtual_environment_do_not_execute	7286	5fb1852721f0051007a28b88de5de617d1525d9b	yk-development-tools/.venv/Lib/site-packages/numpy/lib/__pycache__/_ufunclike_impl.cpython-312.pyc
vendored_virtual_environment_do_not_execute	16260	5b41719876941c596d9dbcc45f0a6294afbd5f00	yk-development-tools/.venv/Lib/site-packages/numpy/lib/__pycache__/_user_array_impl.cpython-312.pyc
vendored_virtual_environment_do_not_execute	25576	650313cfaff2092a04f3aa1d828d633bdd40d35b	yk-development-tools/.venv/Lib/site-packages/numpy/lib/__pycache__/_utils_impl.cpython-312.pyc
vendored_virtual_environment_do_not_execute	6671	768ba2c6bea0cbc1356021d7af83179457b5ee3c	yk-development-tools/.venv/Lib/site-packages/numpy/lib/__pycache__/_version.cpython-312.pyc
vendored_virtual_environment_do_not_execute	366	678a4a9c6239f856c8869ce39760378ba40abdd6	yk-development-tools/.venv/Lib/site-packages/numpy/lib/__pycache__/array_utils.cpython-312.pyc
vendored_virtual_environment_do_not_execute	804	28d1665b22f209eead7e496510489492794de218	yk-development-tools/.venv/Lib/site-packages/numpy/lib/__pycache__/format.cpython-312.pyc
vendored_virtual_environment_do_not_execute	3298	504684099728144fb1e08366198afffb792e351b	yk-development-tools/.venv/Lib/site-packages/numpy/lib/__pycache__/introspect.cpython-312.pyc
vendored_virtual_environment_do_not_execute	8993	d13f20e84114fb8246b90ed98d851d84a9102540	yk-development-tools/.venv/Lib/site-packages/numpy/lib/__pycache__/mixins.cpython-312.pyc
vendored_virtual_environment_do_not_execute	287	975fcc88ab1960285b37826c8c005685e9027cd7	yk-development-tools/.venv/Lib/site-packages/numpy/lib/__pycache__/npyio.cpython-312.pyc
vendored_virtual_environment_do_not_execute	63905	5fec4ed56f476f8119547b7462d22971845a3e88	yk-development-tools/.venv/Lib/site-packages/numpy/lib/__pycache__/recfunctions.cpython-312.pyc
vendored_virtual_environment_do_not_execute	427	bca92ea4d103f166db518cdc977e3d76fab1b817	yk-development-tools/.venv/Lib/site-packages/numpy/lib/__pycache__/scimath.cpython-312.pyc
vendored_virtual_environment_do_not_execute	315	57f2db06b65d55dbd4e933253d033fda5a4becb7	yk-development-tools/.venv/Lib/site-packages/numpy/lib/__pycache__/stride_tricks.cpython-312.pyc
vendored_virtual_environment_do_not_execute	278	52de8dd776c1c27ff0f9b24d3680ecbb83ae2e93	yk-development-tools/.venv/Lib/site-packages/numpy/lib/__pycache__/user_array.cpython-312.pyc
vendored_virtual_environment_do_not_execute	1697	c3996e1f2b9282e30debdebc7f717641c81f6ee3	yk-development-tools/.venv/Lib/site-packages/numpy/lib/_array_utils_impl.py
vendored_virtual_environment_do_not_execute	820	d3e0714773f245036e74991d0d66015a53bca8f2	yk-development-tools/.venv/Lib/site-packages/numpy/lib/_array_utils_impl.pyi
vendored_virtual_environment_do_not_execute	32296	507a0ab51b5261ce01382109032cb74c721259b2	yk-development-tools/.venv/Lib/site-packages/numpy/lib/_arraypad_impl.py
vendored_virtual_environment_do_not_execute	1837	46b43762b87f7a8c7b79e905e82b33dc44f3ded3	yk-development-tools/.venv/Lib/site-packages/numpy/lib/_arraypad_impl.pyi
vendored_virtual_environment_do_not_execute	41275	ef0739ba486ff4702e6b61220d997829a39930d2	yk-development-tools/.venv/Lib/site-packages/numpy/lib/_arraysetops_impl.py
vendored_virtual_environment_do_not_execute	13403	a2cb04a9c1b9668bd736d4aba01f954b77e877fe	yk-development-tools/.venv/Lib/site-packages/numpy/lib/_arraysetops_impl.pyi
vendored_virtual_environment_do_not_execute	7218	5f7c5fc4fb6590768df7e9f5af083a44727a3c8f	yk-development-tools/.venv/Lib/site-packages/numpy/lib/_arrayterator_impl.py
vendored_virtual_environment_do_not_execute	1876	e1a9e056a6e128d32c6896ba45f443e08b022e61	yk-development-tools/.venv/Lib/site-packages/numpy/lib/_arrayterator_impl.pyi
vendored_virtual_environment_do_not_execute	22731	72398c5479f8e2c0cf467fbf82d6bca8e97686e8	yk-development-tools/.venv/Lib/site-packages/numpy/lib/_datasource.py
vendored_virtual_environment_do_not_execute	996	9f91fdf893a07a3bd3398ae43e2604a60d04d903	yk-development-tools/.venv/Lib/site-packages/numpy/lib/_datasource.pyi
vendored_virtual_environment_do_not_execute	36865	7378ba55481068645fc0e85a27b41ff34bc134c8	yk-development-tools/.venv/Lib/site-packages/numpy/lib/_format_impl.py
vendored_virtual_environment_do_not_execute	869	f4898d9aefa452824269290aefb42f3fef3d6e84	yk-development-tools/.venv/Lib/site-packages/numpy/lib/_format_impl.pyi
vendored_virtual_environment_do_not_execute	196425	9ee59449e3eaee14cd115ca633ede163eb0e27cd	yk-development-tools/.venv/Lib/site-packages/numpy/lib/_function_base_impl.py
vendored_virtual_environment_do_not_execute	24116	090fb233dde1c0d7e8032114d46bd3d2a9c88f61	yk-development-tools/.venv/Lib/site-packages/numpy/lib/_function_base_impl.pyi
vendored_virtual_environment_do_not_execute	38432	b4aacd057eaab60c2bd8848b1c673004b22b4ebc	yk-development-tools/.venv/Lib/site-packages/numpy/lib/_histograms_impl.py
vendored_virtual_environment_do_not_execute	1093	5e7afb5e397b2adf7c5489adc4b86bb4c8812420	yk-development-tools/.venv/Lib/site-packages/numpy/lib/_histograms_impl.pyi
vendored_virtual_environment_do_not_execute	32186	131bbae5d098b2f134cf9347050d9502e8adba01	yk-development-tools/.venv/Lib/site-packages/numpy/lib/_index_tricks_impl.py
vendored_virtual_environment_do_not_execute	6325	7ac2b3a093e04470bfc26210c134d0de57e0dd91	yk-development-tools/.venv/Lib/site-packages/numpy/lib/_index_tricks_impl.pyi
vendored_virtual_environment_do_not_execute	30876	3586b41de86c5208ec5c94cf5e0a62284d683d1c	yk-development-tools/.venv/Lib/site-packages/numpy/lib/_iotools.py
vendored_virtual_environment_do_not_execute	3393	21cfc3b19503a03f3f71c396151bc4f5e4f7e2ed	yk-development-tools/.venv/Lib/site-packages/numpy/lib/_iotools.pyi
vendored_virtual_environment_do_not_execute	71949	4a01490301c856fcb6aaa10ac216bd41d3312c7d	yk-development-tools/.venv/Lib/site-packages/numpy/lib/_nanfunctions_impl.py
vendored_virtual_environment_do_not_execute	833	f39800d58d070ed1294f7fb896783c4d198b0f2a	yk-development-tools/.venv/Lib/site-packages/numpy/lib/_nanfunctions_impl.pyi
vendored_virtual_environment_do_not_execute	99277	6aea56703ef69efb98c594d8e22bff2d9c51582b	yk-development-tools/.venv/Lib/site-packages/numpy/lib/_npyio_impl.py
vendored_virtual_environment_do_not_execute	9388	40369c55f63df31b693e87417603a795ef09f055	yk-development-tools/.venv/Lib/site-packages/numpy/lib/_npyio_impl.pyi
vendored_virtual_environment_do_not_execute	44134	a58ca76ec2b0e37cf91ca944ffe3219925c0c275	yk-development-tools/.venv/Lib/site-packages/numpy/lib/_polynomial_impl.py
vendored_virtual_environment_do_not_execute	6999	faf2f01e6a225c469d1684eeb05d10cd90c530b6	yk-development-tools/.venv/Lib/site-packages/numpy/lib/_polynomial_impl.pyi
vendored_virtual_environment_do_not_execute	15692	8136a7d54515674cd8f0c884bf91822572274f4c	yk-development-tools/.venv/Lib/site-packages/numpy/lib/_scimath_impl.py
vendored_virtual_environment_do_not_execute	2774	e6390c29ccb393d6697998037e94c65f4d689a6f	yk-development-tools/.venv/Lib/site-packages/numpy/lib/_scimath_impl.pyi
vendored_virtual_environment_do_not_execute	39479	89b86c80964d91f9a07998588d008f108f6775fd	yk-development-tools/.venv/Lib/site-packages/numpy/lib/_shape_base_impl.py
vendored_virtual_environment_do_not_execute	5412	a50d372bb97e8028631b357f09a1c6a66d24ee4b	yk-development-tools/.venv/Lib/site-packages/numpy/lib/_shape_base_impl.pyi
vendored_virtual_environment_do_not_execute	18025	d4780783a63812a8e5d6ffe1eb3b0f1ff0b1266c	yk-development-tools/.venv/Lib/site-packages/numpy/lib/_stride_tricks_impl.py
vendored_virtual_environment_do_not_execute	1815	a7005d702d96ce78150ddaf9216e532fca395e26	yk-development-tools/.venv/Lib/site-packages/numpy/lib/_stride_tricks_impl.pyi
vendored_virtual_environment_do_not_execute	33925	dc6a55886fdb8a7e1ffffda6bbd309a8abe19f0f	yk-development-tools/.venv/Lib/site-packages/numpy/lib/_twodim_base_impl.py
vendored_virtual_environment_do_not_execute	11193	43df38ed5b066d056adb7bac826c80120c37120e	yk-development-tools/.venv/Lib/site-packages/numpy/lib/_twodim_base_impl.pyi
vendored_virtual_environment_do_not_execute	19221	977609caa299ed74702f567377385050fb209e4f	yk-development-tools/.venv/Lib/site-packages/numpy/lib/_type_check_impl.py
vendored_virtual_environment_do_not_execute	9713	944015e423bbcf2f5d62a46a23f9f38b84b8736d	yk-development-tools/.venv/Lib/site-packages/numpy/lib/_type_check_impl.pyi
vendored_virtual_environment_do_not_execute	6309	695aab1b8922385da6ecb8eb4c0bfcba9742dd9c	yk-development-tools/.venv/Lib/site-packages/numpy/lib/_ufunclike_impl.py
vendored_virtual_environment_do_not_execute	1288	a673f05c010d8ca377d0fe0bbcdcc30be8606111	yk-development-tools/.venv/Lib/site-packages/numpy/lib/_ufunclike_impl.pyi
vendored_virtual_environment_do_not_execute	7697	f3a6c0f518be754f232b2e835370760b9235dae9	yk-development-tools/.venv/Lib/site-packages/numpy/lib/_user_array_impl.py
vendored_virtual_environment_do_not_execute	9110	13c0a016342186f951adaca5b8a33e869d46e467	yk-development-tools/.venv/Lib/site-packages/numpy/lib/_user_array_impl.pyi
vendored_virtual_environment_do_not_execute	23346	2e1ee23d7d583db8c970cd1fcf9ddcc1d167d0c5	yk-development-tools/.venv/Lib/site-packages/numpy/lib/_utils_impl.py
vendored_virtual_environment_do_not_execute	371	00ed47c9fb678d07d1ec15cc33ed5b9f17d68d03	yk-development-tools/.venv/Lib/site-packages/numpy/lib/_utils_impl.pyi
vendored_virtual_environment_do_not_execute	4851	f7a353868fd23fd665ec08b8031a7ea2263fefd2	yk-development-tools/.venv/Lib/site-packages/numpy/lib/_version.py
vendored_virtual_environment_do_not_execute	641	c53ef795f9266f5233d8c86e696bd8e1f3699557	yk-development-tools/.venv/Lib/site-packages/numpy/lib/_version.pyi
vendored_virtual_environment_do_not_execute	144	c267eb021ad81de99ad8c511a54db749216d0452	yk-development-tools/.venv/Lib/site-packages/numpy/lib/array_utils.py
vendored_virtual_environment_do_not_execute	296	8adc3c5b22a6cb3a5dc30a4ab17ca0c5f32bb4a9	yk-development-tools/.venv/Lib/site-packages/numpy/lib/array_utils.pyi
vendored_virtual_environment_do_not_execute	477	8e0c79942d2365dd81259a760cfa6ce57bbc3680	yk-development-tools/.venv/Lib/site-packages/numpy/lib/format.py
vendored_virtual_environment_do_not_execute	1482	dd9470e1e6a3e130e3ac0ebda64e8e6820bc0689	yk-development-tools/.venv/Lib/site-packages/numpy/lib/format.pyi
vendored_virtual_environment_do_not_execute	2749	f4a0f32a98dac1d10ded3d0f5380588d043409a3	yk-development-tools/.venv/Lib/site-packages/numpy/lib/introspect.py
vendored_virtual_environment_do_not_execute	152	7929981cd6362ad7a992b50a74b37c700f00cbe2	yk-development-tools/.venv/Lib/site-packages/numpy/lib/introspect.pyi
vendored_virtual_environment_do_not_execute	7200	831bb34cfb55b1becbe4c55b66adb3f74b61aff8	yk-development-tools/.venv/Lib/site-packages/numpy/lib/mixins.py
vendored_virtual_environment_do_not_execute	3131	4f4801feac8f982db101444ba2c8a03baa069b24	yk-development-tools/.venv/Lib/site-packages/numpy/lib/mixins.pyi
vendored_virtual_environment_do_not_execute	68	84d8079266d7037607def92f0f2f2326a2ca5da0	yk-development-tools/.venv/Lib/site-packages/numpy/lib/npyio.py
vendored_virtual_environment_do_not_execute	192	49fb4d1fc7369015d39c3f1cabc7acfb47f547a4	yk-development-tools/.venv/Lib/site-packages/numpy/lib/npyio.pyi
vendored_virtual_environment_do_not_execute	59539	c8a6dd818e964820139af584e9b71a80c914cf7b	yk-development-tools/.venv/Lib/site-packages/numpy/lib/recfunctions.py
vendored_virtual_environment_do_not_execute	13216	073642918af3c0f85c93766d6b4476cecccd7451	yk-development-tools/.venv/Lib/site-packages/numpy/lib/recfunctions.pyi
vendored_virtual_environment_do_not_execute	169	fb6824d9bb890c9691906163734870489dc05874	yk-development-tools/.venv/Lib/site-packages/numpy/lib/scimath.py
vendored_virtual_environment_do_not_execute	512	253235dfc57670dd684d4d10e10b808128d92023	yk-development-tools/.venv/Lib/site-packages/numpy/lib/scimath.pyi
vendored_virtual_environment_do_not_execute	88	721a548f4d480ca41548a300f0fff856904d7cd9	yk-development-tools/.venv/Lib/site-packages/numpy/lib/stride_tricks.py
vendored_virtual_environment_do_not_execute	170	42d8fe9ef43b4bb6327b6bb03b03f65635ff08de	yk-development-tools/.venv/Lib/site-packages/numpy/lib/stride_tricks.pyi
vendored_virtual_environment_do_not_execute	0	e69de29bb2d1d6434b8b29ae775ad8c2e48c5391	yk-development-tools/.venv/Lib/site-packages/numpy/lib/tests/__init__.py
vendored_virtual_environment_do_not_execute	208	73c05c7e8eb3b9022aa34e7b570d635f3b03f42d	yk-development-tools/.venv/Lib/site-packages/numpy/lib/tests/__pycache__/__init__.cpython-312.pyc
vendored_virtual_environment_do_not_execute	20908	f50e8533717ecac80f066625a9550f4084ce9ba8	yk-development-tools/.venv/Lib/site-packages/numpy/lib/tests/__pycache__/test__datasource.cpython-312.pyc
vendored_virtual_environment_do_not_execute	18640	f63fd6ec46270a1b0353561f72da4d4990c34543	yk-development-tools/.venv/Lib/site-packages/numpy/lib/tests/__pycache__/test__iotools.cpython-312.pyc
vendored_virtual_environment_do_not_execute	3465	81e9ebf14d57195081c01818523684e3c2faceda	yk-development-tools/.venv/Lib/site-packages/numpy/lib/tests/__pycache__/test__version.cpython-312.pyc
vendored_virtual_environment_do_not_execute	2560	26204344e67402a0cfa571f93d2cb2c899333c9d	yk-development-tools/.venv/Lib/site-packages/numpy/lib/tests/__pycache__/test_array_utils.cpython-312.pyc
vendored_virtual_environment_do_not_execute	71903	974eb4812112c78fb80b214611d8966a04d78d6e	yk-development-tools/.venv/Lib/site-packages/numpy/lib/tests/__pycache__/test_arraypad.cpython-312.pyc
vendored_virtual_environment_do_not_execute	58991	0d1c2e09f2fa1ed870c3b3f03f487ceb0a6474eb	yk-development-tools/.venv/Lib/site-packages/numpy/lib/tests/__pycache__/test_arraysetops.cpython-312.pyc
vendored_virtual_environment_do_not_execute	2650	5ca105081c5f3367a1bb235046246eae77f8bd97	yk-development-tools/.venv/Lib/site-packages/numpy/lib/tests/__pycache__/test_arrayterator.cpython-312.pyc
vendored_virtual_environment_do_not_execute	54982	eba2e857cf86e09f78e6972ba152b747c0014610	yk-development-tools/.venv/Lib/site-packages/numpy/lib/tests/__pycache__/test_format.cpython-312.pyc
vendored_virtual_environment_do_not_execute	300652	d5d1c07f84f670af3c04b01071152ce4ebcfa4b0	yk-development-tools/.venv/Lib/site-packages/numpy/lib/tests/__pycache__/test_function_base.cpython-312.pyc
vendored_virtual_environment_do_not_execute	51287	1ad6d619011347ea4d2d7b8abad25390691385e1	yk-development-tools/.venv/Lib/site-packages/numpy/lib/tests/__pycache__/test_histograms.cpython-312.pyc
vendored_virtual_environment_do_not_execute	35437	dec9b4bd7f6a8f50fa0f4ca10dfa8ef32ab81349	yk-development-tools/.venv/Lib/site-packages/numpy/lib/tests/__pycache__/test_index_tricks.cpython-312.pyc
vendored_virtual_environment_do_not_execute	175779	76176a7be047878bc1641107dfffdf71efe358c4	yk-development-tools/.venv/Lib/site-packages/numpy/lib/tests/__pycache__/test_io.cpython-312.pyc
vendored_virtual_environment_do_not_execute	66620	967472f503616641fb38aa6f4e50b695a3766c6f	yk-development-tools/.venv/Lib/site-packages/numpy/lib/tests/__pycache__/test_loadtxt.cpython-312.pyc
vendored_virtual_environment_do_not_execute	12641	aed230159fe38cae5b879f6ab86cfbfabd294c19	yk-development-tools/.venv/Lib/site-packages/numpy/lib/tests/__pycache__/test_mixins.cpython-312.pyc
vendored_virtual_environment_do_not_execute	92145	a31cd56b318a37cd222f99e2990a6cfdd355c308	yk-development-tools/.venv/Lib/site-packages/numpy/lib/tests/__pycache__/test_nanfunctions.cpython-312.pyc
vendored_virtual_environment_do_not_execute	23127	8e986473b4cb819a1938e1c5a21180d8f2932afc	yk-development-tools/.venv/Lib/site-packages/numpy/lib/tests/__pycache__/test_packbits.cpython-312.pyc
vendored_virtual_environment_do_not_execute	22345	3a65754f6f5c287b70fefcda08b454700ba9afc1	yk-development-tools/.venv/Lib/site-packages/numpy/lib/tests/__pycache__/test_polynomial.cpython-312.pyc
vendored_virtual_environment_do_not_execute	57949	ee898f2689a7dbd953e56224b8672a3fbe86963e	yk-development-tools/.venv/Lib/site-packages/numpy/lib/tests/__pycache__/test_recfunctions.cpython-312.pyc
vendored_virtual_environment_do_not_execute	15298	a065074a945bd9a649871ee19ba567a31035cedf	yk-development-tools/.venv/Lib/site-packages/numpy/lib/tests/__pycache__/test_regression.cpython-312.pyc
vendored_virtual_environment_do_not_execute	56354	415d9518b33a4676e861a47bc3b5b790075daaa5	yk-development-tools/.venv/Lib/site-packages/numpy/lib/tests/__pycache__/test_shape_base.cpython-312.pyc
vendored_virtual_environment_do_not_execute	29945	bcd4a602d16349bf1b6fc2ba20639b3d761a64ec	yk-development-tools/.venv/Lib/site-packages/numpy/lib/tests/__pycache__/test_stride_tricks.cpython-312.pyc
vendored_virtual_environment_do_not_execute	29303	76541d154d2aa6df66bbd1546c3b314b776f3cf7	yk-development-tools/.venv/Lib/site-packages/numpy/lib/tests/__pycache__/test_twodim_base.cpython-312.pyc
vendored_virtual_environment_do_not_execute	31483	2bfc1ae3fc504a3b65c6918975197b60087024b0	yk-development-tools/.venv/Lib/site-packages/numpy/lib/tests/__pycache__/test_type_check.cpython-312.pyc
vendored_virtual_environment_do_not_execute	6041	fec83e2787994f4ea76df1290097101cfdfd0312	yk-development-tools/.venv/Lib/site-packages/numpy/lib/tests/__pycache__/test_ufunclike.cpython-312.pyc
vendored_virtual_environment_do_not_execute	4184	db93494a5ae2c84c7369496320f1d031c7086401	yk-development-tools/.venv/Lib/site-packages/numpy/lib/tests/__pycache__/test_utils.cpython-312.pyc
vendored_virtual_environment_do_not_execute	258	a6e9e23974e674f1f42670a3824ed42254000656	yk-development-tools/.venv/Lib/site-packages/numpy/lib/tests/data/py2-np0-objarr.npy
vendored_virtual_environment_do_not_execute	258	12936c92d8f8a122f2342a7782f56e7506010c40	yk-development-tools/.venv/Lib/site-packages/numpy/lib/tests/data/py2-objarr.npy
vendored_virtual_environment_do_not_execute	366	68a3b53a1df0574ad05b0e8bc53279e1110db9af	yk-development-tools/.venv/Lib/site-packages/numpy/lib/tests/data/py2-objarr.npz
vendored_virtual_environment_do_not_execute	325	c9f33b010db65a716475b178aeb1bf9937a46729	yk-development-tools/.venv/Lib/site-packages/numpy/lib/tests/data/py3-objarr.npy
vendored_virtual_environment_do_not_execute	453	fd7d9d31ca974c5ae05b1ba397253226373cde86	yk-development-tools/.venv/Lib/site-packages/numpy/lib/tests/data/py3-objarr.npz
vendored_virtual_environment_do_not_execute	96	7c6997dd69eef019d6745dee125e92434b7954e3	yk-development-tools/.venv/Lib/site-packages/numpy/lib/tests/data/python3.npy
vendored_virtual_environment_do_not_execute	96	d9bc36af7392dbee12a43c436e2178235ac60b13	yk-development-tools/.venv/Lib/site-packages/numpy/lib/tests/data/win64python2.npy
vendored_virtual_environment_do_not_execute	10581	65137324d1a95a0f497d28185436cdd0f30477b7	yk-development-tools/.venv/Lib/site-packages/numpy/lib/tests/test__datasource.py
vendored_virtual_environment_do_not_execute	13765	1581ffbe95fd3b51c14c2fcc19a26e478de65ee6	yk-development-tools/.venv/Lib/site-packages/numpy/lib/tests/test__iotools.py
vendored_virtual_environment_do_not_execute	1999	6e6a34a241ac8e86a5a6735a66a685f42dd80d43	yk-development-tools/.venv/Lib/site-packages/numpy/lib/tests/test__version.py
vendored_virtual_environment_do_not_execute	1118	55b9d283b15b860fc7f2b104ed813fda815a559c	yk-development-tools/.venv/Lib/site-packages/numpy/lib/tests/test_array_utils.py
vendored_virtual_environment_do_not_execute	56155	6efbe348ca8106ed467a58a10579e0aca5f2e1db	yk-development-tools/.venv/Lib/site-packages/numpy/lib/tests/test_arraypad.py
vendored_virtual_environment_do_not_execute	40445	7865e1b16ee96cd534f3be5936d127560a27daea	yk-development-tools/.venv/Lib/site-packages/numpy/lib/tests/test_arraysetops.py
vendored_virtual_environment_do_not_execute	1301	800c9a2a5f77bf5dcc87505522d99f43f8bffc37	yk-development-tools/.venv/Lib/site-packages/numpy/lib/tests/test_arrayterator.py
vendored_virtual_environment_do_not_execute	41956	d805d3493ca4969673fb3070470d346bab421b78	yk-development-tools/.venv/Lib/site-packages/numpy/lib/tests/test_format.py
vendored_virtual_environment_do_not_execute	171119	f2dba193c849297facee9b6f7bfd9d7bac508467	yk-development-tools/.venv/Lib/site-packages/numpy/lib/tests/test_function_base.py
vendored_virtual_environment_do_not_execute	33966	b7752d1a8f1ec682652b1f4227ff5b0aa788ab97	yk-development-tools/.venv/Lib/site-packages/numpy/lib/tests/test_histograms.py
vendored_virtual_environment_do_not_execute	20477	ed8709db52383f6bc8e345f89164975f41ce3552	yk-development-tools/.venv/Lib/site-packages/numpy/lib/tests/test_index_tricks.py
vendored_virtual_environment_do_not_execute	110989	303dcfe7dd62b83fac09fca17e69e55959e40cef	yk-development-tools/.venv/Lib/site-packages/numpy/lib/tests/test_io.py
vendored_virtual_environment_do_not_execute	40557	a2022a0d5175f5f83b3ab2823c2964c18f64e6cb	yk-development-tools/.venv/Lib/site-packages/numpy/lib/tests/test_loadtxt.py
vendored_virtual_environment_do_not_execute	7009	f0aec156d0eebc494a488814bbb39cb818915e20	yk-development-tools/.venv/Lib/site-packages/numpy/lib/tests/test_mixins.py
vendored_virtual_environment_do_not_execute	54098	89a6d1f95fed2fcbd2519d7f3b8e094a2266fa56	yk-development-tools/.venv/Lib/site-packages/numpy/lib/tests/test_nanfunctions.py
vendored_virtual_environment_do_not_execute	17543	0b0e9d1857c87240a8f96699e294fb2da90d37a0	yk-development-tools/.venv/Lib/site-packages/numpy/lib/tests/test_packbits.py
vendored_virtual_environment_do_not_execute	12312	c173ac321d741ab47dd3c1dd6cdb8fd542f10abc	yk-development-tools/.venv/Lib/site-packages/numpy/lib/tests/test_polynomial.py
vendored_virtual_environment_do_not_execute	43928	eee1f47f834fc9af0d4e76975d5e8b8dfe129fee	yk-development-tools/.venv/Lib/site-packages/numpy/lib/tests/test_recfunctions.py
vendored_virtual_environment_do_not_execute	7716	8839ed53c5068978ce0b19c044115c48a42c6c96	yk-development-tools/.venv/Lib/site-packages/numpy/lib/tests/test_regression.py
vendored_virtual_environment_do_not_execute	27406	b0b68dda773cffb5aea653c6f4a2d3fe30289909	yk-development-tools/.venv/Lib/site-packages/numpy/lib/tests/test_shape_base.py
vendored_virtual_environment_do_not_execute	23030	fe40c953a147d3d2d7eef4bf963fc4bed6283087	yk-development-tools/.venv/Lib/site-packages/numpy/lib/tests/test_stride_tricks.py
vendored_virtual_environment_do_not_execute	18925	eb6aa69a443cb67d8d233bcb3f58b2ed1e1f75bc	yk-development-tools/.venv/Lib/site-packages/numpy/lib/tests/test_twodim_base.py
vendored_virtual_environment_do_not_execute	14796	447c2c36c192769b9b94bc6e295fd52b1dfe4f7e	yk-development-tools/.venv/Lib/site-packages/numpy/lib/tests/test_type_check.py
vendored_virtual_environment_do_not_execute	3015	b4257ebf9191f34905c9178cb16e486987df9375	yk-development-tools/.venv/Lib/site-packages/numpy/lib/tests/test_ufunclike.py
vendored_virtual_environment_do_not_execute	2374	0106ee0d8414d6eb73257e20abee03d55b99a001	yk-development-tools/.venv/Lib/site-packages/numpy/lib/tests/test_utils.py
vendored_virtual_environment_do_not_execute	63	2e96d03b5952634d206907bc505c31cd93774f86	yk-development-tools/.venv/Lib/site-packages/numpy/lib/user_array.py
vendored_virtual_environment_do_not_execute	53	9b90d893326b41266b47e23b2faa75e33b346078	yk-development-tools/.venv/Lib/site-packages/numpy/lib/user_array.pyi
vendored_virtual_environment_do_not_execute	2124	fa230ece580ca8a1638ee3dae21d2a785afe7033	yk-development-tools/.venv/Lib/site-packages/numpy/linalg/__init__.py
vendored_virtual_environment_do_not_execute	1060	16c8048c1a11f804ce2db3ede7e7ca8142937185	yk-development-tools/.venv/Lib/site-packages/numpy/linalg/__init__.pyi
vendored_virtual_environment_do_not_execute	2356	62a87965151d9881d0d11d1b50305914032466ea	yk-development-tools/.venv/Lib/site-packages/numpy/linalg/__pycache__/__init__.cpython-312.pyc
vendored_virtual_environment_do_not_execute	126075	215456f9d4c60e94b7c4cd3c531f80208bb16fd4	yk-development-tools/.venv/Lib/site-packages/numpy/linalg/__pycache__/_linalg.cpython-312.pyc
vendored_virtual_environment_do_not_execute	919	c579e97a8770770abc617a601a2e5932c3de70ed	yk-development-tools/.venv/Lib/site-packages/numpy/linalg/__pycache__/linalg.cpython-312.pyc
vendored_virtual_environment_do_not_execute	115106	e09cca3e438f8e454b4dd15f84d5d3f378e340b4	yk-development-tools/.venv/Lib/site-packages/numpy/linalg/_linalg.py
vendored_virtual_environment_do_not_execute	11141	3f318a892da52c6a34f8b9fada5a9ab5cc6e3d76	yk-development-tools/.venv/Lib/site-packages/numpy/linalg/_linalg.pyi
vendored_virtual_environment_do_not_execute	2120	25e755b9e858ee7d6a67fa27b4736fe93d2549c0	yk-development-tools/.venv/Lib/site-packages/numpy/linalg/_umath_linalg.cp312-win_amd64.lib
vendored_virtual_environment_do_not_execute	111104	6f5a609901274aa54b9ec1daf36ef7356d04ae1e	yk-development-tools/.venv/Lib/site-packages/numpy/linalg/_umath_linalg.cp312-win_amd64.pyd
vendored_virtual_environment_do_not_execute	1409	cd07acdb1f9ed16811bf9898a0aa02c58d95f41e	yk-development-tools/.venv/Lib/site-packages/numpy/linalg/_umath_linalg.pyi
vendored_virtual_environment_do_not_execute	2084	8951fe87f0400c15d2e0cd5912e3c9bcb0bc9546	yk-development-tools/.venv/Lib/site-packages/numpy/linalg/lapack_lite.cp312-win_amd64.lib
vendored_virtual_environment_do_not_execute	18432	96cfb8ea741ed95a92ccd08b5d8b5afe5d070bc7	yk-development-tools/.venv/Lib/site-packages/numpy/linalg/lapack_lite.cp312-win_amd64.pyd
vendored_virtual_environment_do_not_execute	2672	835293a26762519a1fb58f6293977c95f6c9d3d2	yk-development-tools/.venv/Lib/site-packages/numpy/linalg/lapack_lite.pyi
vendored_virtual_environment_do_not_execute	585	81c80d0fd6905d998980adb22d81323207dd4e55	yk-development-tools/.venv/Lib/site-packages/numpy/linalg/linalg.py
vendored_virtual_environment_do_not_execute	932	dbe9becfb8d51b449542039c7881e62e72bfa535	yk-development-tools/.venv/Lib/site-packages/numpy/linalg/linalg.pyi
vendored_virtual_environment_do_not_execute	0	e69de29bb2d1d6434b8b29ae775ad8c2e48c5391	yk-development-tools/.venv/Lib/site-packages/numpy/linalg/tests/__init__.py
vendored_virtual_environment_do_not_execute	211	292f11c5893ef28bb7a500713544ac49ab88ea77	yk-development-tools/.venv/Lib/site-packages/numpy/linalg/tests/__pycache__/__init__.cpython-312.pyc
vendored_virtual_environment_do_not_execute	1255	16e3e240659715701dd9e425cb974adcfc46e1da	yk-development-tools/.venv/Lib/site-packages/numpy/linalg/tests/__pycache__/test_deprecations.cpython-312.pyc
vendored_virtual_environment_do_not_execute	145085	9c2bf357a0a22df4c61d8a01ed3825c776e58119	yk-development-tools/.venv/Lib/site-packages/numpy/linalg/tests/__pycache__/test_linalg.cpython-312.pyc
vendored_virtual_environment_do_not_execute	10929	9e57f32e8100e386e38a55b034fc7f305152a5f6	yk-development-tools/.venv/Lib/site-packages/numpy/linalg/tests/__pycache__/test_regression.cpython-312.pyc
vendored_virtual_environment_do_not_execute	640	cd4c10832e7e7240175571605a07541f0c188f89	yk-development-tools/.venv/Lib/site-packages/numpy/linalg/tests/test_deprecations.py
vendored_virtual_environment_do_not_execute	84998	f271d59e4eb0718e7e83349f45dd9e457a78a210	yk-development-tools/.venv/Lib/site-packages/numpy/linalg/tests/test_linalg.py
vendored_virtual_environment_do_not_execute	6704	c46f83adb0af30524c4d2792c2b652c5b1f62515	yk-development-tools/.venv/Lib/site-packages/numpy/linalg/tests/test_regression.py
vendored_virtual_environment_do_not_execute	3405	a3d792a1fad983fc0b8403870c2e2d801dabf314	yk-development-tools/.venv/Lib/site-packages/numpy/ma/API_CHANGES.txt
vendored_virtual_environment_do_not_execute	1593	b41aae0c89a0f2486843d395f972db759c73c4b8	yk-development-tools/.venv/Lib/site-packages/numpy/ma/LICENSE
vendored_virtual_environment_do_not_execute	9874	cd1010329de627e2fe89e51d593e28e9892f69c2	yk-development-tools/.venv/Lib/site-packages/numpy/ma/README.rst
vendored_virtual_environment_do_not_execute	1406	e2a742e9b64ac83d17d934f929a0749ccfbb5c08	yk-development-tools/.venv/Lib/site-packages/numpy/ma/__init__.py
vendored_virtual_environment_do_not_execute	6946	176e929a822830240839c995b1bb32bd704cbff9	yk-development-tools/.venv/Lib/site-packages/numpy/ma/__init__.pyi
vendored_virtual_environment_do_not_execute	1697	4b011ed573016996457e76475d3a0d741c09a612	yk-development-tools/.venv/Lib/site-packages/numpy/ma/__pycache__/__init__.cpython-312.pyc
vendored_virtual_environment_do_not_execute	311564	110f0f5ac71bc5c3161c69b8aaf520468a0dabea	yk-development-tools/.venv/Lib/site-packages/numpy/ma/__pycache__/core.cpython-312.pyc
vendored_virtual_environment_do_not_execute	83161	22f77c576f2794881739744b7ffef4a7cd4393da	yk-development-tools/.venv/Lib/site-packages/numpy/ma/__pycache__/extras.cpython-312.pyc
vendored_virtual_environment_do_not_execute	34245	f0bcebd1c62ccaa09a14c71e8c8bbaf53ce24d99	yk-development-tools/.venv/Lib/site-packages/numpy/ma/__pycache__/mrecords.cpython-312.pyc
vendored_virtual_environment_do_not_execute	12712	8bb2d09410551e34d3d1151119e2acd25ab4061f	yk-development-tools/.venv/Lib/site-packages/numpy/ma/__pycache__/testutils.cpython-312.pyc
vendored_virtual_environment_do_not_execute	288881	05ea373a6a12e8c8fb588cf16aff730761957ca0	yk-development-tools/.venv/Lib/site-packages/numpy/ma/core.py
vendored_virtual_environment_do_not_execute	40459	089469dbe38a2125f80bb4dbfab66703c3cd4791	yk-development-tools/.venv/Lib/site-packages/numpy/ma/core.pyi
vendored_virtual_environment_do_not_execute	70680	094c1e26b1918045e2194d0af088c877305750e6	yk-development-tools/.venv/Lib/site-packages/numpy/ma/extras.py
vendored_virtual_environment_do_not_execute	3794	c3f9fcde4a0a23d6e95f48eb1d9731f9b9b4b110	yk-development-tools/.venv/Lib/site-packages/numpy/ma/extras.pyi
vendored_virtual_environment_do_not_execute	27073	835f3ce5b7727c139a528e77d95438a3e6ea04e2	yk-development-tools/.venv/Lib/site-packages/numpy/ma/mrecords.py
vendored_virtual_environment_do_not_execute	1973	cae687aa7d1a42546570bbd35088c822e693d2e8	yk-development-tools/.venv/Lib/site-packages/numpy/ma/mrecords.pyi
vendored_virtual_environment_do_not_execute	0	e69de29bb2d1d6434b8b29ae775ad8c2e48c5391	yk-development-tools/.venv/Lib/site-packages/numpy/ma/tests/__init__.py
vendored_virtual_environment_do_not_execute	207	5115213dda755db4cc9df979bf4e91fa6d202aac	yk-development-tools/.venv/Lib/site-packages/numpy/ma/tests/__pycache__/__init__.cpython-312.pyc
vendored_virtual_environment_do_not_execute	2267	7bfc16516aaff809a7ee533e83e7c960518d165f	yk-development-tools/.venv/Lib/site-packages/numpy/ma/tests/__pycache__/test_arrayobject.cpython-312.pyc
vendored_virtual_environment_do_not_execute	348299	1ce1b45dedd1b8ed58107b278936242ee04ad543	yk-development-tools/.venv/Lib/site-packages/numpy/ma/tests/__pycache__/test_core.cpython-312.pyc
vendored_virtual_environment_do_not_execute	4832	066606e6717f603b5da338e8611142d68152a20f	yk-development-tools/.venv/Lib/site-packages/numpy/ma/tests/__pycache__/test_deprecations.cpython-312.pyc
vendored_virtual_environment_do_not_execute	128534	850649f063d2239a0002078bd8bf652a782f6e09	yk-development-tools/.venv/Lib/site-packages/numpy/ma/tests/__pycache__/test_extras.cpython-312.pyc
vendored_virtual_environment_do_not_execute	30676	3d553eae7d484084cc7447f90673b621ef83cbc2	yk-development-tools/.venv/Lib/site-packages/numpy/ma/tests/__pycache__/test_mrecords.cpython-312.pyc
vendored_virtual_environment_do_not_execute	64287	6c7526d10fc7d9732ef7cb0f3b8af456c6f91dbb	yk-development-tools/.venv/Lib/site-packages/numpy/ma/tests/__pycache__/test_old_ma.cpython-312.pyc
vendored_virtual_environment_do_not_execute	7508	6bb983c3158ef4733bb03ae90cac6cb7a3a675e0	yk-development-tools/.venv/Lib/site-packages/numpy/ma/tests/__pycache__/test_regression.cpython-312.pyc
vendored_virtual_environment_do_not_execute	27749	1aa08368f76c46338e792455dca0a735f53e5e8d	yk-development-tools/.venv/Lib/site-packages/numpy/ma/tests/__pycache__/test_subclassing.cpython-312.pyc
vendored_virtual_environment_do_not_execute	1099	2000cea226fce9dea890553601594d7c1255d77c	yk-development-tools/.venv/Lib/site-packages/numpy/ma/tests/test_arrayobject.py
vendored_virtual_environment_do_not_execute	219717	091ba6c99fff1fe52fa1a67c753bec9d62bfb509	yk-development-tools/.venv/Lib/site-packages/numpy/ma/tests/test_core.py
vendored_virtual_environment_do_not_execute	2569	8cc8b9c72bb95217cb53f97c7a5bad43e52c8137	yk-development-tools/.venv/Lib/site-packages/numpy/ma/tests/test_deprecations.py
vendored_virtual_environment_do_not_execute	78435	3d10e839cbc959058a6bbc81a0483f1ac5762043	yk-development-tools/.venv/Lib/site-packages/numpy/ma/tests/test_extras.py
vendored_virtual_environment_do_not_execute	19894	0da915101511aac28d913ce0e74d27a828d18a52	yk-development-tools/.venv/Lib/site-packages/numpy/ma/tests/test_mrecords.py
vendored_virtual_environment_do_not_execute	33018	30c3311798fc6d4fdd8375abd232feddce2e16e0	yk-development-tools/.venv/Lib/site-packages/numpy/ma/tests/test_old_ma.py
vendored_virtual_environment_do_not_execute	3303	025387ba454c480df5f7a8380e2f317b37a7e75d	yk-development-tools/.venv/Lib/site-packages/numpy/ma/tests/test_regression.py
vendored_virtual_environment_do_not_execute	16936	3364e563097e94a197438b4f2ba258b94ee87102	yk-development-tools/.venv/Lib/site-packages/numpy/ma/tests/test_subclassing.py
vendored_virtual_environment_do_not_execute	10235	bffcc34b759c42614f5863106566a9a766eb6557	yk-development-tools/.venv/Lib/site-packages/numpy/ma/testutils.py
vendored_virtual_environment_do_not_execute	10638	f27d503cdbca80c745b14b8854afecc56125df9a	yk-development-tools/.venv/Lib/site-packages/numpy/matlib.py
vendored_virtual_environment_do_not_execute	9602	baeadc078028ebf79e2a2bf8c25216f84fddf0fc	yk-development-tools/.venv/Lib/site-packages/numpy/matlib.pyi
vendored_virtual_environment_do_not_execute	243	1ff5cb58cc960323796ce4d8626b0da0ec166ef7	yk-development-tools/.venv/Lib/site-packages/numpy/matrixlib/__init__.py
vendored_virtual_environment_do_not_execute	106	56ae8bf4c84b74c9e4e8bb9a32539a42fcfd5139	yk-development-tools/.venv/Lib/site-packages/numpy/matrixlib/__init__.pyi
vendored_virtual_environment_do_not_execute	502	3da7a09da3179485682032501c3abe4ed260e1dd	yk-development-tools/.venv/Lib/site-packages/numpy/matrixlib/__pycache__/__init__.cpython-312.pyc
vendored_virtual_environment_do_not_execute	36099	3a2d2358bb8984bc32572453069e0f97157a964b	yk-development-tools/.venv/Lib/site-packages/numpy/matrixlib/__pycache__/defmatrix.cpython-312.pyc
vendored_virtual_environment_do_not_execute	30875	39b9a935500e04f3d3b872413d45e4d081008724	yk-development-tools/.venv/Lib/site-packages/numpy/matrixlib/defmatrix.py
vendored_virtual_environment_do_not_execute	478	ee8f83746998e9dceee9c7bb2c7375aace4e200d	yk-development-tools/.venv/Lib/site-packages/numpy/matrixlib/defmatrix.pyi
vendored_virtual_environment_do_not_execute	0	e69de29bb2d1d6434b8b29ae775ad8c2e48c5391	yk-development-tools/.venv/Lib/site-packages/numpy/matrixlib/tests/__init__.py
vendored_virtual_environment_do_not_execute	214	88f679512ce9b20131a2ad2482ba4d049a046ab3	yk-development-tools/.venv/Lib/site-packages/numpy/matrixlib/tests/__pycache__/__init__.cpython-312.pyc
vendored_virtual_environment_do_not_execute	32961	16a6be0c1be230f19343f7e96d28cd3572f5f14d	yk-development-tools/.venv/Lib/site-packages/numpy/matrixlib/tests/__pycache__/test_defmatrix.cpython-312.pyc
vendored_virtual_environment_do_not_execute	21398	52764e6616fcdd953fb6307bd4221a4e19b9f6d2	yk-development-tools/.venv/Lib/site-packages/numpy/matrixlib/tests/__pycache__/test_interaction.cpython-312.pyc
vendored_virtual_environment_do_not_execute	16663	47096459da12f1faeff8f23326dea6e09a57cf21	yk-development-tools/.venv/Lib/site-packages/numpy/matrixlib/tests/__pycache__/test_masked_matrix.cpython-312.pyc
vendored_virtual_environment_do_not_execute	4307	3404b3f4730c7d7ac296ef2f8456ca7612767497	yk-development-tools/.venv/Lib/site-packages/numpy/matrixlib/tests/__pycache__/test_matrix_linalg.cpython-312.pyc
vendored_virtual_environment_do_not_execute	1630	82414dd0aeb708460416843a3a27d33355d9f3e4	yk-development-tools/.venv/Lib/site-packages/numpy/matrixlib/tests/__pycache__/test_multiarray.cpython-312.pyc
vendored_virtual_environment_do_not_execute	1442	11e50401512accbda32dac9a184c651d8512d0b5	yk-development-tools/.venv/Lib/site-packages/numpy/matrixlib/tests/__pycache__/test_numeric.cpython-312.pyc
vendored_virtual_environment_do_not_execute	2849	2233342c66715e324500e535053facb62dc50ae9	yk-development-tools/.venv/Lib/site-packages/numpy/matrixlib/tests/__pycache__/test_regression.cpython-312.pyc
vendored_virtual_environment_do_not_execute	14977	ce23933ab7f72ece4510c96bc39bb69e87de2a92	yk-development-tools/.venv/Lib/site-packages/numpy/matrixlib/tests/test_defmatrix.py
vendored_virtual_environment_do_not_execute	11874	87d133a2c58616f98a6f0eedc95b8ac925019a49	yk-development-tools/.venv/Lib/site-packages/numpy/matrixlib/tests/test_interaction.py
vendored_virtual_environment_do_not_execute	8787	e6df047ee6ca23f7e92fbba7b17d4cbcba70ed6f	yk-development-tools/.venv/Lib/site-packages/numpy/matrixlib/tests/test_masked_matrix.py
vendored_virtual_environment_do_not_execute	2149	4e639653bda446b7c208f4352ce6e2d9b1e2ee17	yk-development-tools/.venv/Lib/site-packages/numpy/matrixlib/tests/test_matrix_linalg.py
vendored_virtual_environment_do_not_execute	555	2d9d1f8efe4175e36120bb51a8106b23ca02154e	yk-development-tools/.venv/Lib/site-packages/numpy/matrixlib/tests/test_multiarray.py
vendored_virtual_environment_do_not_execute	447	f2c259f2fb97c1f9c9354eebbbd036115f2fcc48	yk-development-tools/.venv/Lib/site-packages/numpy/matrixlib/tests/test_numeric.py
vendored_virtual_environment_do_not_execute	934	a78bf74cbb15184949477c2262488d2964e6a49e	yk-development-tools/.venv/Lib/site-packages/numpy/matrixlib/tests/test_regression.py
vendored_virtual_environment_do_not_execute	6726	ed1ad5a2fdd343cdcb243cd34ce5bb06c0aa0c15	yk-development-tools/.venv/Lib/site-packages/numpy/polynomial/__init__.py
vendored_virtual_environment_do_not_execute	688	6fb0fb5ec7fa1f4321f8f57df56ba1c246b9fb8f	yk-development-tools/.venv/Lib/site-packages/numpy/polynomial/__init__.pyi
vendored_virtual_environment_do_not_execute	6952	fa4cee4f49b43628f2e541bdf31e153cf3c948aa	yk-development-tools/.venv/Lib/site-packages/numpy/polynomial/__pycache__/__init__.cpython-312.pyc
vendored_virtual_environment_do_not_execute	48966	63a5c02edeec9d6b078d66f574d120412fa4ab0b	yk-development-tools/.venv/Lib/site-packages/numpy/polynomial/__pycache__/_polybase.cpython-312.pyc
vendored_virtual_environment_do_not_execute	71815	fabfbed77354f62f7340b15adb4668816585d0d5	yk-development-tools/.venv/Lib/site-packages/numpy/polynomial/__pycache__/chebyshev.cpython-312.pyc
vendored_virtual_environment_do_not_execute	62556	ef8f6faf2a5fe101013e160677f7e6b181380a7e	yk-development-tools/.venv/Lib/site-packages/numpy/polynomial/__pycache__/hermite.cpython-312.pyc
vendored_virtual_environment_do_not_execute	59928	6bf375468042bc49fb328b29dd04b043d6afb227	yk-development-tools/.venv/Lib/site-packages/numpy/polynomial/__pycache__/hermite_e.cpython-312.pyc
vendored_virtual_environment_do_not_execute	59686	99cc7118d081226a1cf165a8e54088003564994d	yk-development-tools/.venv/Lib/site-packages/numpy/polynomial/__pycache__/laguerre.cpython-312.pyc
vendored_virtual_environment_do_not_execute	58258	2f43d631063c7364a0021f73dbbd6f91c9963f39	yk-development-tools/.venv/Lib/site-packages/numpy/polynomial/__pycache__/legendre.cpython-312.pyc
vendored_virtual_environment_do_not_execute	58189	ddaea297de2262533f0ab626e7d792f0a3d01a20	yk-development-tools/.venv/Lib/site-packages/numpy/polynomial/__pycache__/polynomial.cpython-312.pyc
vendored_virtual_environment_do_not_execute	28854	426cadf4c880130b1e48ed69615b4f517765fa7e	yk-development-tools/.venv/Lib/site-packages/numpy/polynomial/__pycache__/polyutils.cpython-312.pyc
vendored_virtual_environment_do_not_execute	39358	f89343340931bcf5a4d1aadb59739d44db1b1036	yk-development-tools/.venv/Lib/site-packages/numpy/polynomial/_polybase.py
vendored_virtual_environment_do_not_execute	8187	6d71a8cb8d2c3bcd595e84450f2cd1c36e685e2c	yk-development-tools/.venv/Lib/site-packages/numpy/polynomial/_polybase.pyi
vendored_virtual_environment_do_not_execute	22382	241a65be2fa256815bb9536b8a55fc59e2428129	yk-development-tools/.venv/Lib/site-packages/numpy/polynomial/_polytypes.pyi
vendored_virtual_environment_do_not_execute	62322	58fce6046287c96b87a5d25e06db7b123d3ccda0	yk-development-tools/.venv/Lib/site-packages/numpy/polynomial/chebyshev.py
vendored_virtual_environment_do_not_execute	4787	ec342df0f9d1f47e052ed58b1c9ab23a4b74d878	yk-development-tools/.venv/Lib/site-packages/numpy/polynomial/chebyshev.pyi
vendored_virtual_environment_do_not_execute	54603	47e1dfc05b4b21337d6e1b8778bc91db5e7b672c	yk-development-tools/.venv/Lib/site-packages/numpy/polynomial/hermite.py
vendored_virtual_environment_do_not_execute	2463	f7d907c1b39d39e9c94874100bc997f313538ff1	yk-development-tools/.venv/Lib/site-packages/numpy/polynomial/hermite.pyi
vendored_virtual_environment_do_not_execute	52305	d30fc1b5aa1499e2391cd2645b0af221a068d910	yk-development-tools/.venv/Lib/site-packages/numpy/polynomial/hermite_e.py
vendored_virtual_environment_do_not_execute	2555	e8013e66b62f2e1c9e33a1a09b58f6ca58a6aa0f	yk-development-tools/.venv/Lib/site-packages/numpy/polynomial/hermite_e.pyi
vendored_virtual_environment_do_not_execute	52474	38eb5a80b200b91638017e021c4d8b5801ebef8f	yk-development-tools/.venv/Lib/site-packages/numpy/polynomial/laguerre.py
vendored_virtual_environment_do_not_execute	2191	6f67257a607c4f481a107c01463f49c059df2c0f	yk-development-tools/.venv/Lib/site-packages/numpy/polynomial/laguerre.pyi
vendored_virtual_environment_do_not_execute	51129	b43bdfa83034cacb5937cca737eab7c247127d50	yk-development-tools/.venv/Lib/site-packages/numpy/polynomial/legendre.py
vendored_virtual_environment_do_not_execute	2191	35ea2ffd2bf249c370f5a0639c2eb6e81798d982	yk-development-tools/.venv/Lib/site-packages/numpy/polynomial/legendre.pyi
vendored_virtual_environment_do_not_execute	52196	32b53b757a1c9e735e8c310da4a8848f2a38b777	yk-development-tools/.venv/Lib/site-packages/numpy/polynomial/polynomial.py
vendored_virtual_environment_do_not_execute	2021	b4c784492b50d59e46f791d1661896dacc71aa5d	yk-development-tools/.venv/Lib/site-packages/numpy/polynomial/polynomial.pyi
vendored_virtual_environment_do_not_execute	22657	18dc0a8d1d240cdd70aa1608c5d9b6286a9c9a12	yk-development-tools/.venv/Lib/site-packages/numpy/polynomial/polyutils.py
vendored_virtual_environment_do_not_execute	10235	c627e16dca1d225997b3fb487f68ab5ff1a60399	yk-development-tools/.venv/Lib/site-packages/numpy/polynomial/polyutils.pyi
vendored_virtual_environment_do_not_execute	0	e69de29bb2d1d6434b8b29ae775ad8c2e48c5391	yk-development-tools/.venv/Lib/site-packages/numpy/polynomial/tests/__init__.py
vendored_virtual_environment_do_not_execute	215	600213e5b8bc4d3b698c8625fb3ba1d8f01a6a57	yk-development-tools/.venv/Lib/site-packages/numpy/polynomial/tests/__pycache__/__init__.cpython-312.pyc
vendored_virtual_environment_do_not_execute	38255	ae33745dafa741c8db4e59a9d19ddaa1312bc6c3	yk-development-tools/.venv/Lib/site-packages/numpy/polynomial/tests/__pycache__/test_chebyshev.cpython-312.pyc
vendored_virtual_environment_do_not_execute	33574	ab7d68a52d4fdde3fc47ddcd48c7698f45298129	yk-development-tools/.venv/Lib/site-packages/numpy/polynomial/tests/__pycache__/test_classes.cpython-312.pyc
vendored_virtual_environment_do_not_execute	34195	158bcef8e5170edfb7f9c30a11dba13422cc6c3b	yk-development-tools/.venv/Lib/site-packages/numpy/polynomial/tests/__pycache__/test_hermite.cpython-312.pyc
vendored_virtual_environment_do_not_execute	34368	80801d1b1e0a2f22d7cb507d0fea6b6e156372ef	yk-development-tools/.venv/Lib/site-packages/numpy/polynomial/tests/__pycache__/test_hermite_e.cpython-312.pyc
vendored_virtual_environment_do_not_execute	32936	48dfb8c0d4811819947cecd1b59b756bdf05c233	yk-development-tools/.venv/Lib/site-packages/numpy/polynomial/tests/__pycache__/test_laguerre.cpython-312.pyc
vendored_virtual_environment_do_not_execute	35170	01586bd7db8399582eebb8ac7f0586ee25d558d0	yk-development-tools/.venv/Lib/site-packages/numpy/polynomial/tests/__pycache__/test_legendre.cpython-312.pyc
vendored_virtual_environment_do_not_execute	40788	0e16f5c38565a06debd6c09454b652a92717ff4c	yk-development-tools/.venv/Lib/site-packages/numpy/polynomial/tests/__pycache__/test_polynomial.cpython-312.pyc
vendored_virtual_environment_do_not_execute	6716	7d775fdd0ec1726af47bf27f9c77839aad01f457	yk-development-tools/.venv/Lib/site-packages/numpy/polynomial/tests/__pycache__/test_polyutils.cpython-312.pyc
vendored_virtual_environment_do_not_execute	31448	f469ce216cc2cf8a8e7ab2a217c7bcde1f396219	yk-development-tools/.venv/Lib/site-packages/numpy/polynomial/tests/__pycache__/test_printing.cpython-312.pyc
vendored_virtual_environment_do_not_execute	12626	3caee838e972ea3749cc667ff1ba8aca306ba2a1	yk-development-tools/.venv/Lib/site-packages/numpy/polynomial/tests/__pycache__/test_symbol.cpython-312.pyc
vendored_virtual_environment_do_not_execute	20650	2cead454631c70685c0fcf9203bffbd2e82324d9	yk-development-tools/.venv/Lib/site-packages/numpy/polynomial/tests/test_chebyshev.py
vendored_virtual_environment_do_not_execute	18552	d10aafbda866f07b98f803b7bbc7a6a936ec9086	yk-development-tools/.venv/Lib/site-packages/numpy/polynomial/tests/test_classes.py
vendored_virtual_environment_do_not_execute	18687	8bd3951f424147c4edcb12d5efc85910b2a9a64f	yk-development-tools/.venv/Lib/site-packages/numpy/polynomial/tests/test_hermite.py
vendored_virtual_environment_do_not_execute	19026	29f34f66380e21e3cecf1fec5c19ec94759a90cb	yk-development-tools/.venv/Lib/site-packages/numpy/polynomial/tests/test_hermite_e.py
vendored_virtual_environment_do_not_execute	17637	6793b780416d0d627943b6e15d13be3e784c7289	yk-development-tools/.venv/Lib/site-packages/numpy/polynomial/tests/test_laguerre.py
vendored_virtual_environment_do_not_execute	18805	d0ed7060cbe767d4d0ac0529395ad5234ce8251f	yk-development-tools/.venv/Lib/site-packages/numpy/polynomial/tests/test_legendre.py
vendored_virtual_environment_do_not_execute	22911	27513fd682e8686eb89095d722c2b6ed330640ff	yk-development-tools/.venv/Lib/site-packages/numpy/polynomial/tests/test_polynomial.py
vendored_virtual_environment_do_not_execute	3780	96e88b9de1fabe70a809e4635615474850afff44	yk-development-tools/.venv/Lib/site-packages/numpy/polynomial/tests/test_polyutils.py
vendored_virtual_environment_do_not_execute	21403	d3735e3b85f63835cb38e44b6863528554344d99	yk-development-tools/.venv/Lib/site-packages/numpy/polynomial/tests/test_printing.py
vendored_virtual_environment_do_not_execute	5375	3de9e38ced089f12f54073ed132fa9b42587facf	yk-development-tools/.venv/Lib/site-packages/numpy/polynomial/tests/test_symbol.py
vendored_virtual_environment_do_not_execute	0	e69de29bb2d1d6434b8b29ae775ad8c2e48c5391	yk-development-tools/.venv/Lib/site-packages/numpy/py.typed
vendored_virtual_environment_do_not_execute	3511	a6cf1b17e99725556ac56ce3661498df1ee2276a	yk-development-tools/.venv/Lib/site-packages/numpy/random/LICENSE.md
vendored_virtual_environment_do_not_execute	431	1f9057296ba9475574a191cf231dc04ace3f910c	yk-development-tools/.venv/Lib/site-packages/numpy/random/__init__.pxd
vendored_virtual_environment_do_not_execute	7480	3e21d598a88ea44efeb8fe0b2252555e69eb99e3	yk-development-tools/.venv/Lib/site-packages/numpy/random/__init__.py
vendored_virtual_environment_do_not_execute	2109	e9b9fb50ab8ce1435adfa0a7dbc6d04b0788a11a	yk-development-tools/.venv/Lib/site-packages/numpy/random/__init__.pyi
vendored_virtual_environment_do_not_execute	7523	e0c0b0582a30fc6b83d74fb55259393682e90167	yk-development-tools/.venv/Lib/site-packages/numpy/random/__pycache__/__init__.cpython-312.pyc
vendored_virtual_environment_do_not_execute	2939	1dfdfee407fba7e3ba0dbdcd859a77a7031b3972	yk-development-tools/.venv/Lib/site-packages/numpy/random/__pycache__/_pickle.cpython-312.pyc
vendored_virtual_environment_do_not_execute	18000	4dc1e9f1724bab5a7c2a148b47a1d369805c4d93	yk-development-tools/.venv/Lib/site-packages/numpy/random/_bounded_integers.cp312-win_amd64.lib
vendored_virtual_environment_do_not_execute	210432	804b750a2e85739d9d6cbdf48e5403516381ba36	yk-development-tools/.venv/Lib/site-packages/numpy/random/_bounded_integers.cp312-win_amd64.pyd
vendored_virtual_environment_do_not_execute	1763	e6ec4aae79a594bd383ce9747e960be216b5c030	yk-development-tools/.venv/Lib/site-packages/numpy/random/_bounded_integers.pxd
vendored_virtual_environment_do_not_execute	24	c9c2ef67bd9d44a21f9d3673ba631c0840740ced	yk-development-tools/.venv/Lib/site-packages/numpy/random/_bounded_integers.pyi
vendored_virtual_environment_do_not_execute	2012	1ca31d91f7b84ddb606905c1003f43a76dfab21b	yk-development-tools/.venv/Lib/site-packages/numpy/random/_common.cp312-win_amd64.lib
vendored_virtual_environment_do_not_execute	165376	c8c876047bdf44a7464b32dd7e02248dd64a9ed5	yk-development-tools/.venv/Lib/site-packages/numpy/random/_common.cp312-win_amd64.pyd
vendored_virtual_environment_do_not_execute	4982	0de4456d778f409f63d237d53eb083bf2c9949ae	yk-development-tools/.venv/Lib/site-packages/numpy/random/_common.pxd
vendored_virtual_environment_do_not_execute	421	b667fd1c82eb532097e3c4422d93d2b14975d590	yk-development-tools/.venv/Lib/site-packages/numpy/random/_common.pyi
vendored_virtual_environment_do_not_execute	1681	ad4f7a1f847c5f97b45763999cd925b86c9d2420	yk-development-tools/.venv/Lib/site-packages/numpy/random/_examples/cffi/__pycache__/extending.cpython-312.pyc
vendored_virtual_environment_do_not_execute	2289	bf275f4037f44c5d0b427f715e5c79877c4ef5a8	yk-development-tools/.venv/Lib/site-packages/numpy/random/_examples/cffi/__pycache__/parse.cpython-312.pyc
vendored_virtual_environment_do_not_execute	884	ad4c9acbdcebfd20455de53dc265eda785ef505e	yk-development-tools/.venv/Lib/site-packages/numpy/random/_examples/cffi/extending.py
vendored_virtual_environment_do_not_execute	1750	0f80adb352500ff08c0d650334600bafcd1afaaa	yk-development-tools/.venv/Lib/site-packages/numpy/random/_examples/cffi/parse.py
vendored_virtual_environment_do_not_execute	2267	6a0f45e1be9e6f32ac9ac39952cd01597b93a2e9	yk-development-tools/.venv/Lib/site-packages/numpy/random/_examples/cython/extending.pyx
vendored_virtual_environment_do_not_execute	3866	e1d1ea6c820b480a242ee7e01f4217349c62fa2a	yk-development-tools/.venv/Lib/site-packages/numpy/random/_examples/cython/extending_distributions.pyx
vendored_virtual_environment_do_not_execute	1694	7aa367d13787c4f7ad5c2910bb044670b07eb012	yk-development-tools/.venv/Lib/site-packages/numpy/random/_examples/cython/meson.build
vendored_virtual_environment_do_not_execute	3885	ab8e0be46eaee2d6bceebf898d297ba39f499f5d	yk-development-tools/.venv/Lib/site-packages/numpy/random/_examples/numba/__pycache__/extending.cpython-312.pyc
vendored_virtual_environment_do_not_execute	2745	f55588ef5a0ada141896e5d4dac7f9592a5dbe83	yk-development-tools/.venv/Lib/site-packages/numpy/random/_examples/numba/__pycache__/extending_distributions.cpython-312.pyc
vendored_virtual_environment_do_not_execute	1959	c1d0f4fbd3e38247a129ef879f46d22950b412e6	yk-development-tools/.venv/Lib/site-packages/numpy/random/_examples/numba/extending.py
vendored_virtual_environment_do_not_execute	2036	d0462e73ee0bec4df2727af8a56a2f2edf86486e	yk-development-tools/.venv/Lib/site-packages/numpy/random/_examples/numba/extending_distributions.py
vendored_virtual_environment_do_not_execute	18400	88c28c3430f63b6013cf0568ca58bf9b81a862c3	yk-development-tools/.venv/Lib/site-packages/numpy/random/_generator.cp312-win_amd64.lib
vendored_virtual_environment_do_not_execute	719872	2fd1783b24c7a55cf8e069097776c7bcddf77041	yk-development-tools/.venv/Lib/site-packages/numpy/random/_generator.cp312-win_amd64.pyd
vendored_virtual_environment_do_not_execute	24009	dc78a76eda702dcc88bfef54a4371de5fc4acb58	yk-development-tools/.venv/Lib/site-packages/numpy/random/_generator.pyi
vendored_virtual_environment_do_not_execute	2032	32b07ccc6cc875da992f2eea69f863e7b6a5d0f7	yk-development-tools/.venv/Lib/site-packages/numpy/random/_mt19937.cp312-win_amd64.lib
vendored_virtual_environment_do_not_execute	86016	c6d77e742abbe5723a9b489ad63baf48b2304ec1	yk-development-tools/.venv/Lib/site-packages/numpy/random/_mt19937.cp312-win_amd64.pyd
vendored_virtual_environment_do_not_execute	775	70b2506da7afba289136f8fbef308872eac9bba7	yk-development-tools/.venv/Lib/site-packages/numpy/random/_mt19937.pyi
vendored_virtual_environment_do_not_execute	1996	4793214f87e02a98547b8ceb2152f5e2f0ece997	yk-development-tools/.venv/Lib/site-packages/numpy/random/_pcg64.cp312-win_amd64.lib
vendored_virtual_environment_do_not_execute	96256	7ca9558abf4df00156da2070b798c14f60062bbb	yk-development-tools/.venv/Lib/site-packages/numpy/random/_pcg64.cp312-win_amd64.pyd
vendored_virtual_environment_do_not_execute	1142	5dc7bb66321bbc3ad07162af39d1fbcd0bac5a99	yk-development-tools/.venv/Lib/site-packages/numpy/random/_pcg64.pyi
vendored_virtual_environment_do_not_execute	2012	cfb55d54cc329cee75a5ffa37cbf18f5e99818ea	yk-development-tools/.venv/Lib/site-packages/numpy/random/_philox.cp312-win_amd64.lib
vendored_virtual_environment_do_not_execute	79872	23f1f66025804ec67c5a484bca216b0f0ee865d2	yk-development-tools/.venv/Lib/site-packages/numpy/random/_philox.cp312-win_amd64.pyd
vendored_virtual_environment_do_not_execute	1005	d8895bba67cfafffbeb645d6beaa09572f7042ff	yk-development-tools/.venv/Lib/site-packages/numpy/random/_philox.pyi
vendored_virtual_environment_do_not_execute	2742	05f7232e68defe3f09a4339af24d541d566e6cae	yk-development-tools/.venv/Lib/site-packages/numpy/random/_pickle.py
vendored_virtual_environment_do_not_execute	1608	b8b1b7bcf63b2d50f8ca143cf91d934cd5fc69b9	yk-development-tools/.venv/Lib/site-packages/numpy/random/_pickle.pyi
vendored_virtual_environment_do_not_execute	1996	022f43210787648804fddc3d7d4b260d35135a5b	yk-development-tools/.venv/Lib/site-packages/numpy/random/_sfc64.cp312-win_amd64.lib
vendored_virtual_environment_do_not_execute	60928	fc7cc18b330b6a70692cbf6454e760b1546dff52	yk-development-tools/.venv/Lib/site-packages/numpy/random/_sfc64.cp312-win_amd64.pyd
vendored_virtual_environment_do_not_execute	682	a6f0d8445f256382cfcf435a7af0d716950534fc	yk-development-tools/.venv/Lib/site-packages/numpy/random/_sfc64.pyi
vendored_virtual_environment_do_not_execute	2120	0e235af4a3310716231407a06b2ead79e2be3720	yk-development-tools/.venv/Lib/site-packages/numpy/random/bit_generator.cp312-win_amd64.lib
vendored_virtual_environment_do_not_execute	167936	2a80a8d9a823cbbdfe5194c090aed42a1ea87c65	yk-development-tools/.venv/Lib/site-packages/numpy/random/bit_generator.cp312-win_amd64.pyd
vendored_virtual_environment_do_not_execute	1007	dfa7d0a71c085dfa3dfb2819f47493cb8501d198	yk-development-tools/.venv/Lib/site-packages/numpy/random/bit_generator.pxd
vendored_virtual_environment_do_not_execute	3604	6ce4f4b9d6a19b0063172a93b56950004de98163	yk-development-tools/.venv/Lib/site-packages/numpy/random/bit_generator.pyi
vendored_virtual_environment_do_not_execute	6335	da790ca499df2aadb503d6a98182575fb0de67ed	yk-development-tools/.venv/Lib/site-packages/numpy/random/c_distributions.pxd
vendored_virtual_environment_do_not_execute	149730	d2d8a043f7736ce9188346b7b0c3a98bc5c210f9	yk-development-tools/.venv/Lib/site-packages/numpy/random/lib/npyrandom.lib
vendored_virtual_environment_do_not_execute	17122	d894e2d01e6f2765c57ea049481558e40b4198d0	yk-development-tools/.venv/Lib/site-packages/numpy/random/mtrand.cp312-win_amd64.lib
vendored_virtual_environment_do_not_execute	606208	97537f6e5366ea9539ab42624e71acebfef9b80b	yk-development-tools/.venv/Lib/site-packages/numpy/random/mtrand.cp312-win_amd64.pyd
vendored_virtual_environment_do_not_execute	22687	54bb1462fb5ff2dd4aca3f43f68b6cd5d2c6bb0c	yk-development-tools/.venv/Lib/site-packages/numpy/random/mtrand.pyi
vendored_virtual_environment_do_not_execute	0	e69de29bb2d1d6434b8b29ae775ad8c2e48c5391	yk-development-tools/.venv/Lib/site-packages/numpy/random/tests/__init__.py
vendored_virtual_environment_do_not_execute	211	b46b78099b319559e4d57e893574c5568f670623	yk-development-tools/.venv/Lib/site-packages/numpy/random/tests/__pycache__/__init__.cpython-312.pyc
vendored_virtual_environment_do_not_execute	35314	ede5cb6466703a1b86c4574830e94b5a81fa97f5	yk-development-tools/.venv/Lib/site-packages/numpy/random/tests/__pycache__/test_direct.cpython-312.pyc
vendored_virtual_environment_do_not_execute	6164	c09dba5b41dcdf5e60bc80b6f545dee119ad8eef	yk-development-tools/.venv/Lib/site-packages/numpy/random/tests/__pycache__/test_extending.cpython-312.pyc
vendored_virtual_environment_do_not_execute	177701	8644d7621545b98c6ef5e7e6c619628aff58fbca	yk-development-tools/.venv/Lib/site-packages/numpy/random/tests/__pycache__/test_generator_mt19937.cpython-312.pyc
vendored_virtual_environment_do_not_execute	13503	88dd380e6fb56f0bdc91efcb6a763fdf38c196ca	yk-development-tools/.venv/Lib/site-packages/numpy/random/tests/__pycache__/test_generator_mt19937_regressions.cpython-312.pyc
vendored_virtual_environment_do_not_execute	113210	a8b2e42f47786a17e9b93df3178b6bbfd77a37d4	yk-development-tools/.venv/Lib/site-packages/numpy/random/tests/__pycache__/test_random.cpython-312.pyc
vendored_virtual_environment_do_not_execute	130138	091791e565c5fffb01b8aed316e2a3d49e817692	yk-development-tools/.venv/Lib/site-packages/numpy/random/tests/__pycache__/test_randomstate.cpython-312.pyc
vendored_virtual_environment_do_not_execute	15121	34667bd69c1bcdde08ef23c665d8dcc2aa5e68ab	yk-development-tools/.venv/Lib/site-packages/numpy/random/tests/__pycache__/test_randomstate_regression.cpython-312.pyc
vendored_virtual_environment_do_not_execute	10869	77770936a9455970b0c9e1c06dc1b13ea2d0a7cb	yk-development-tools/.venv/Lib/site-packages/numpy/random/tests/__pycache__/test_regression.cpython-312.pyc
vendored_virtual_environment_do_not_execute	3492	eb8a319ba59c6e82836b2a0b8520107406614fba	yk-development-tools/.venv/Lib/site-packages/numpy/random/tests/__pycache__/test_seed_sequence.cpython-312.pyc
vendored_virtual_environment_do_not_execute	56929	2b7f5f1c8793285553d34b384074965371e023c3	yk-development-tools/.venv/Lib/site-packages/numpy/random/tests/__pycache__/test_smoke.cpython-312.pyc
vendored_virtual_environment_do_not_execute	0	e69de29bb2d1d6434b8b29ae775ad8c2e48c5391	yk-development-tools/.venv/Lib/site-packages/numpy/random/tests/data/__init__.py
vendored_virtual_environment_do_not_execute	216	516e2293018b502879b4e968e25e5c3f9a167879	yk-development-tools/.venv/Lib/site-packages/numpy/random/tests/data/__pycache__/__init__.cpython-312.pyc
vendored_virtual_environment_do_not_execute	203	b7ad03d8e63b9a7f024952f35db2827a7393592b	yk-development-tools/.venv/Lib/site-packages/numpy/random/tests/data/generator_pcg64_np121.pkl.gz
vendored_virtual_environment_do_not_execute	208	6c5130b5e745834aced5179ec99207a59fd5c86b	yk-development-tools/.venv/Lib/site-packages/numpy/random/tests/data/generator_pcg64_np126.pkl.gz
vendored_virtual_environment_do_not_execute	15844	b97bfa66f72f1be31cdb32317905d805fe90f4d5	yk-development-tools/.venv/Lib/site-packages/numpy/random/tests/data/mt19937-testset-1.csv
vendored_virtual_environment_do_not_execute	15825	cdb8e4794ccdb30fa4fea3045b30a188f6ff5357	yk-development-tools/.venv/Lib/site-packages/numpy/random/tests/data/mt19937-testset-2.csv
vendored_virtual_environment_do_not_execute	23839	0c8271fab6dff757e0b94443be8bc0e8b5f1e047	yk-development-tools/.venv/Lib/site-packages/numpy/random/tests/data/pcg64-testset-1.csv
vendored_virtual_environment_do_not_execute	23845	7c13e3172d0e7798200f58cde9362ad0bd4a22e1	yk-development-tools/.venv/Lib/site-packages/numpy/random/tests/data/pcg64-testset-2.csv
vendored_virtual_environment_do_not_execute	23833	39cef057f4490a70d7041bcfde4d3fec844732bb	yk-development-tools/.venv/Lib/site-packages/numpy/random/tests/data/pcg64dxsm-testset-1.csv
vendored_virtual_environment_do_not_execute	23839	878c5ea7c3a5173467a4f945947174149f3913e6	yk-development-tools/.venv/Lib/site-packages/numpy/random/tests/data/pcg64dxsm-testset-2.csv
vendored_virtual_environment_do_not_execute	23852	e448cbf73cc0774eca74df0d3d8866d8bd35bab3	yk-development-tools/.venv/Lib/site-packages/numpy/random/tests/data/philox-testset-1.csv
vendored_virtual_environment_do_not_execute	23838	69d24c38c28959361283624e02f8891fa69b6c5f	yk-development-tools/.venv/Lib/site-packages/numpy/random/tests/data/philox-testset-2.csv
vendored_virtual_environment_do_not_execute	23840	4fffe69591fea3f399f35034057096089d4017fb	yk-development-tools/.venv/Lib/site-packages/numpy/random/tests/data/sfc64-testset-1.csv
vendored_virtual_environment_do_not_execute	23833	70aebd5d539256e0abd453bb45828b691c6abdf0	yk-development-tools/.venv/Lib/site-packages/numpy/random/tests/data/sfc64-testset-2.csv
vendored_virtual_environment_do_not_execute	290	94fbceb38f929d3062dc8285ce21648f82b7a367	yk-development-tools/.venv/Lib/site-packages/numpy/random/tests/data/sfc64_np126.pkl.gz
vendored_virtual_environment_do_not_execute	19919	6f069e48879fb19eb398b655b3c8533465437aab	yk-development-tools/.venv/Lib/site-packages/numpy/random/tests/test_direct.py
vendored_virtual_environment_do_not_execute	4532	7a079d6362e81f134f84356091b8fc857f89df37	yk-development-tools/.venv/Lib/site-packages/numpy/random/tests/test_extending.py
vendored_virtual_environment_do_not_execute	117812	d09cbba4ec39e8658c8bad270a5ac05401720f59	yk-development-tools/.venv/Lib/site-packages/numpy/random/tests/test_generator_mt19937.py
vendored_virtual_environment_do_not_execute	8107	abfacb87dbc5c354e9edf3f8a01b723f53c8f2a6	yk-development-tools/.venv/Lib/site-packages/numpy/random/tests/test_generator_mt19937_regressions.py
vendored_virtual_environment_do_not_execute	70298	d5981906f6ef0ba0fddff0ceb45a40b38dc76501	yk-development-tools/.venv/Lib/site-packages/numpy/random/tests/test_random.py
vendored_virtual_environment_do_not_execute	85749	cf4488543c12de30e78fe5ae96c04c8793f40d0e	yk-development-tools/.venv/Lib/site-packages/numpy/random/tests/test_randomstate.py
vendored_virtual_environment_do_not_execute	8010	6ccc6180657c72723a8329ad18a2fa3e1d2d7fd8	yk-development-tools/.venv/Lib/site-packages/numpy/random/tests/test_randomstate_regression.py
vendored_virtual_environment_do_not_execute	5471	39b7d8c719ac1f23560dce844e9449c46385b8d1	yk-development-tools/.venv/Lib/site-packages/numpy/random/tests/test_regression.py
vendored_virtual_environment_do_not_execute	3310	87ae4ff721395de5c8b8fcad52f566cff540dc56	yk-development-tools/.venv/Lib/site-packages/numpy/random/tests/test_seed_sequence.py
vendored_virtual_environment_do_not_execute	28141	6f07443f79a9b40fb663180150c87333780f95d2	yk-development-tools/.venv/Lib/site-packages/numpy/random/tests/test_smoke.py
vendored_virtual_environment_do_not_execute	83	420240c8d4d15407df1556ce6ce435bcbbabff00	yk-development-tools/.venv/Lib/site-packages/numpy/rec/__init__.py
vendored_virtual_environment_do_not_execute	347	6a78c66ff2c2bb8ded698dd77c17f30be56722ec	yk-development-tools/.venv/Lib/site-packages/numpy/rec/__init__.pyi
vendored_virtual_environment_do_not_execute	295	8d3f1ea8c3a5c89026ae82c78dc699bb3a6b38c7	yk-development-tools/.venv/Lib/site-packages/numpy/rec/__pycache__/__init__.cpython-312.pyc
vendored_virtual_environment_do_not_execute	83	561dadcf37d090ce201f9b9bec2dbb6e86a3dc06	yk-development-tools/.venv/Lib/site-packages/numpy/strings/__init__.py
vendored_virtual_environment_do_not_execute	1319	b2fb363531d4eba972ba9866a08fb6f047ec7eb1	yk-development-tools/.venv/Lib/site-packages/numpy/strings/__init__.pyi
vendored_virtual_environment_do_not_execute	299	26ce1f898989ef7cdb0e0de06e0b6f665ed3ec01	yk-development-tools/.venv/Lib/site-packages/numpy/strings/__pycache__/__init__.cpython-312.pyc
vendored_virtual_environment_do_not_execute	581	fe0c4f2367f223e32dccd37763d5b03c7fc88347	yk-development-tools/.venv/Lib/site-packages/numpy/testing/__init__.py
vendored_virtual_environment_do_not_execute	2045	ba3c9a2b7a44bb8f4639fb8e4ab2e528b0a4e572	yk-development-tools/.venv/Lib/site-packages/numpy/testing/__init__.pyi
vendored_virtual_environment_do_not_execute	901	8f5a9cd9559d979981835068a2fb1847e81b8fde	yk-development-tools/.venv/Lib/site-packages/numpy/testing/__pycache__/__init__.cpython-312.pyc
vendored_virtual_environment_do_not_execute	2737	55e19c69d567656e60efb05bd05f99af5543200c	yk-development-tools/.venv/Lib/site-packages/numpy/testing/__pycache__/overrides.cpython-312.pyc
vendored_virtual_environment_do_not_execute	8075	add221187df110822b6b1ee2d82d586b0c661530	yk-development-tools/.venv/Lib/site-packages/numpy/testing/__pycache__/print_coercion_tables.cpython-312.pyc
vendored_virtual_environment_do_not_execute	0	e69de29bb2d1d6434b8b29ae775ad8c2e48c5391	yk-development-tools/.venv/Lib/site-packages/numpy/testing/_private/__init__.py
vendored_virtual_environment_do_not_execute	0	e69de29bb2d1d6434b8b29ae775ad8c2e48c5391	yk-development-tools/.venv/Lib/site-packages/numpy/testing/_private/__init__.pyi
vendored_virtual_environment_do_not_execute	215	d04998f1937b60d9c2750bb67b38dffa930cc6d3	yk-development-tools/.venv/Lib/site-packages/numpy/testing/_private/__pycache__/__init__.cpython-312.pyc
vendored_virtual_environment_do_not_execute	9407	87d5a694c1402eee49cd97441813fccd4c59e811	yk-development-tools/.venv/Lib/site-packages/numpy/testing/_private/__pycache__/extbuild.cpython-312.pyc
vendored_virtual_environment_do_not_execute	106683	f30b5fe47138a1c5eecc44a797c7dd0d638979f7	yk-development-tools/.venv/Lib/site-packages/numpy/testing/_private/__pycache__/utils.cpython-312.pyc
vendored_virtual_environment_do_not_execute	7716	2a724b73cfc3d74598d67ff9e9ab00bf931a23e0	yk-development-tools/.venv/Lib/site-packages/numpy/testing/_private/extbuild.py
vendored_virtual_environment_do_not_execute	626	609a45e79d1614bb920b312ecd4449ef3b05a3f2	yk-development-tools/.venv/Lib/site-packages/numpy/testing/_private/extbuild.pyi
vendored_virtual_environment_do_not_execute	95707	65f4059f98fd300af1205baff49ca0428524afa2	yk-development-tools/.venv/Lib/site-packages/numpy/testing/_private/utils.py
vendored_virtual_environment_do_not_execute	12943	4e3b60a0ef700548e9db106877ec2af460ca83a2	yk-development-tools/.venv/Lib/site-packages/numpy/testing/_private/utils.pyi
vendored_virtual_environment_do_not_execute	2134	61771c4c0b58d816bf52a1e5999807b6717071b9	yk-development-tools/.venv/Lib/site-packages/numpy/testing/overrides.py
vendored_virtual_environment_do_not_execute	397	3fefc3f350dacbd223c1fcc94db1c634d1b6c6b1	yk-development-tools/.venv/Lib/site-packages/numpy/testing/overrides.pyi
vendored_virtual_environment_do_not_execute	6286	89f0de3932ede103633d13ec446d32c4db5d0c93	yk-development-tools/.venv/Lib/site-packages/numpy/testing/print_coercion_tables.py
vendored_virtual_environment_do_not_execute	821	c859305f235076161c9302a1b1c06fedd3fd3be9	yk-development-tools/.venv/Lib/site-packages/numpy/testing/print_coercion_tables.pyi
vendored_virtual_environment_do_not_execute	0	e69de29bb2d1d6434b8b29ae775ad8c2e48c5391	yk-development-tools/.venv/Lib/site-packages/numpy/testing/tests/__init__.py
vendored_virtual_environment_do_not_execute	212	d3eba661deb7eb83fdd1ce29e4da3b80cd1b8ce1	yk-development-tools/.venv/Lib/site-packages/numpy/testing/tests/__pycache__/__init__.cpython-312.pyc
vendored_virtual_environment_do_not_execute	118107	4ea02d95730ac904f2f7edf5e184d83da989ef27	yk-development-tools/.venv/Lib/site-packages/numpy/testing/tests/__pycache__/test_utils.cpython-312.pyc
vendored_virtual_environment_do_not_execute	69575	fcf20091ca8ea12e8b239c700638fb01e0603a92	yk-development-tools/.venv/Lib/site-packages/numpy/testing/tests/test_utils.py
vendored_virtual_environment_do_not_execute	0	e69de29bb2d1d6434b8b29ae775ad8c2e48c5391	yk-development-tools/.venv/Lib/site-packages/numpy/tests/__init__.py
vendored_virtual_environment_do_not_execute	204	a5c1eedc059fbc6a44d2e80cdaf32e87466c08ec	yk-development-tools/.venv/Lib/site-packages/numpy/tests/__pycache__/__init__.cpython-312.pyc
vendored_virtual_environment_do_not_execute	722	d9ec44eaf44aad52f1dc5559606e328fb4885af2	yk-development-tools/.venv/Lib/site-packages/numpy/tests/__pycache__/test__all__.cpython-312.pyc
vendored_virtual_environment_do_not_execute	3789	0fd107c5401469e46b831b8c2e517a19993c1abc	yk-development-tools/.venv/Lib/site-packages/numpy/tests/__pycache__/test_configtool.cpython-312.pyc
vendored_virtual_environment_do_not_execute	22000	a6524ce89e8dfa0c671cbe1f5f795f3a02c25988	yk-development-tools/.venv/Lib/site-packages/numpy/tests/__pycache__/test_ctypeslib.cpython-312.pyc
vendored_virtual_environment_do_not_execute	1772	9ec95c0855acd85e62772d75a056679e67095bfb	yk-development-tools/.venv/Lib/site-packages/numpy/tests/__pycache__/test_lazyloading.cpython-312.pyc
vendored_virtual_environment_do_not_execute	4207	22033ef9acb3b15bf87676689449f27de4713610	yk-development-tools/.venv/Lib/site-packages/numpy/tests/__pycache__/test_matlib.cpython-312.pyc
vendored_virtual_environment_do_not_execute	2870	33d68eac347bbef01b67cec1f5ca890e190e17d0	yk-development-tools/.venv/Lib/site-packages/numpy/tests/__pycache__/test_numpy_config.cpython-312.pyc
vendored_virtual_environment_do_not_execute	2499	1d46ce45348121cfb6d183e77ccc047e750b91d8	yk-development-tools/.venv/Lib/site-packages/numpy/tests/__pycache__/test_numpy_version.cpython-312.pyc
vendored_virtual_environment_do_not_execute	24541	850b668610ca694a27845691510827b6b6da3bc6	yk-development-tools/.venv/Lib/site-packages/numpy/tests/__pycache__/test_public_api.cpython-312.pyc
vendored_virtual_environment_do_not_execute	3552	8568ef0bc894a0a6a220453a90a2b3b27ac9dae3	yk-development-tools/.venv/Lib/site-packages/numpy/tests/__pycache__/test_reloading.cpython-312.pyc
vendored_virtual_environment_do_not_execute	2862	dbb361cc41ea4eaa1f4b49d72bb3e600a4b7f38f	yk-development-tools/.venv/Lib/site-packages/numpy/tests/__pycache__/test_scripts.cpython-312.pyc
vendored_virtual_environment_do_not_execute	4320	40e2914a57cb5fb5f07476659731672503085251	yk-development-tools/.venv/Lib/site-packages/numpy/tests/__pycache__/test_warnings.cpython-312.pyc
vendored_virtual_environment_do_not_execute	222	2dc81669d9fbcfb2a3f25c47c850c145ef12653d	yk-development-tools/.venv/Lib/site-packages/numpy/tests/test__all__.py
vendored_virtual_environment_do_not_execute	1749	8262606fc14de11186144a031ffd55782276f97d	yk-development-tools/.venv/Lib/site-packages/numpy/tests/test_configtool.py
vendored_virtual_environment_do_not_execute	12375	68d31416040bc52d77a776de33d8430e3e2ab54c	yk-development-tools/.venv/Lib/site-packages/numpy/tests/test_ctypeslib.py
vendored_virtual_environment_do_not_execute	1160	5f6233f1c5cbd85299061cb29792bf2737ebad98	yk-development-tools/.venv/Lib/site-packages/numpy/tests/test_lazyloading.py
vendored_virtual_environment_do_not_execute	1854	2aac1f2582a1c82439ba3849adfcda3814ba90d3	yk-development-tools/.venv/Lib/site-packages/numpy/tests/test_matlib.py
vendored_virtual_environment_do_not_execute	1235	f01a279574a55d5c37f8b519a0298ec6cf2ece4f	yk-development-tools/.venv/Lib/site-packages/numpy/tests/test_numpy_config.py
vendored_virtual_environment_do_not_execute	1744	ea164225f40b5b4fa5d0a1bbdcc1635c4b54c8be	yk-development-tools/.venv/Lib/site-packages/numpy/tests/test_numpy_version.py
vendored_virtual_environment_do_not_execute	27851	a56cd13296e39b4915b0d951cba176c66bb8230e	yk-development-tools/.venv/Lib/site-packages/numpy/tests/test_public_api.py
vendored_virtual_environment_do_not_execute	2367	c21dc007b2326002fdca3a99eb244a9a3b01afd9	yk-development-tools/.venv/Lib/site-packages/numpy/tests/test_reloading.py
vendored_virtual_environment_do_not_execute	1665	d8ce95887bce1e8a08e97b3c516330111145eafc	yk-development-tools/.venv/Lib/site-packages/numpy/tests/test_scripts.py
vendored_virtual_environment_do_not_execute	2328	560ee61432656ce469b9b9ecf12069e56d6025fd	yk-development-tools/.venv/Lib/site-packages/numpy/tests/test_warnings.py
vendored_virtual_environment_do_not_execute	6048	173c094b40aaefff8a556393c7202d5a702359e3	yk-development-tools/.venv/Lib/site-packages/numpy/typing/__init__.py
vendored_virtual_environment_do_not_execute	6521	090b2add89230680e7224a78b7d85d0ed580afdf	yk-development-tools/.venv/Lib/site-packages/numpy/typing/__pycache__/__init__.cpython-312.pyc
vendored_virtual_environment_do_not_execute	8512	d6d368a65787e774859ce0d57c50a9ac06b6b9b0	yk-development-tools/.venv/Lib/site-packages/numpy/typing/__pycache__/mypy_plugin.cpython-312.pyc
vendored_virtual_environment_do_not_execute	6541	dc1e2564fc3202591a8d33f058160f299b3ad9de	yk-development-tools/.venv/Lib/site-packages/numpy/typing/mypy_plugin.py
vendored_virtual_environment_do_not_execute	0	e69de29bb2d1d6434b8b29ae775ad8c2e48c5391	yk-development-tools/.venv/Lib/site-packages/numpy/typing/tests/__init__.py
vendored_virtual_environment_do_not_execute	211	65c5d8024179b03ee5577b8846c6a47096385533	yk-development-tools/.venv/Lib/site-packages/numpy/typing/tests/__pycache__/__init__.cpython-312.pyc
vendored_virtual_environment_do_not_execute	1560	a2ce50021be4535f6fccacecf50b1646f4f2bafe	yk-development-tools/.venv/Lib/site-packages/numpy/typing/tests/__pycache__/test_isfile.cpython-312.pyc
vendored_virtual_environment_do_not_execute	5973	1586a848caaadbe0568b6fde913c597d60b6dc23	yk-development-tools/.venv/Lib/site-packages/numpy/typing/tests/__pycache__/test_runtime.cpython-312.pyc
vendored_virtual_environment_do_not_execute	9448	7e7f4de967aa790a5d05c430f950a660d0942f3e	yk-development-tools/.venv/Lib/site-packages/numpy/typing/tests/__pycache__/test_typing.cpython-312.pyc
vendored_virtual_environment_do_not_execute	3690	968d95cca97ba4bf51bfe277f3d2e3787f91e5f1	yk-development-tools/.venv/Lib/site-packages/numpy/typing/tests/data/fail/arithmetic.pyi
vendored_virtual_environment_do_not_execute	1200	cadc2ae595e760d5f96eb144d125b1a11d681c79	yk-development-tools/.venv/Lib/site-packages/numpy/typing/tests/data/fail/array_constructors.pyi
vendored_virtual_environment_do_not_execute	496	4e37354e8ebaffbeb281c5f4b13fb4ba96d55527	yk-development-tools/.venv/Lib/site-packages/numpy/typing/tests/data/fail/array_like.pyi
vendored_virtual_environment_do_not_execute	137	42e61c8d70d652836c6d07146cacadf00fd15536	yk-development-tools/.venv/Lib/site-packages/numpy/typing/tests/data/fail/array_pad.pyi
vendored_virtual_environment_do_not_execute	616	224a4105b8a64b458d64b20c16cb8c52056e6b42	yk-development-tools/.venv/Lib/site-packages/numpy/typing/tests/data/fail/arrayprint.pyi
vendored_virtual_environment_do_not_execute	463	8d2295a5859ffe06e84dfdcf66cb8f712f72943c	yk-development-tools/.venv/Lib/site-packages/numpy/typing/tests/data/fail/arrayterator.pyi
vendored_virtual_environment_do_not_execute	399	1d1fd09db29d510419fdd98330d1162070a8e37f	yk-development-tools/.venv/Lib/site-packages/numpy/typing/tests/data/fail/bitwise_ops.pyi
vendored_virtual_environment_do_not_execute	2800	62c4475c29bedc87def155ae88d55feaea5d1df2	yk-development-tools/.venv/Lib/site-packages/numpy/typing/tests/data/fail/char.pyi
vendored_virtual_environment_do_not_execute	2356	fb52f7349dd1e0827324e93d3c05d4582b49c83e	yk-development-tools/.venv/Lib/site-packages/numpy/typing/tests/data/fail/chararray.pyi
vendored_virtual_environment_do_not_execute	750	3c8a94bff240374c590d43b01031aff5337d6008	yk-development-tools/.venv/Lib/site-packages/numpy/typing/tests/data/fail/comparisons.pyi
vendored_virtual_environment_do_not_execute	78	10717f664e0a679fdd30e232001948dac6da063d	yk-development-tools/.venv/Lib/site-packages/numpy/typing/tests/data/fail/constants.pyi
vendored_virtual_environment_do_not_execute	419	267b672baea76e1ea1400e6259ab0ed1e5f53c8c	yk-development-tools/.venv/Lib/site-packages/numpy/typing/tests/data/fail/datasource.pyi
vendored_virtual_environment_do_not_execute	305	64a7c3f775e1a14080aafda8ba3ff293232e9c47	yk-development-tools/.venv/Lib/site-packages/numpy/typing/tests/data/fail/dtype.pyi
vendored_virtual_environment_do_not_execute	458	982ad986297f6695126c5831ff9d6b66e1b60da8	yk-development-tools/.venv/Lib/site-packages/numpy/typing/tests/data/fail/einsumfunc.pyi
vendored_virtual_environment_do_not_execute	715	06e23fed9e3f8affae8edd18d47f0f4704f7d96c	yk-development-tools/.venv/Lib/site-packages/numpy/typing/tests/data/fail/flatiter.pyi
vendored_virtual_environment_do_not_execute	5685	51ef26810e212ebd081d50c5e51dd20dd150772b	yk-development-tools/.venv/Lib/site-packages/numpy/typing/tests/data/fail/fromnumeric.pyi
vendored_virtual_environment_do_not_execute	376	5f7892719eb4bf0c225e6ff6ddaf52c42de9c9c9	yk-development-tools/.venv/Lib/site-packages/numpy/typing/tests/data/fail/histograms.pyi
vendored_virtual_environment_do_not_execute	517	8b7b1ae2b5bfc0705bbbfbdd244c06b90d0fdd4d	yk-development-tools/.venv/Lib/site-packages/numpy/typing/tests/data/fail/index_tricks.pyi
vendored_virtual_environment_do_not_execute	2817	f0bf6347691d9e75a8901b4d12afe4d8baa54173	yk-development-tools/.venv/Lib/site-packages/numpy/typing/tests/data/fail/lib_function_base.pyi
vendored_virtual_environment_do_not_execute	937	727eb7f4b2b121f4b51c61e8df467d2ba7bb6d85	yk-development-tools/.venv/Lib/site-packages/numpy/typing/tests/data/fail/lib_polynomial.pyi
vendored_virtual_environment_do_not_execute	98	25af32b432977e311d8612c74725340d926cf590	yk-development-tools/.venv/Lib/site-packages/numpy/typing/tests/data/fail/lib_utils.pyi
vendored_virtual_environment_do_not_execute	154	62011a848cc15a1c2f1454a80aba21d814855a8c	yk-development-tools/.venv/Lib/site-packages/numpy/typing/tests/data/fail/lib_version.pyi
vendored_virtual_environment_do_not_execute	1381	c4695ee671cd40ce59f2536e75b20df0d7222473	yk-development-tools/.venv/Lib/site-packages/numpy/typing/tests/data/fail/linalg.pyi
vendored_virtual_environment_do_not_execute	6364	41306b23fe781286f6094d8279a114b1bef1baa7	yk-development-tools/.venv/Lib/site-packages/numpy/typing/tests/data/fail/ma.pyi
vendored_virtual_environment_do_not_execute	169	3a4fc7df068961736ee8cf05412d5bcea5ad547a	yk-development-tools/.venv/Lib/site-packages/numpy/typing/tests/data/fail/memmap.pyi
vendored_virtual_environment_do_not_execute	603	c12a182807d395fd9d8c94882b826c23de703932	yk-development-tools/.venv/Lib/site-packages/numpy/typing/tests/data/fail/modules.pyi
vendored_virtual_environment_do_not_execute	1656	1f9ef6894bad856461de317b8241db5234f600a2	yk-development-tools/.venv/Lib/site-packages/numpy/typing/tests/data/fail/multiarray.pyi
vendored_virtual_environment_do_not_execute	381	2aeec0883e3ff1463c36d64ec233af91d83220bc	yk-development-tools/.venv/Lib/site-packages/numpy/typing/tests/data/fail/ndarray.pyi
vendored_virtual_environment_do_not_execute	1061	93e1bce8fecbcc993107f0249959825dbc490501	yk-development-tools/.venv/Lib/site-packages/numpy/typing/tests/data/fail/ndarray_misc.pyi
vendored_virtual_environment_do_not_execute	319	cb64061e45fe5ebab770bdbd9850c027a1984fca	yk-development-tools/.venv/Lib/site-packages/numpy/typing/tests/data/fail/nditer.pyi
vendored_virtual_environment_do_not_execute	463	a28d3df3c749c4dcdbff10f266dbcd29d44f5bcc	yk-development-tools/.venv/Lib/site-packages/numpy/typing/tests/data/fail/nested_sequence.pyi
vendored_virtual_environment_do_not_execute	646	e204566a5877d7a06cc2e822c2bb2f1073876b93	yk-development-tools/.venv/Lib/site-packages/numpy/typing/tests/data/fail/npyio.pyi
vendored_virtual_environment_do_not_execute	124	a1fd47a6f479039639bf188399c8cd001f45d6c0	yk-development-tools/.venv/Lib/site-packages/numpy/typing/tests/data/fail/numerictypes.pyi
vendored_virtual_environment_do_not_execute	2903	1abf4b77653c5f49fa095e0785949aef16a34ced	yk-development-tools/.venv/Lib/site-packages/numpy/typing/tests/data/fail/random.pyi
vendored_virtual_environment_do_not_execute	741	c9d43dd2ff1fc48cfb99630d27481de929100077	yk-development-tools/.venv/Lib/site-packages/numpy/typing/tests/data/fail/rec.pyi
vendored_virtual_environment_do_not_execute	2849	bfbe9125e529dcfd301643e31a1ab4a179148794	yk-development-tools/.venv/Lib/site-packages/numpy/typing/tests/data/fail/scalars.pyi
vendored_virtual_environment_do_not_execute	131	fea055583073d7e4be3972eb48951e255ceb4484	yk-development-tools/.venv/Lib/site-packages/numpy/typing/tests/data/fail/shape.pyi
vendored_virtual_environment_do_not_execute	157	652b24ba311e35411fd0fc11f3e79c5d90a6dac4	yk-development-tools/.venv/Lib/site-packages/numpy/typing/tests/data/fail/shape_base.pyi
vendored_virtual_environment_do_not_execute	330	7f9a26b9692438eef717972fcc0024d2ab4dbcb9	yk-development-tools/.venv/Lib/site-packages/numpy/typing/tests/data/fail/stride_tricks.pyi
vendored_virtual_environment_do_not_execute	2333	328a521ae67957086e9d490975634cda448e5497	yk-development-tools/.venv/Lib/site-packages/numpy/typing/tests/data/fail/strings.pyi
vendored_virtual_environment_do_not_execute	1399	517062c4c95261dbde10cf52e299ffc1d0cdd8b3	yk-development-tools/.venv/Lib/site-packages/numpy/typing/tests/data/fail/testing.pyi
vendored_virtual_environment_do_not_execute	936	d0f2b7ad8322c06072ae10b87ad60d7b6cb3035e	yk-development-tools/.venv/Lib/site-packages/numpy/typing/tests/data/fail/twodim_base.pyi
vendored_virtual_environment_do_not_execute	397	94b6ee425af5378a20426a083d0f59b7fce7baad	yk-development-tools/.venv/Lib/site-packages/numpy/typing/tests/data/fail/type_check.pyi
vendored_virtual_environment_do_not_execute	589	c67b6a3acf989cda443dc1b82826cd9086202190	yk-development-tools/.venv/Lib/site-packages/numpy/typing/tests/data/fail/ufunc_config.pyi
vendored_virtual_environment_do_not_execute	649	e556e409ebbc90f1e57c096d53f656850c041b0f	yk-development-tools/.venv/Lib/site-packages/numpy/typing/tests/data/fail/ufunclike.pyi
vendored_virtual_environment_do_not_execute	505	1b1628d7da4431c5fc30c051a413052cbe6969ac	yk-development-tools/.venv/Lib/site-packages/numpy/typing/tests/data/fail/ufuncs.pyi
vendored_virtual_environment_do_not_execute	200	8ba34f6dfa3ec31d2d363f88cd5a87e4b8ad69e8	yk-development-tools/.venv/Lib/site-packages/numpy/typing/tests/data/fail/warnings_and_errors.pyi
vendored_virtual_environment_do_not_execute	322	84b5f516bdde6435aaab6088f098fc62af76320e	yk-development-tools/.venv/Lib/site-packages/numpy/typing/tests/data/misc/extended_precision.pyi
vendored_virtual_environment_do_not_execute	245	bca203260efaff9abf0f084901cd7b00ee6e4ca2	yk-development-tools/.venv/Lib/site-packages/numpy/typing/tests/data/mypy.ini
vendored_virtual_environment_do_not_execute	12392	dccfa3b740cc26964622ee8e722871c0f0cc4a9e	yk-development-tools/.venv/Lib/site-packages/numpy/typing/tests/data/pass/__pycache__/arithmetic.cpython-312.pyc
vendored_virtual_environment_do_not_execute	7001	ccda89f7b187780f60dd834f4501d9dc61b202da	yk-development-tools/.venv/Lib/site-packages/numpy/typing/tests/data/pass/__pycache__/array_constructors.cpython-312.pyc
vendored_virtual_environment_do_not_execute	2439	ffdd0eb479a8977baa30b8cf54e2162d7845ee5f	yk-development-tools/.venv/Lib/site-packages/numpy/typing/tests/data/pass/__pycache__/array_like.cpython-312.pyc
vendored_virtual_environment_do_not_execute	1407	5690cf8132a7c8e52919425bd9524a5aa845b5fc	yk-development-tools/.venv/Lib/site-packages/numpy/typing/tests/data/pass/__pycache__/arrayprint.cpython-312.pyc
vendored_virtual_environment_do_not_execute	1054	7e3c2196dc9e2769e2342969d9d29e23a9ddad7d	yk-development-tools/.venv/Lib/site-packages/numpy/typing/tests/data/pass/__pycache__/arrayterator.cpython-312.pyc
vendored_virtual_environment_do_not_execute	2416	bb2df5d976910c2194bd0df4468f6c793fdfbbe2	yk-development-tools/.venv/Lib/site-packages/numpy/typing/tests/data/pass/__pycache__/bitwise_ops.cpython-312.pyc
vendored_virtual_environment_do_not_execute	6858	db2bb160679f5bd1cf8f2ed583dae54f77c04c74	yk-development-tools/.venv/Lib/site-packages/numpy/typing/tests/data/pass/__pycache__/comparisons.cpython-312.pyc
vendored_virtual_environment_do_not_execute	2329	729c95915216b6eaad9541906a859e3490afc9ed	yk-development-tools/.venv/Lib/site-packages/numpy/typing/tests/data/pass/__pycache__/dtype.cpython-312.pyc
vendored_virtual_environment_do_not_execute	2304	3f28ad5c0931e077fd5a82ba6ce1c6f10f212f98	yk-development-tools/.venv/Lib/site-packages/numpy/typing/tests/data/pass/__pycache__/einsumfunc.cpython-312.pyc
vendored_virtual_environment_do_not_execute	954	5754b35670a8fbca89d1cf436c3ffc6c3abc944b	yk-development-tools/.venv/Lib/site-packages/numpy/typing/tests/data/pass/__pycache__/flatiter.cpython-312.pyc
vendored_virtual_environment_do_not_execute	12835	93425f864a6c9c3e2998f6fc62c0d906601cc10e	yk-development-tools/.venv/Lib/site-packages/numpy/typing/tests/data/pass/__pycache__/fromnumeric.cpython-312.pyc
vendored_virtual_environment_do_not_execute	3301	4583eeb751035cfc0690f502496e9a92ae8ab1ee	yk-development-tools/.venv/Lib/site-packages/numpy/typing/tests/data/pass/__pycache__/index_tricks.cpython-312.pyc
vendored_virtual_environment_do_not_execute	1103	d81618a841425aed038417162587485c9f68d20f	yk-development-tools/.venv/Lib/site-packages/numpy/typing/tests/data/pass/__pycache__/lib_user_array.cpython-312.pyc
vendored_virtual_environment_do_not_execute	901	bee90cb032397d32cfc9038e6a76b08bd19c7acd	yk-development-tools/.venv/Lib/site-packages/numpy/typing/tests/data/pass/__pycache__/lib_utils.cpython-312.pyc
vendored_virtual_environment_do_not_execute	703	5a1542ea1544c1c12dab4835e1240de738930571	yk-development-tools/.venv/Lib/site-packages/numpy/typing/tests/data/pass/__pycache__/lib_version.cpython-312.pyc
vendored_virtual_environment_do_not_execute	2716	e09a840885662284b3b633a59e386aa7dcad5c29	yk-development-tools/.venv/Lib/site-packages/numpy/typing/tests/data/pass/__pycache__/literal.cpython-312.pyc
vendored_virtual_environment_do_not_execute	5137	83e57758cae9a5b72651bee94e21913b17594f81	yk-development-tools/.venv/Lib/site-packages/numpy/typing/tests/data/pass/__pycache__/ma.cpython-312.pyc
vendored_virtual_environment_do_not_execute	3504	8a08210730a00c35cc498eee8b1391bc40c30b1d	yk-development-tools/.venv/Lib/site-packages/numpy/typing/tests/data/pass/__pycache__/mod.cpython-312.pyc
vendored_virtual_environment_do_not_execute	2264	f90a9d9c2189af32a42522e522bb365a4b7460da	yk-development-tools/.venv/Lib/site-packages/numpy/typing/tests/data/pass/__pycache__/modules.cpython-312.pyc
vendored_virtual_environment_do_not_execute	3499	57f79b415864dc6095994a32f2bcb03219795103	yk-development-tools/.venv/Lib/site-packages/numpy/typing/tests/data/pass/__pycache__/multiarray.cpython-312.pyc
vendored_virtual_environment_do_not_execute	3487	034330c4c7078602ada5b554dcaf0b81267d33c2	yk-development-tools/.venv/Lib/site-packages/numpy/typing/tests/data/pass/__pycache__/ndarray_conversion.cpython-312.pyc
vendored_virtual_environment_do_not_execute	9632	0d7b3581a5b1eac9427d213f35f118488e097728	yk-development-tools/.venv/Lib/site-packages/numpy/typing/tests/data/pass/__pycache__/ndarray_misc.cpython-312.pyc
vendored_virtual_environment_do_not_execute	1765	f19ff11ed5c0a9784b8a3be718f3439955102a12	yk-development-tools/.venv/Lib/site-packages/numpy/typing/tests/data/pass/__pycache__/ndarray_shape_manipulation.cpython-312.pyc
vendored_virtual_environment_do_not_execute	381	b976e9d99bc29c881756cb150ac33ec3b5d0f2b5	yk-development-tools/.venv/Lib/site-packages/numpy/typing/tests/data/pass/__pycache__/nditer.cpython-312.pyc
vendored_virtual_environment_do_not_execute	4692	25dcdbb1989fcf2248732f4217f523e3cf9919ea	yk-development-tools/.venv/Lib/site-packages/numpy/typing/tests/data/pass/__pycache__/numeric.cpython-312.pyc
vendored_virtual_environment_do_not_execute	1105	9e6af7186a7148ce9b9fdd6a50accca6e79a4cfe	yk-development-tools/.venv/Lib/site-packages/numpy/typing/tests/data/pass/__pycache__/numerictypes.cpython-312.pyc
vendored_virtual_environment_do_not_execute	87043	b7bef292bed9493e29cb1de0aa805b2e80d7ec05	yk-development-tools/.venv/Lib/site-packages/numpy/typing/tests/data/pass/__pycache__/random.cpython-312.pyc
vendored_virtual_environment_do_not_execute	12170	1f0a3aaa71bfe617f295dd97394c31124d8d3bed	yk-development-tools/.venv/Lib/site-packages/numpy/typing/tests/data/pass/__pycache__/recfunctions.cpython-312.pyc
vendored_virtual_environment_do_not_execute	11896	eee8ae3a9af27309a5114b08d725c637b5a7b891	yk-development-tools/.venv/Lib/site-packages/numpy/typing/tests/data/pass/__pycache__/scalars.cpython-312.pyc
vendored_virtual_environment_do_not_execute	1220	cb40f07f8023deea258ccbad2496f2e17de81548	yk-development-tools/.venv/Lib/site-packages/numpy/typing/tests/data/pass/__pycache__/shape.cpython-312.pyc
vendored_virtual_environment_do_not_execute	5053	30adb3787d4eaa36c09e99930b6ae15f6c4d6a76	yk-development-tools/.venv/Lib/site-packages/numpy/typing/tests/data/pass/__pycache__/simple.cpython-312.pyc
vendored_virtual_environment_do_not_execute	343	7792b4338167a25766fa7eac3d5abc415be0a864	yk-development-tools/.venv/Lib/site-packages/numpy/typing/tests/data/pass/__pycache__/simple_py3.cpython-312.pyc
vendored_virtual_environment_do_not_execute	3548	e447ed2389600dc66780c213904dc93880a75ac3	yk-development-tools/.venv/Lib/site-packages/numpy/typing/tests/data/pass/__pycache__/ufunc_config.cpython-312.pyc
vendored_virtual_environment_do_not_execute	2688	221975baf5ef80f9450b2152c29c0c82aef97861	yk-development-tools/.venv/Lib/site-packages/numpy/typing/tests/data/pass/__pycache__/ufunclike.cpython-312.pyc
vendored_virtual_environment_do_not_execute	1085	c0cce290e248720105191133638642155f791039	yk-development-tools/.venv/Lib/site-packages/numpy/typing/tests/data/pass/__pycache__/ufuncs.cpython-312.pyc
vendored_virtual_environment_do_not_execute	570	2c0ec8f5af22eb4bcde86d95f848f28c4a996736	yk-development-tools/.venv/Lib/site-packages/numpy/typing/tests/data/pass/__pycache__/warnings_and_errors.cpython-312.pyc
vendored_virtual_environment_do_not_execute	7762	3b2901cf2b51b01d89702a01360e607fc8e4f338	yk-development-tools/.venv/Lib/site-packages/numpy/typing/tests/data/pass/arithmetic.py
vendored_virtual_environment_do_not_execute	2447	17b6fab93ad877b5eff31e65afadabcda8bd1c9e	yk-development-tools/.venv/Lib/site-packages/numpy/typing/tests/data/pass/array_constructors.py
vendored_virtual_environment_do_not_execute	1032	264ec55da053f2de0b37fc6ee8b0f7d4d450e8fe	yk-development-tools/.venv/Lib/site-packages/numpy/typing/tests/data/pass/array_like.py
vendored_virtual_environment_do_not_execute	766	6c704c755570d1508424af92a0eb5aa1353666a0	yk-development-tools/.venv/Lib/site-packages/numpy/typing/tests/data/pass/arrayprint.py
vendored_virtual_environment_do_not_execute	393	572be5e2fe29ba978b78c8b65b116b5b54a4d01a	yk-development-tools/.venv/Lib/site-packages/numpy/typing/tests/data/pass/arrayterator.py
vendored_virtual_environment_do_not_execute	964	22a245d2180979e6e0fa0cb5780713aa3ac86439	yk-development-tools/.venv/Lib/site-packages/numpy/typing/tests/data/pass/bitwise_ops.py
vendored_virtual_environment_do_not_execute	3298	a461d8b660da6f38ca6ddd416d4857d7b865aa9e	yk-development-tools/.venv/Lib/site-packages/numpy/typing/tests/data/pass/comparisons.py
vendored_virtual_environment_do_not_execute	1070	9f11518276c842f2601e3f1420020f00e3b775fb	yk-development-tools/.venv/Lib/site-packages/numpy/typing/tests/data/pass/dtype.py
vendored_virtual_environment_do_not_execute	1370	429764e67eccc7855d363da20d432fdb45e66971	yk-development-tools/.venv/Lib/site-packages/numpy/typing/tests/data/pass/einsumfunc.py
vendored_virtual_environment_do_not_execute	203	e64e4261b8e70587c872f25875fadfb765120986	yk-development-tools/.venv/Lib/site-packages/numpy/typing/tests/data/pass/flatiter.py
vendored_virtual_environment_do_not_execute	3991	7cc2bcfd8b50f235081e737c3420e1db34191637	yk-development-tools/.venv/Lib/site-packages/numpy/typing/tests/data/pass/fromnumeric.py
vendored_virtual_environment_do_not_execute	1402	dfc4ff2f314aa2417cd5205a86386d4bd6211273	yk-development-tools/.venv/Lib/site-packages/numpy/typing/tests/data/pass/index_tricks.py
vendored_virtual_environment_do_not_execute	590	62b7e85d7ff1e49fecbbe88a921c931a5b8ae745	yk-development-tools/.venv/Lib/site-packages/numpy/typing/tests/data/pass/lib_user_array.py
vendored_virtual_environment_do_not_execute	317	f9b3381e13d26adf44130fc62aa8bfaacfe6a658	yk-development-tools/.venv/Lib/site-packages/numpy/typing/tests/data/pass/lib_utils.py
vendored_virtual_environment_do_not_execute	299	f3825eca524795f4d9742873a773cd7749636e2a	yk-development-tools/.venv/Lib/site-packages/numpy/typing/tests/data/pass/lib_version.py
vendored_virtual_environment_do_not_execute	1508	c8fa476210e31968bbdd5106dc394e5b933e072a	yk-development-tools/.venv/Lib/site-packages/numpy/typing/tests/data/pass/literal.py
vendored_virtual_environment_do_not_execute	3362	e7915a583210aa43d96db0eb68fa83f3ead152ac	yk-development-tools/.venv/Lib/site-packages/numpy/typing/tests/data/pass/ma.py
vendored_virtual_environment_do_not_execute	1576	2b7e6cd85c73cfce452c3bd8bf91f174f134966c	yk-development-tools/.venv/Lib/site-packages/numpy/typing/tests/data/pass/mod.py
vendored_virtual_environment_do_not_execute	625	0c2fd4b7e7c3a2d0ed1be39928edf5b2d591e16c	yk-development-tools/.venv/Lib/site-packages/numpy/typing/tests/data/pass/modules.py
vendored_virtual_environment_do_not_execute	1331	26cedfd77566e7b7865345e0775af88153e74ffc	yk-development-tools/.venv/Lib/site-packages/numpy/typing/tests/data/pass/multiarray.py
vendored_virtual_environment_do_not_execute	1525	76da1dadd327861fdb576f1f492fbc44a4881168	yk-development-tools/.venv/Lib/site-packages/numpy/typing/tests/data/pass/ndarray_conversion.py
vendored_virtual_environment_do_not_execute	3699	bb290cdf12f72ca88bc79aa8f72ad1c2be4ed7d2	yk-development-tools/.venv/Lib/site-packages/numpy/typing/tests/data/pass/ndarray_misc.py
vendored_virtual_environment_do_not_execute	640	0ca3dff392e12a4122740ade2ceb71b3d6e7bb08	yk-development-tools/.venv/Lib/site-packages/numpy/typing/tests/data/pass/ndarray_shape_manipulation.py
vendored_virtual_environment_do_not_execute	63	25a5b44d7aecf6486be76ae0dca0e3e8ef60699b	yk-development-tools/.venv/Lib/site-packages/numpy/typing/tests/data/pass/nditer.py
vendored_virtual_environment_do_not_execute	1622	1eb14cf3a2a2e363df36ca641b3a89733f827991	yk-development-tools/.venv/Lib/site-packages/numpy/typing/tests/data/pass/numeric.py
vendored_virtual_environment_do_not_execute	331	24e1a9986d88ab320bdfab54a050ed27aec4d8b5	yk-development-tools/.venv/Lib/site-packages/numpy/typing/tests/data/pass/numerictypes.py
vendored_virtual_environment_do_not_execute	61824	bce204a7378e8a8c8761d02a08686206f59ca6ce	yk-development-tools/.venv/Lib/site-packages/numpy/typing/tests/data/pass/random.py
vendored_virtual_environment_do_not_execute	5003	52a3d78a76220e8549e322211c2b6c46663ca048	yk-development-tools/.venv/Lib/site-packages/numpy/typing/tests/data/pass/recfunctions.py
vendored_virtual_environment_do_not_execute	3724	655903a50bcec0ee683e92ca0dfa126b1080481e	yk-development-tools/.venv/Lib/site-packages/numpy/typing/tests/data/pass/scalars.py
vendored_virtual_environment_do_not_execute	445	286c8a81dacf3351dc6e128437e39a86b4e146bb	yk-development-tools/.venv/Lib/site-packages/numpy/typing/tests/data/pass/shape.py
vendored_virtual_environment_do_not_execute	2751	8f44e6e76f8353d55a29f6cc0608d39e7db433dc	yk-development-tools/.venv/Lib/site-packages/numpy/typing/tests/data/pass/simple.py
vendored_virtual_environment_do_not_execute	96	c05a1ce612ac5e40d0914732c4c72ad1d3f2d552	yk-development-tools/.venv/Lib/site-packages/numpy/typing/tests/data/pass/simple_py3.py
vendored_virtual_environment_do_not_execute	1205	778e1b57f7e3831464f0bc9ba37e4baddcdf49d8	yk-development-tools/.venv/Lib/site-packages/numpy/typing/tests/data/pass/ufunc_config.py
vendored_virtual_environment_do_not_execute	1125	f993939ddba12851c5c93d3eed0f6d0923d0b98d	yk-development-tools/.venv/Lib/site-packages/numpy/typing/tests/data/pass/ufunclike.py
vendored_virtual_environment_do_not_execute	422	dbc61bb0b17b594865bc909787798238c5b32bf5	yk-development-tools/.venv/Lib/site-packages/numpy/typing/tests/data/pass/ufuncs.py
vendored_virtual_environment_do_not_execute	161	c351afb084c57b2d1264a3ff020ed1e63703a623	yk-development-tools/.venv/Lib/site-packages/numpy/typing/tests/data/pass/warnings_and_errors.py
vendored_virtual_environment_do_not_execute	27424	5dd78a197b8fe101a24c2d231e993ac62a822a91	yk-development-tools/.venv/Lib/site-packages/numpy/typing/tests/data/reveal/arithmetic.pyi
vendored_virtual_environment_do_not_execute	3017	765f9eff516856657f4aaa8aebf22a4c2851a599	yk-development-tools/.venv/Lib/site-packages/numpy/typing/tests/data/reveal/array_api_info.pyi
vendored_virtual_environment_do_not_execute	13041	45cc986d33a62b67ced0368a818ae3cf307f9e44	yk-development-tools/.venv/Lib/site-packages/numpy/typing/tests/data/reveal/array_constructors.pyi
vendored_virtual_environment_do_not_execute	653	c5a443d93fe3de2a02dd6294250df47fb834275b	yk-development-tools/.venv/Lib/site-packages/numpy/typing/tests/data/reveal/arraypad.pyi
vendored_virtual_environment_do_not_execute	777	3b339edced32a905431bd90d577981e0b5d31bea	yk-development-tools/.venv/Lib/site-packages/numpy/typing/tests/data/reveal/arrayprint.pyi
vendored_virtual_environment_do_not_execute	4411	7e5ca5c5717baeb13a12af2cb8cfa42469c34fb7	yk-development-tools/.venv/Lib/site-packages/numpy/typing/tests/data/reveal/arraysetops.pyi
vendored_virtual_environment_do_not_execute	1039	470160c24de33c4069e7f0fc36596d5cbf95f6de	yk-development-tools/.venv/Lib/site-packages/numpy/typing/tests/data/reveal/arrayterator.pyi
vendored_virtual_environment_do_not_execute	4911	6c6b56197546dca11b2bb3a133d7a854d0ef95b7	yk-development-tools/.venv/Lib/site-packages/numpy/typing/tests/data/reveal/bitwise_ops.pyi
vendored_virtual_environment_do_not_execute	11470	5c6af73888d0f9af658e9010bdcb2b197d9c68b0	yk-development-tools/.venv/Lib/site-packages/numpy/typing/tests/data/reveal/char.pyi
vendored_virtual_environment_do_not_execute	5199	b5f4392b75c8743682ef7b7d2d4139825d3a90dd	yk-development-tools/.venv/Lib/site-packages/numpy/typing/tests/data/reveal/chararray.pyi
vendored_virtual_environment_do_not_execute	7195	2165d17fce349a8e62ce260bcdae0c1a72786c85	yk-development-tools/.venv/Lib/site-packages/numpy/typing/tests/data/reveal/comparisons.pyi
vendored_virtual_environment_do_not_execute	333	d4474f46ce7e19571125dc45669692a1c501a5b9	yk-development-tools/.venv/Lib/site-packages/numpy/typing/tests/data/reveal/constants.pyi
vendored_virtual_environment_do_not_execute	4134	0564d725cf62f2419460b0f7cdabfd890947438e	yk-development-tools/.venv/Lib/site-packages/numpy/typing/tests/data/reveal/ctypeslib.pyi
vendored_virtual_environment_do_not_execute	583	9f017911a1ff89dd1f80c059fb13976bc60cd12b	yk-development-tools/.venv/Lib/site-packages/numpy/typing/tests/data/reveal/datasource.pyi
vendored_virtual_environment_do_not_execute	5080	721d2708737f7f59ccfc34b691e584cb944dd847	yk-development-tools/.venv/Lib/site-packages/numpy/typing/tests/data/reveal/dtype.pyi
vendored_virtual_environment_do_not_execute	1926	cc58f006e249bb5fd520fa45bbe1f1690e4c203d	yk-development-tools/.venv/Lib/site-packages/numpy/typing/tests/data/reveal/einsumfunc.pyi
vendored_virtual_environment_do_not_execute	2125	1d7bff893e73445dec3f34e5078ebe19a7d893ed	yk-development-tools/.venv/Lib/site-packages/numpy/typing/tests/data/reveal/emath.pyi
vendored_virtual_environment_do_not_execute	1601	dacd2b89777c1453088f2fedee82996bfb1e66ca	yk-development-tools/.venv/Lib/site-packages/numpy/typing/tests/data/reveal/fft.pyi
vendored_virtual_environment_do_not_execute	1347	e188d30fe79f8d883ee45457d5860271b9809ed4	yk-development-tools/.venv/Lib/site-packages/numpy/typing/tests/data/reveal/flatiter.pyi
vendored_virtual_environment_do_not_execute	15066	5438e001a13f0b6c0202232a5a34f1314000e568	yk-development-tools/.venv/Lib/site-packages/numpy/typing/tests/data/reveal/fromnumeric.pyi
vendored_virtual_environment_do_not_execute	1547	825daba43064b33a5280f8a335c49d5b6e728cdc	yk-development-tools/.venv/Lib/site-packages/numpy/typing/tests/data/reveal/getlimits.pyi
vendored_virtual_environment_do_not_execute	1257	c1c63d59cb8805237e1d4907f2e90ef6f6ee4cfd	yk-development-tools/.venv/Lib/site-packages/numpy/typing/tests/data/reveal/histograms.pyi
vendored_virtual_environment_do_not_execute	3241	f6067c3bed6bfd0adecab400a1028f40af479b24	yk-development-tools/.venv/Lib/site-packages/numpy/typing/tests/data/reveal/index_tricks.pyi
vendored_virtual_environment_do_not_execute	10112	3ce8d375201bfd5c6d77668c59e9284eddc0c89f	yk-development-tools/.venv/Lib/site-packages/numpy/typing/tests/data/reveal/lib_function_base.pyi
vendored_virtual_environment_do_not_execute	5660	8b0a9f3d22e739d24bba24eb677f235745e6ae86	yk-development-tools/.venv/Lib/site-packages/numpy/typing/tests/data/reveal/lib_polynomial.pyi
vendored_virtual_environment_do_not_execute	436	c9470e00a3590c00594d87856a232575bc9ff63e	yk-development-tools/.venv/Lib/site-packages/numpy/typing/tests/data/reveal/lib_utils.pyi
vendored_virtual_environment_do_not_execute	572	03735375ae3e8945c5f9d8f1cab7c90be60f8cf6	yk-development-tools/.venv/Lib/site-packages/numpy/typing/tests/data/reveal/lib_version.pyi
vendored_virtual_environment_do_not_execute	5933	417fb0d8c558f4b6d98c022e5c6d2fe47847911e	yk-development-tools/.venv/Lib/site-packages/numpy/typing/tests/data/reveal/linalg.pyi
vendored_virtual_environment_do_not_execute	16223	2c65534ecb04fcb1b6e43dcceb3cc4767922bf4e	yk-development-tools/.venv/Lib/site-packages/numpy/typing/tests/data/reveal/ma.pyi
vendored_virtual_environment_do_not_execute	3040	1a7285d428ccbccacfb72acea284f876cf084d6f	yk-development-tools/.venv/Lib/site-packages/numpy/typing/tests/data/reveal/matrix.pyi
vendored_virtual_environment_do_not_execute	719	f3e20ed2d5e7df74e3e2fa66d743430fece8cb62	yk-development-tools/.venv/Lib/site-packages/numpy/typing/tests/data/reveal/memmap.pyi
vendored_virtual_environment_do_not_execute	7599	59a6a1016479d137e2e9b3b44e8346b56553a9a1	yk-development-tools/.venv/Lib/site-packages/numpy/typing/tests/data/reveal/mod.pyi
vendored_virtual_environment_do_not_execute	1858	628fb500bfda11752336fa52fea5b81c259501ae	yk-development-tools/.venv/Lib/site-packages/numpy/typing/tests/data/reveal/modules.pyi
vendored_virtual_environment_do_not_execute	7779	6ba3fcde632f03328a8575b5bd60c504d9bac448	yk-development-tools/.venv/Lib/site-packages/numpy/typing/tests/data/reveal/multiarray.pyi
vendored_virtual_environment_do_not_execute	687	33229660b6f89e7a72a03d4e1e043afd0a378a4d	yk-development-tools/.venv/Lib/site-packages/numpy/typing/tests/data/reveal/nbit_base_example.pyi
vendored_virtual_environment_do_not_execute	2668	d754a94003d3369765e4f25ba532e8311012d3b6	yk-development-tools/.venv/Lib/site-packages/numpy/typing/tests/data/reveal/ndarray_assignability.pyi
vendored_virtual_environment_do_not_execute	3309	bbd42573a774fa12df006265bc4fea8010e09dcc	yk-development-tools/.venv/Lib/site-packages/numpy/typing/tests/data/reveal/ndarray_conversion.pyi
vendored_virtual_environment_do_not_execute	8663	4cbb90621ca9728bdb6fe4183e0705310e09c331	yk-development-tools/.venv/Lib/site-packages/numpy/typing/tests/data/reveal/ndarray_misc.pyi
vendored_virtual_environment_do_not_execute	1394	4447bb13d2ad9abe78dddda6f08ee933f4cd050c	yk-development-tools/.venv/Lib/site-packages/numpy/typing/tests/data/reveal/ndarray_shape_manipulation.pyi
vendored_virtual_environment_do_not_execute	1898	8965f3c03e6de46740c7b1aa8978f1730a0ac799	yk-development-tools/.venv/Lib/site-packages/numpy/typing/tests/data/reveal/nditer.pyi
vendored_virtual_environment_do_not_execute	612	b4f98b79c3339fa856a09cd639961b5bb8156fd3	yk-development-tools/.venv/Lib/site-packages/numpy/typing/tests/data/reveal/nested_sequence.pyi
vendored_virtual_environment_do_not_execute	3493	40da72c8544eac029383c3314a3423e04b3b0a6c	yk-development-tools/.venv/Lib/site-packages/numpy/typing/tests/data/reveal/npyio.pyi
vendored_virtual_environment_do_not_execute	5869	7c1ea8958e3bb005467a18179c234860a2a54647	yk-development-tools/.venv/Lib/site-packages/numpy/typing/tests/data/reveal/numeric.pyi
vendored_virtual_environment_do_not_execute	1331	4a3e02c9afa68fef62e39ffad1b5b246bd564dc3	yk-development-tools/.venv/Lib/site-packages/numpy/typing/tests/data/reveal/numerictypes.pyi
vendored_virtual_environment_do_not_execute	7925	bb927035e40cc4f4aa4b2229fef8cb7f94d15884	yk-development-tools/.venv/Lib/site-packages/numpy/typing/tests/data/reveal/polynomial_polybase.pyi
vendored_virtual_environment_do_not_execute	10642	45522e72102f0c0b6a48cf35e2dc4ae6e9719c84	yk-development-tools/.venv/Lib/site-packages/numpy/typing/tests/data/reveal/polynomial_polyutils.pyi
vendored_virtual_environment_do_not_execute	6853	93f0799c818d983b1130cc152c931e587579fdf6	yk-development-tools/.venv/Lib/site-packages/numpy/typing/tests/data/reveal/polynomial_series.pyi
vendored_virtual_environment_do_not_execute	104296	e188eb02893f06faf35b1b5265c83dc24f1d84c9	yk-development-tools/.venv/Lib/site-packages/numpy/typing/tests/data/reveal/random.pyi
vendored_virtual_environment_do_not_execute	3378	aacf217e42072cacc9a245d7d7faef8cb340f2c2	yk-development-tools/.venv/Lib/site-packages/numpy/typing/tests/data/reveal/rec.pyi
vendored_virtual_environment_do_not_execute	6378	d7b277735c7ccb7f3323f282f921d22ee6cf04b2	yk-development-tools/.venv/Lib/site-packages/numpy/typing/tests/data/reveal/scalars.pyi
vendored_virtual_environment_do_not_execute	262	2406a39f9682b66623bd9879afdfcfe311c5f869	yk-development-tools/.venv/Lib/site-packages/numpy/typing/tests/data/reveal/shape.pyi
vendored_virtual_environment_do_not_execute	2006	e409a53bcef95ad549769011cf0a7d28ea78320e	yk-development-tools/.venv/Lib/site-packages/numpy/typing/tests/data/reveal/shape_base.pyi
vendored_virtual_environment_do_not_execute	1315	8fde9b8ae30dd6dd25b1d4f6f68c1321e6f3c0a0	yk-development-tools/.venv/Lib/site-packages/numpy/typing/tests/data/reveal/stride_tricks.pyi
vendored_virtual_environment_do_not_execute	9547	18bd252d5ff90f34878ba34fd150bf17093cdc61	yk-development-tools/.venv/Lib/site-packages/numpy/typing/tests/data/reveal/strings.pyi
vendored_virtual_environment_do_not_execute	8443	d70bc971c15f374ead829db9aff447e361ae1e06	yk-development-tools/.venv/Lib/site-packages/numpy/typing/tests/data/reveal/testing.pyi
vendored_virtual_environment_do_not_execute	4237	7e9563a386117ca75a2650095ddc03b259c0db7b	yk-development-tools/.venv/Lib/site-packages/numpy/typing/tests/data/reveal/twodim_base.pyi
vendored_virtual_environment_do_not_execute	2392	df95da78ffb7a4669b88310739bb710d7d41f6ae	yk-development-tools/.venv/Lib/site-packages/numpy/typing/tests/data/reveal/type_check.pyi
vendored_virtual_environment_do_not_execute	1162	748507530aa11fae503e95cf43473f1dde496f80	yk-development-tools/.venv/Lib/site-packages/numpy/typing/tests/data/reveal/ufunc_config.pyi
vendored_virtual_environment_do_not_execute	1183	a0ede60e01585e73634f321d908dbe5cbe948629	yk-development-tools/.venv/Lib/site-packages/numpy/typing/tests/data/reveal/ufunclike.pyi
vendored_virtual_environment_do_not_execute	4789	93a8bfb15d06ddb3f7291f8399a4c2db2a3f6568	yk-development-tools/.venv/Lib/site-packages/numpy/typing/tests/data/reveal/ufuncs.pyi
vendored_virtual_environment_do_not_execute	449	f756a8e45d46629d499612c5452932811dc95084	yk-development-tools/.venv/Lib/site-packages/numpy/typing/tests/data/reveal/warnings_and_errors.pyi
vendored_virtual_environment_do_not_execute	878	f72122f208c903adbad9b32bdb30e65b8b8bfeb8	yk-development-tools/.venv/Lib/site-packages/numpy/typing/tests/test_isfile.py
vendored_virtual_environment_do_not_execute	2919	2369521011261cfbae1945f59ba7151800e357ff	yk-development-tools/.venv/Lib/site-packages/numpy/typing/tests/test_runtime.py
vendored_virtual_environment_do_not_execute	6289	ca4cf37fec3b6e151b2396af6f1532cdf1dd49c7	yk-development-tools/.venv/Lib/site-packages/numpy/typing/tests/test_typing.py
vendored_virtual_environment_do_not_execute	293	ea75d5a869c55a23fe59dd67dcac692baf8ff9b0	yk-development-tools/.venv/Lib/site-packages/numpy/version.py
vendored_virtual_environment_do_not_execute	358	113cde3f56212b5efdc27c33c731f66ffbc895d2	yk-development-tools/.venv/Lib/site-packages/numpy/version.pyi
vendored_virtual_environment_do_not_execute	4	a1b589e38a32041e49332e5e81c2d363dc418d68	yk-development-tools/.venv/Lib/site-packages/pip-26.2.1.dist-info/INSTALLER
vendored_virtual_environment_do_not_execute	4617	29576e2a7d3c8ed40a4efce93575b0ea37befb1c	yk-development-tools/.venv/Lib/site-packages/pip-26.2.1.dist-info/METADATA
vendored_virtual_environment_do_not_execute	68114	e8ce2f09b0cf6eb8fb2a8b77758d2020fbbb127c	yk-development-tools/.venv/Lib/site-packages/pip-26.2.1.dist-info/RECORD
vendored_virtual_environment_do_not_execute	0	e69de29bb2d1d6434b8b29ae775ad8c2e48c5391	yk-development-tools/.venv/Lib/site-packages/pip-26.2.1.dist-info/REQUESTED
vendored_virtual_environment_do_not_execute	82	d8b9936dad9ab2513fa6979f411560d3b6b57e37	yk-development-tools/.venv/Lib/site-packages/pip-26.2.1.dist-info/WHEEL
vendored_virtual_environment_do_not_execute	84	c6436d21fcc6479564ce8581c93e30e2cc60a096	yk-development-tools/.venv/Lib/site-packages/pip-26.2.1.dist-info/entry_points.txt
vendored_virtual_environment_do_not_execute	12139	691991f6297ee7562b3ee9e403e602da648f1486	yk-development-tools/.venv/Lib/site-packages/pip-26.2.1.dist-info/licenses/AUTHORS.txt
vendored_virtual_environment_do_not_execute	1093	8e7b65eaf628360e6f32f4140fcdd7ec7c2b7077	yk-development-tools/.venv/Lib/site-packages/pip-26.2.1.dist-info/licenses/LICENSE.txt
vendored_virtual_environment_do_not_execute	558	d8b3b56d361cfaa04de6304c96c328f27266f74e	yk-development-tools/.venv/Lib/site-packages/pip-26.2.1.dist-info/licenses/src/pip/_vendor/cachecontrol/LICENSE.txt
vendored_virtual_environment_do_not_execute	989	62b076cdee58ec8f34034141ba0befd9015b0c7e	yk-development-tools/.venv/Lib/site-packages/pip-26.2.1.dist-info/licenses/src/pip/_vendor/certifi/LICENSE
vendored_virtual_environment_do_not_execute	14531	c31ac56d772f7061c8b42f0ee96063b7a94a4859	yk-development-tools/.venv/Lib/site-packages/pip-26.2.1.dist-info/licenses/src/pip/_vendor/distlib/LICENSE.txt
vendored_virtual_environment_do_not_execute	11325	e06d2081865a766a8668acc12878f98b27fc9ea0	yk-development-tools/.venv/Lib/site-packages/pip-26.2.1.dist-info/licenses/src/pip/_vendor/distro/LICENSE
vendored_virtual_environment_do_not_execute	1541	f706835ab3a5dd709a6e1f57aee0a94ae1415df6	yk-development-tools/.venv/Lib/site-packages/pip-26.2.1.dist-info/licenses/src/pip/_vendor/idna/LICENSE.md
vendored_virtual_environment_do_not_execute	614	f067af3aae15a5b494f0eeb15a7064c176e30fd5	yk-development-tools/.venv/Lib/site-packages/pip-26.2.1.dist-info/licenses/src/pip/_vendor/msgpack/COPYING
vendored_virtual_environment_do_not_execute	197	6f62d44e4ef733c0e713afcd2371fed7f2b3de67	yk-development-tools/.venv/Lib/site-packages/pip-26.2.1.dist-info/licenses/src/pip/_vendor/packaging/LICENSE
vendored_virtual_environment_do_not_execute	10174	f433b1a53f5b830a205fd2df78e2b34974656c7b	yk-development-tools/.venv/Lib/site-packages/pip-26.2.1.dist-info/licenses/src/pip/_vendor/packaging/LICENSE.APACHE
vendored_virtual_environment_do_not_execute	1344	42ce7b75c92fb01a3f6ed17eea363f756b7da582	yk-development-tools/.venv/Lib/site-packages/pip-26.2.1.dist-info/licenses/src/pip/_vendor/packaging/LICENSE.BSD
vendored_virtual_environment_do_not_execute	1023	1bb5a44356f00884a71ceeefd24ded6caaba2418	yk-development-tools/.venv/Lib/site-packages/pip-26.2.1.dist-info/licenses/src/pip/_vendor/pkg_resources/LICENSE
vendored_virtual_environment_do_not_execute	1089	f35fed9191b1142ddaada8a96de4a9461c5d796c	yk-development-tools/.venv/Lib/site-packages/pip-26.2.1.dist-info/licenses/src/pip/_vendor/platformdirs/LICENSE
vendored_virtual_environment_do_not_execute	1331	446a1a805c8a949579fb8a9799f2bec7777349dc	yk-development-tools/.venv/Lib/site-packages/pip-26.2.1.dist-info/licenses/src/pip/_vendor/pygments/LICENSE
vendored_virtual_environment_do_not_execute	1081	b0ae9dbc262b5f7ed4cb6f964cfb5eb5c0d0b0be	yk-development-tools/.venv/Lib/site-packages/pip-26.2.1.dist-info/licenses/src/pip/_vendor/pyproject_hooks/LICENSE
vendored_virtual_environment_do_not_execute	10142	67db8588217f266eb561f75fae738656325deac9	yk-development-tools/.venv/Lib/site-packages/pip-26.2.1.dist-info/licenses/src/pip/_vendor/requests/LICENSE
vendored_virtual_environment_do_not_execute	751	b9077766e9b9bdcae49ea5c8fced750ed13ec8f7	yk-development-tools/.venv/Lib/site-packages/pip-26.2.1.dist-info/licenses/src/pip/_vendor/resolvelib/LICENSE
vendored_virtual_environment_do_not_execute	1056	4415505566f261c802b671426be529a31f914137	yk-development-tools/.venv/Lib/site-packages/pip-26.2.1.dist-info/licenses/src/pip/_vendor/rich/LICENSE
vendored_virtual_environment_do_not_execute	1072	e859590f886cd78344206af1a8ccb3080d4385e0	yk-development-tools/.venv/Lib/site-packages/pip-26.2.1.dist-info/licenses/src/pip/_vendor/tomli/LICENSE
vendored_virtual_environment_do_not_execute	1072	e859590f886cd78344206af1a8ccb3080d4385e0	yk-development-tools/.venv/Lib/site-packages/pip-26.2.1.dist-info/licenses/src/pip/_vendor/tomli_w/LICENSE
vendored_virtual_environment_do_not_execute	1086	7ec568c1136eb8ec86aa05cf7abacfb54c3e5ead	yk-development-tools/.venv/Lib/site-packages/pip-26.2.1.dist-info/licenses/src/pip/_vendor/truststore/LICENSE
vendored_virtual_environment_do_not_execute	1093	e6183d0276b26c5b87aecccf8d0d5bcd7b1148d4	yk-development-tools/.venv/Lib/site-packages/pip-26.2.1.dist-info/licenses/src/pip/_vendor/urllib3/LICENSE.txt
vendored_virtual_environment_do_not_execute	355	451ca2f866039ffb86941ebae7a73789bf2fcedd	yk-development-tools/.venv/Lib/site-packages/pip/__init__.py
vendored_virtual_environment_do_not_execute	874	094361cd1aa963d4b7e13ed0d22484390970d5f3	yk-development-tools/.venv/Lib/site-packages/pip/__main__.py
vendored_virtual_environment_do_not_execute	1451	a1aee8195308a2095a6eff9019f6aeee4d89b2a6	yk-development-tools/.venv/Lib/site-packages/pip/__pip-runner__.py
vendored_virtual_environment_do_not_execute	671	0062c5606fc9535b24185468a0da23d0834b03ae	yk-development-tools/.venv/Lib/site-packages/pip/__pycache__/__init__.cpython-312.pyc
vendored_virtual_environment_do_not_execute	896	9dee14211ff8919ee7e12f0669fcb479183c9287	yk-development-tools/.venv/Lib/site-packages/pip/__pycache__/__main__.cpython-312.pyc
vendored_virtual_environment_do_not_execute	2225	4567977236dfc67bf182e7fcd4bcc22c3282e7ef	yk-development-tools/.venv/Lib/site-packages/pip/__pycache__/__pip-runner__.cpython-312.pyc
vendored_virtual_environment_do_not_execute	511	24d0baf0c31c2902e45623a29aea8d7ede8c0dee	yk-development-tools/.venv/Lib/site-packages/pip/_internal/__init__.py
vendored_virtual_environment_do_not_execute	771	153f3621050aa45411325e9ae15aac6b401d4934	yk-development-tools/.venv/Lib/site-packages/pip/_internal/__pycache__/__init__.cpython-312.pyc
vendored_virtual_environment_do_not_execute	12519	c9404bd021856429651f73163c70e4a23f3d02bf	yk-development-tools/.venv/Lib/site-packages/pip/_internal/__pycache__/cache.cpython-312.pyc
vendored_virtual_environment_do_not_execute	18215	8fdd91a88830e5e7b661dee843c6516be2aff827	yk-development-tools/.venv/Lib/site-packages/pip/_internal/__pycache__/configuration.cpython-312.pyc
vendored_virtual_environment_do_not_execute	51301	d1b87a69ccf581c96900340c81f82eb2c97a528e	yk-development-tools/.venv/Lib/site-packages/pip/_internal/__pycache__/exceptions.cpython-312.pyc
vendored_virtual_environment_do_not_execute	654	9511d29ca9d3eac449e85271593bd686720d36b4	yk-development-tools/.venv/Lib/site-packages/pip/_internal/__pycache__/main.cpython-312.pyc
vendored_virtual_environment_do_not_execute	4106	f51fe3b247898a53964872351f8391844c7be767	yk-development-tools/.venv/Lib/site-packages/pip/_internal/__pycache__/pyproject.cpython-312.pyc
vendored_virtual_environment_do_not_execute	9721	07b50f7bc490d87cdea22a835f72e61f07e0c9e2	yk-development-tools/.venv/Lib/site-packages/pip/_internal/__pycache__/self_outdated_check.cpython-312.pyc
vendored_virtual_environment_do_not_execute	10820	fc6128ad0e23c192c88435ff3820aa9e50435602	yk-development-tools/.venv/Lib/site-packages/pip/_internal/__pycache__/wheel_builder.cpython-312.pyc
vendored_virtual_environment_do_not_execute	788	194e2742aeb5babdf13e400ce380ad76c0a20369	yk-development-tools/.venv/Lib/site-packages/pip/_internal/build_env/__init__.py
vendored_virtual_environment_do_not_execute	880	4c3d0c666c70a7ed2a7924291f1f1b60f059206a	yk-development-tools/.venv/Lib/site-packages/pip/_internal/build_env/__pycache__/__init__.cpython-312.pyc
vendored_virtual_environment_do_not_execute	4963	6c46e91d78aaed730675c403152d219a8428e850	yk-development-tools/.venv/Lib/site-packages/pip/_internal/build_env/__pycache__/base.cpython-312.pyc
vendored_virtual_environment_do_not_execute	13587	907cfaa27f85db44c688cd79ec815b09e3bb27b8	yk-development-tools/.venv/Lib/site-packages/pip/_internal/build_env/__pycache__/installer.cpython-312.pyc
vendored_virtual_environment_do_not_execute	2060	a1edeba85b196e7fc2d966ca4abae218c7932518	yk-development-tools/.venv/Lib/site-packages/pip/_internal/build_env/__pycache__/noop.cpython-312.pyc
vendored_virtual_environment_do_not_execute	6745	d9c22211aec8ce12d3db2971eb59a8af5a3cd56a	yk-development-tools/.venv/Lib/site-packages/pip/_internal/build_env/__pycache__/venv.cpython-312.pyc
vendored_virtual_environment_do_not_execute	7418	ba2fa47b24231cc4d35cce2f3648db8493ec96f9	yk-development-tools/.venv/Lib/site-packages/pip/_internal/build_env/__pycache__/virtual.cpython-312.pyc
vendored_virtual_environment_do_not_execute	3440	ce26d9c03fc8722a4d6ede5146531bd89ca2b59e	yk-development-tools/.venv/Lib/site-packages/pip/_internal/build_env/base.py
vendored_virtual_environment_do_not_execute	13046	790ad5f3b7a623c9f20b4d5383c6b15d61c60243	yk-development-tools/.venv/Lib/site-packages/pip/_internal/build_env/installer.py
vendored_virtual_environment_do_not_execute	1001	c9ee81c1b9c11f7b83abd9f222bd4c1f720a4f29	yk-development-tools/.venv/Lib/site-packages/pip/_internal/build_env/noop.py
vendored_virtual_environment_do_not_execute	5692	d6d7c5055a19f3051dee33999233c062517d2c0c	yk-development-tools/.venv/Lib/site-packages/pip/_internal/build_env/venv.py
vendored_virtual_environment_do_not_execute	4858	2f06c6ca83100644eb7d9e9d86f310443a93e353	yk-development-tools/.venv/Lib/site-packages/pip/_internal/build_env/virtual.py
vendored_virtual_environment_do_not_execute	10457	462231a36ec9ac5ea8faa99cdb4623696c1ca911	yk-development-tools/.venv/Lib/site-packages/pip/_internal/cache.py
vendored_virtual_environment_do_not_execute	131	5fcddf5d81ed444b20b22344fe8bdecd1ebe055c	yk-development-tools/.venv/Lib/site-packages/pip/_internal/cli/__init__.py
vendored_virtual_environment_do_not_execute	295	7f4737870a263504f81570b64e187be107303400	yk-development-tools/.venv/Lib/site-packages/pip/_internal/cli/__pycache__/__init__.cpython-312.pyc
vendored_virtual_environment_do_not_execute	9115	72322cc70870470537285baf7cd0d27eab8ae5fe	yk-development-tools/.venv/Lib/site-packages/pip/_internal/cli/__pycache__/autocompletion.cpython-312.pyc
vendored_virtual_environment_do_not_execute	11465	328bc8bfcb3fde0a55e710dc977d66e8a4aa47e2	yk-development-tools/.venv/Lib/site-packages/pip/_internal/cli/__pycache__/base_command.cpython-312.pyc
vendored_virtual_environment_do_not_execute	40569	747d0ebc89de5271e222c8fdb9dbc798702c4add	yk-development-tools/.venv/Lib/site-packages/pip/_internal/cli/__pycache__/cmdoptions.cpython-312.pyc
vendored_virtual_environment_do_not_execute	1833	f3eab28dc5f1b5794b65c9f6d5663e4e138e2f48	yk-development-tools/.venv/Lib/site-packages/pip/_internal/cli/__pycache__/command_context.cpython-312.pyc
vendored_virtual_environment_do_not_execute	9000	440efd41fefb797534ed7e2ffeadf079af14acb9	yk-development-tools/.venv/Lib/site-packages/pip/_internal/cli/__pycache__/index_command.cpython-312.pyc
vendored_virtual_environment_do_not_execute	2257	78dae6f8297e563e4f8278b32dab14e6d2d556c4	yk-development-tools/.venv/Lib/site-packages/pip/_internal/cli/__pycache__/main.cpython-312.pyc
vendored_virtual_environment_do_not_execute	4930	7c73de053f74727bfa6efcef71fce1ab982349de	yk-development-tools/.venv/Lib/site-packages/pip/_internal/cli/__pycache__/main_parser.cpython-312.pyc
vendored_virtual_environment_do_not_execute	18680	9e8e8c5c2c41db780dcdb47197de5105bafd4be0	yk-development-tools/.venv/Lib/site-packages/pip/_internal/cli/__pycache__/parser.cpython-312.pyc
vendored_virtual_environment_do_not_execute	6118	360d861c0219c60c4a3b85dae179bd2168d77af5	yk-development-tools/.venv/Lib/site-packages/pip/_internal/cli/__pycache__/progress_bars.cpython-312.pyc
vendored_virtual_environment_do_not_execute	17956	13a60a72c01e6062f08474a7573f0e459b8dc5da	yk-development-tools/.venv/Lib/site-packages/pip/_internal/cli/__pycache__/req_command.cpython-312.pyc
vendored_virtual_environment_do_not_execute	11268	af48f49257f778dc10447585a909dbb22bd51154	yk-development-tools/.venv/Lib/site-packages/pip/_internal/cli/__pycache__/spinners.cpython-312.pyc
vendored_virtual_environment_do_not_execute	424	5abf55f762624c6b249f7d5001fc3012b53b832a	yk-development-tools/.venv/Lib/site-packages/pip/_internal/cli/__pycache__/status_codes.cpython-312.pyc
vendored_virtual_environment_do_not_execute	7353	4da020a3b80883bbafb65bc8e6ee84987cbddcb9	yk-development-tools/.venv/Lib/site-packages/pip/_internal/cli/autocompletion.py
vendored_virtual_environment_do_not_execute	9431	d74d192604fa3067b356320b588421a52607a55c	yk-development-tools/.venv/Lib/site-packages/pip/_internal/cli/base_command.py
vendored_virtual_environment_do_not_execute	41180	2b99c79c71750fa869e0c0bd085f1e97582e4153	yk-development-tools/.venv/Lib/site-packages/pip/_internal/cli/cmdoptions.py
vendored_virtual_environment_do_not_execute	817	9c167bdc339860dffba24040cf1e83e24b2fa089	yk-development-tools/.venv/Lib/site-packages/pip/_internal/cli/command_context.py
vendored_virtual_environment_do_not_execute	7504	e1345ae43cc7de48a249c3034e02be64b6272d58	yk-development-tools/.venv/Lib/site-packages/pip/_internal/cli/index_command.py
vendored_virtual_environment_do_not_execute	3209	86ea4d58e16f6de51276471bb4e508fef0a8e845	yk-development-tools/.venv/Lib/site-packages/pip/_internal/cli/main.py
vendored_virtual_environment_do_not_execute	4368	903c89112026f7cb686722e6a606215c52abf11c	yk-development-tools/.venv/Lib/site-packages/pip/_internal/cli/main_parser.py
vendored_virtual_environment_do_not_execute	14147	4df249ad2fa686acfe9c7a63d1cb19f7e09f9265	yk-development-tools/.venv/Lib/site-packages/pip/_internal/cli/parser.py
vendored_virtual_environment_do_not_execute	4706	f276c7e2c44ef71fcaa2dd6f741718127f019005	yk-development-tools/.venv/Lib/site-packages/pip/_internal/cli/progress_bars.py
vendored_virtual_environment_do_not_execute	18952	f58a970613f2a52b199fc17ee575361d84807725	yk-development-tools/.venv/Lib/site-packages/pip/_internal/cli/req_command.py
vendored_virtual_environment_do_not_execute	7362	58aad2853ddcb3ea1fb086d8b811ed2cdab04fb4	yk-development-tools/.venv/Lib/site-packages/pip/_internal/cli/spinners.py
vendored_virtual_environment_do_not_execute	136	2b2ecabc327fa09fd64dfda96e69a68c355978c2	yk-development-tools/.venv/Lib/site-packages/pip/_internal/cli/status_codes.py
vendored_virtual_environment_do_not_execute	4026	bedeca9e9508859623b95ad104840578834c15b2	yk-development-tools/.venv/Lib/site-packages/pip/_internal/commands/__init__.py
vendored_virtual_environment_do_not_execute	4137	5b83f34a70801224e8568daffdc8409fae7f45b8	yk-development-tools/.venv/Lib/site-packages/pip/_internal/commands/__pycache__/__init__.cpython-312.pyc
vendored_virtual_environment_do_not_execute	11463	5f6ab432220c844689feca724cc5720ceb1d81e3	yk-development-tools/.venv/Lib/site-packages/pip/_internal/commands/__pycache__/cache.cpython-312.pyc
vendored_virtual_environment_do_not_execute	2576	988722fc19e4e34932bdd32aed356efd68571150	yk-development-tools/.venv/Lib/site-packages/pip/_internal/commands/__pycache__/check.cpython-312.pyc
vendored_virtual_environment_do_not_execute	5479	d4db040e7f78f06322e8aa7517663aa0c842461d	yk-development-tools/.venv/Lib/site-packages/pip/_internal/commands/__pycache__/completion.cpython-312.pyc
vendored_virtual_environment_do_not_execute	13377	0cb4f5da7f50336559d6e15904e013ce419796d7	yk-development-tools/.venv/Lib/site-packages/pip/_internal/commands/__pycache__/configuration.cpython-312.pyc
vendored_virtual_environment_do_not_execute	9766	617dfa790e895d5fead669413d4409312b529e6d	yk-development-tools/.venv/Lib/site-packages/pip/_internal/commands/__pycache__/debug.cpython-312.pyc
vendored_virtual_environment_do_not_execute	7627	629d8e4011a69a3da0b3f1e38fbc354dc1a48db0	yk-development-tools/.venv/Lib/site-packages/pip/_internal/commands/__pycache__/download.cpython-312.pyc
vendored_virtual_environment_do_not_execute	4306	376376a31798bf338e7dae32417946dc4fe56746	yk-development-tools/.venv/Lib/site-packages/pip/_internal/commands/__pycache__/freeze.cpython-312.pyc
vendored_virtual_environment_do_not_execute	2953	76e8269da6fe04855be43e93fb0ff9ed2d50c761	yk-development-tools/.venv/Lib/site-packages/pip/_internal/commands/__pycache__/hash.cpython-312.pyc
vendored_virtual_environment_do_not_execute	1658	df2f753ad3976456ce6e65a616bb06a54badae1d	yk-development-tools/.venv/Lib/site-packages/pip/_internal/commands/__pycache__/help.cpython-312.pyc
vendored_virtual_environment_do_not_execute	7539	5393542abab7de0fb2bdc77c2d4f40ce0dee81fd	yk-development-tools/.venv/Lib/site-packages/pip/_internal/commands/__pycache__/index.cpython-312.pyc
vendored_virtual_environment_do_not_execute	3977	601d05281477c94aa7ed732e14d7ee842b1381bd	yk-development-tools/.venv/Lib/site-packages/pip/_internal/commands/__pycache__/inspect.cpython-312.pyc
vendored_virtual_environment_do_not_execute	33913	a7455e236a6fc1792109871198cda903831a8232	yk-development-tools/.venv/Lib/site-packages/pip/_internal/commands/__pycache__/install.cpython-312.pyc
vendored_virtual_environment_do_not_execute	17632	393b389b2fb5d27e29dc24a6f5267d9f1177d7e5	yk-development-tools/.venv/Lib/site-packages/pip/_internal/commands/__pycache__/list.cpython-312.pyc
vendored_virtual_environment_do_not_execute	8312	8ed06a863392925debdafc9d4ed62c28b33b263b	yk-development-tools/.venv/Lib/site-packages/pip/_internal/commands/__pycache__/lock.cpython-312.pyc
vendored_virtual_environment_do_not_execute	7626	6cb500a92a1b83ae763b3e55109016d05f1fb77f	yk-development-tools/.venv/Lib/site-packages/pip/_internal/commands/__pycache__/search.cpython-312.pyc
vendored_virtual_environment_do_not_execute	11356	0d63cea49b191f27082abf209eb98a7183f762e4	yk-development-tools/.venv/Lib/site-packages/pip/_internal/commands/__pycache__/show.cpython-312.pyc
vendored_virtual_environment_do_not_execute	4694	78a55a0c439276d254bbcc8e2d9b5348e4153651	yk-development-tools/.venv/Lib/site-packages/pip/_internal/commands/__pycache__/uninstall.cpython-312.pyc
vendored_virtual_environment_do_not_execute	8670	0e09a046a1930426b941a44249b9b6e2f92d4f99	yk-development-tools/.venv/Lib/site-packages/pip/_internal/commands/__pycache__/wheel.cpython-312.pyc
vendored_virtual_environment_do_not_execute	9251	232ace8d40d9d8bda15cae103c182006b1913db5	yk-development-tools/.venv/Lib/site-packages/pip/_internal/commands/cache.py
vendored_virtual_environment_do_not_execute	2244	516757eead7ad90f375cc3b9117328b73e13ee16	yk-development-tools/.venv/Lib/site-packages/pip/_internal/commands/check.py
vendored_virtual_environment_do_not_execute	4565	7ba205d726339f38cd758a120e60a4297254f0a7	yk-development-tools/.venv/Lib/site-packages/pip/_internal/commands/completion.py
vendored_virtual_environment_do_not_execute	10132	4fa860ff9bb5bc78fd98aa3fe5c2e184afc81110	yk-development-tools/.venv/Lib/site-packages/pip/_internal/commands/configuration.py
vendored_virtual_environment_do_not_execute	6556	4e8178d0a529be13904d661d36d7bbe38dd02993	yk-development-tools/.venv/Lib/site-packages/pip/_internal/commands/debug.py
vendored_virtual_environment_do_not_execute	5404	8b349829603817b8abb11aaf4b24f6c4725b7237	yk-development-tools/.venv/Lib/site-packages/pip/_internal/commands/download.py
vendored_virtual_environment_do_not_execute	3100	ab501db56290b73d0fa12f0f1e06e09dfa5948c2	yk-development-tools/.venv/Lib/site-packages/pip/_internal/commands/freeze.py
vendored_virtual_environment_do_not_execute	1679	271a4c91a7f759272424e051862dee0a33a91d1a	yk-development-tools/.venv/Lib/site-packages/pip/_internal/commands/hash.py
vendored_virtual_environment_do_not_execute	1108	2ae658ff5eb6951ea30948ab425e6125dc41fa34	yk-development-tools/.venv/Lib/site-packages/pip/_internal/commands/help.py
vendored_virtual_environment_do_not_execute	5608	e444b9a746b88c2608464852744ff38dff500cc8	yk-development-tools/.venv/Lib/site-packages/pip/_internal/commands/index.py
vendored_virtual_environment_do_not_execute	3185	53b4f006408afc0ebfc5f990f213410302d9ddc2	yk-development-tools/.venv/Lib/site-packages/pip/_internal/commands/inspect.py
vendored_virtual_environment_do_not_execute	33761	e1482b9cd47250f7a615ce49b212de12b3b193bb	yk-development-tools/.venv/Lib/site-packages/pip/_internal/commands/install.py
vendored_virtual_environment_do_not_execute	13908	3d82d07781ea79d5f633206a8e1e402faf9b226f	yk-development-tools/.venv/Lib/site-packages/pip/_internal/commands/list.py
vendored_virtual_environment_do_not_execute	5987	73df8649a88a3e4b7ec8a85ab2e20af5218f1d1a	yk-development-tools/.venv/Lib/site-packages/pip/_internal/commands/lock.py
vendored_virtual_environment_do_not_execute	5782	b8dbc27d3ac54112c5e1a96fc5c865b4a2de0e43	yk-development-tools/.venv/Lib/site-packages/pip/_internal/commands/search.py
vendored_virtual_environment_do_not_execute	8247	40601a2b9d98434e96e5f251642137852848f6d4	yk-development-tools/.venv/Lib/site-packages/pip/_internal/commands/show.py
vendored_virtual_environment_do_not_execute	3868	9c4f031f934fd4aae78349e1c01eb4b765711357	yk-development-tools/.venv/Lib/site-packages/pip/_internal/commands/uninstall.py
vendored_virtual_environment_do_not_execute	6187	ee25b8265d461def73fa3439029a03856b39196b	yk-development-tools/.venv/Lib/site-packages/pip/_internal/commands/wheel.py
vendored_virtual_environment_do_not_execute	14562	661d25e92da6ce949d6d52ee031d03823f0a5e1f	yk-development-tools/.venv/Lib/site-packages/pip/_internal/configuration.py
vendored_virtual_environment_do_not_execute	858	9a89a838b9a5cb264e9ae9d269fbedca6e2d6333	yk-development-tools/.venv/Lib/site-packages/pip/_internal/distributions/__init__.py
vendored_virtual_environment_do_not_execute	961	d2514300525d0edfabf7b5db65cb2986bc6e7879	yk-development-tools/.venv/Lib/site-packages/pip/_internal/distributions/__pycache__/__init__.cpython-312.pyc
vendored_virtual_environment_do_not_execute	3020	d962d5f0d036f99637c9e8710e01eb8323d0158c	yk-development-tools/.venv/Lib/site-packages/pip/_internal/distributions/__pycache__/base.cpython-312.pyc
vendored_virtual_environment_do_not_execute	1860	388c1522b45bb051f9d02deb8ddae08ca91cf4d0	yk-development-tools/.venv/Lib/site-packages/pip/_internal/distributions/__pycache__/installed.cpython-312.pyc
vendored_virtual_environment_do_not_execute	9687	1f42eca17371946eb7d82028d4b85ce41b6e7358	yk-development-tools/.venv/Lib/site-packages/pip/_internal/distributions/__pycache__/sdist.cpython-312.pyc
vendored_virtual_environment_do_not_execute	2409	6e7974778565dc6204f17f9520d0d02522049129	yk-development-tools/.venv/Lib/site-packages/pip/_internal/distributions/__pycache__/wheel.cpython-312.pyc
vendored_virtual_environment_do_not_execute	1907	66cc5426d8aba95491324ce6170e7fbd141c78b5	yk-development-tools/.venv/Lib/site-packages/pip/_internal/distributions/base.py
vendored_virtual_environment_do_not_execute	994	06cff259a4ddd9233a3bc46835e93a3fb1130f7a	yk-development-tools/.venv/Lib/site-packages/pip/_internal/distributions/installed.py
vendored_virtual_environment_do_not_execute	7783	fad25db47c93a3c31d7255a020ce9524d908512d	yk-development-tools/.venv/Lib/site-packages/pip/_internal/distributions/sdist.py
vendored_virtual_environment_do_not_execute	1429	8f2a217fd596bda398193a17d813495930ecdb1d	yk-development-tools/.venv/Lib/site-packages/pip/_internal/distributions/wheel.py
vendored_virtual_environment_do_not_execute	38302	b2d1e1d8c92a491dc0c993856033efcea4736280	yk-development-tools/.venv/Lib/site-packages/pip/_internal/exceptions.py
vendored_virtual_environment_do_not_execute	29	197dd757de979bf116810a678a9c07baeaa7dba1	yk-development-tools/.venv/Lib/site-packages/pip/_internal/index/__init__.py
vendored_virtual_environment_do_not_execute	249	648c2ddb1359b90d61f54db5835a0b04241731fa	yk-development-tools/.venv/Lib/site-packages/pip/_internal/index/__pycache__/__init__.cpython-312.pyc
vendored_virtual_environment_do_not_execute	22020	0ca73cc932060102630e9cf84bcd742fd4638d88	yk-development-tools/.venv/Lib/site-packages/pip/_internal/index/__pycache__/collector.cpython-312.pyc
vendored_virtual_environment_do_not_execute	45593	f3d9af5a9514d9f346335c5f2cfb6a03bdd0fc5d	yk-development-tools/.venv/Lib/site-packages/pip/_internal/index/__pycache__/package_finder.cpython-312.pyc
vendored_virtual_environment_do_not_execute	12306	46f44a39f96d7abb772cfdabda9d49887f08289c	yk-development-tools/.venv/Lib/site-packages/pip/_internal/index/__pycache__/sources.cpython-312.pyc
vendored_virtual_environment_do_not_execute	16578	a77c3985d3cbfef2a463398cf3a5cf0c0f6990ee	yk-development-tools/.venv/Lib/site-packages/pip/_internal/index/collector.py
vendored_virtual_environment_do_not_execute	43149	cf4a2eeb65d15c85348886455332503572a1ac3c	yk-development-tools/.venv/Lib/site-packages/pip/_internal/index/package_finder.py
vendored_virtual_environment_do_not_execute	8621	6e7c007301f9296f0efaa2823c964794e6425d8a	yk-development-tools/.venv/Lib/site-packages/pip/_internal/index/sources.py
vendored_virtual_environment_do_not_execute	14022	ec15d1dc704ba1fc8bd058c5f0f38b08c9be0b0f	yk-development-tools/.venv/Lib/site-packages/pip/_internal/locations/__init__.py
vendored_virtual_environment_do_not_execute	15164	54117e5337604a90d4fb0212b38a0f3b67ad362a	yk-development-tools/.venv/Lib/site-packages/pip/_internal/locations/__pycache__/__init__.cpython-312.pyc
vendored_virtual_environment_do_not_execute	6790	d310476da4ef1b9a0ad2e45fa203b29d52d3b35c	yk-development-tools/.venv/Lib/site-packages/pip/_internal/locations/__pycache__/_distutils.cpython-312.pyc
vendored_virtual_environment_do_not_execute	8063	d6490e909d7f2f7ed8bb2f43eb66d9a291d0b6de	yk-development-tools/.venv/Lib/site-packages/pip/_internal/locations/__pycache__/_sysconfig.cpython-312.pyc
vendored_virtual_environment_do_not_execute	3728	8124cc2cd2349be13d8bd0cc814a3ab7c71cb64e	yk-development-tools/.venv/Lib/site-packages/pip/_internal/locations/__pycache__/base.cpython-312.pyc
vendored_virtual_environment_do_not_execute	5975	28c066bcee64e9965d52a72092a144a5225456f6	yk-development-tools/.venv/Lib/site-packages/pip/_internal/locations/_distutils.py
vendored_virtual_environment_do_not_execute	7788	129dd11ee545f920e86305c360c7bfb1a76e99a9	yk-development-tools/.venv/Lib/site-packages/pip/_internal/locations/_sysconfig.py
vendored_virtual_environment_do_not_execute	2548	f8d13cd0e60c0c885f629e8ab9efea52ddad680f	yk-development-tools/.venv/Lib/site-packages/pip/_internal/locations/base.py
vendored_virtual_environment_do_not_execute	338	ec52c4e0c398cb0f2cc4d941484258bd016015a8	yk-development-tools/.venv/Lib/site-packages/pip/_internal/main.py
vendored_virtual_environment_do_not_execute	5824	1c24efcdebe85e79bf8f37c01590fdb129f33858	yk-development-tools/.venv/Lib/site-packages/pip/_internal/metadata/__init__.py
vendored_virtual_environment_do_not_execute	6781	da94c98acf0e29fe7ce24f6e4074cb91b6a4b3de	yk-development-tools/.venv/Lib/site-packages/pip/_internal/metadata/__pycache__/__init__.cpython-312.pyc
vendored_virtual_environment_do_not_execute	2893	8184c06ab66216fcd9a2b94984bdae6de2941f1d	yk-development-tools/.venv/Lib/site-packages/pip/_internal/metadata/__pycache__/_json.cpython-312.pyc
vendored_virtual_environment_do_not_execute	34456	cc1ac1628174324d158801f9936df5947217fb03	yk-development-tools/.venv/Lib/site-packages/pip/_internal/metadata/__pycache__/base.cpython-312.pyc
vendored_virtual_environment_do_not_execute	15804	c542d7627ba3418b48f6f6f3a2ce1f08ccd6a48c	yk-development-tools/.venv/Lib/site-packages/pip/_internal/metadata/__pycache__/pkg_resources.cpython-312.pyc
vendored_virtual_environment_do_not_execute	2711	b39ac0545787df310b1e0a27f2f169cc346df2d5	yk-development-tools/.venv/Lib/site-packages/pip/_internal/metadata/_json.py
vendored_virtual_environment_do_not_execute	25642	76fb9636583a9dbfe90b51bfb02070d90f13c005	yk-development-tools/.venv/Lib/site-packages/pip/_internal/metadata/base.py
vendored_virtual_environment_do_not_execute	135	a779138db1040d3903c2bb66ecb2f52a46879dae	yk-development-tools/.venv/Lib/site-packages/pip/_internal/metadata/importlib/__init__.py
vendored_virtual_environment_do_not_execute	378	a4a946df5d5ca36063d75242abd1e67ac314fcc1	yk-development-tools/.venv/Lib/site-packages/pip/_internal/metadata/importlib/__pycache__/__init__.cpython-312.pyc
vendored_virtual_environment_do_not_execute	4257	8c64d169cab07bd15e1fcc0995c8ab3229f91d9c	yk-development-tools/.venv/Lib/site-packages/pip/_internal/metadata/importlib/__pycache__/_compat.cpython-312.pyc
vendored_virtual_environment_do_not_execute	12919	fb6a087d2e7d11fe442a25c6e24bd873981dd126	yk-development-tools/.venv/Lib/site-packages/pip/_internal/metadata/importlib/__pycache__/_dists.cpython-312.pyc
vendored_virtual_environment_do_not_execute	8180	b105ca81a7491fc53f9bcf3b9163a031fb89b9e7	yk-development-tools/.venv/Lib/site-packages/pip/_internal/metadata/importlib/__pycache__/_envs.cpython-312.pyc
vendored_virtual_environment_do_not_execute	2804	7de614d7f64ef463ede0066afd053b06a70f2d43	yk-development-tools/.venv/Lib/site-packages/pip/_internal/metadata/importlib/_compat.py
vendored_virtual_environment_do_not_execute	8717	98a3cd3d1da9f7e765ae2a5106f7f529006d9190	yk-development-tools/.venv/Lib/site-packages/pip/_internal/metadata/importlib/_dists.py
vendored_virtual_environment_do_not_execute	5590	be732a9f9f1cd9e974a3ce8d0be282506115beeb	yk-development-tools/.venv/Lib/site-packages/pip/_internal/metadata/importlib/_envs.py
vendored_virtual_environment_do_not_execute	10544	89fce8b6e5ddeceb77b2f155221ee3f153dbca31	yk-development-tools/.venv/Lib/site-packages/pip/_internal/metadata/pkg_resources.py
vendored_virtual_environment_do_not_execute	62	7b1fc2950326463fb5bf1cc460e5ca0ac3de3e9a	yk-development-tools/.venv/Lib/site-packages/pip/_internal/models/__init__.py
vendored_virtual_environment_do_not_execute	283	9331972dd7d5bdb60ee3ee983505b9381db21071	yk-development-tools/.venv/Lib/site-packages/pip/_internal/models/__pycache__/__init__.cpython-312.pyc
vendored_virtual_environment_do_not_execute	1742	7119e8816c6c7cb60aa8312f2229524003d4356c	yk-development-tools/.venv/Lib/site-packages/pip/_internal/models/__pycache__/candidate.cpython-312.pyc
vendored_virtual_environment_do_not_execute	1985	e9e8f51b79dce6559e7b7e49410b7cb1a29d334a	yk-development-tools/.venv/Lib/site-packages/pip/_internal/models/__pycache__/direct_url.cpython-312.pyc
vendored_virtual_environment_do_not_execute	4144	c4979ab5f0ae5ade2b37e4810bbe5c6dc362cad7	yk-development-tools/.venv/Lib/site-packages/pip/_internal/models/__pycache__/format_control.cpython-312.pyc
vendored_virtual_environment_do_not_execute	1714	0c43acfae4c59a1406d0d129b3036f5b939e95fb	yk-development-tools/.venv/Lib/site-packages/pip/_internal/models/__pycache__/index.cpython-312.pyc
vendored_virtual_environment_do_not_execute	2321	71d61fe77cd27a6c40dc6414950b3d78b50f028a	yk-development-tools/.venv/Lib/site-packages/pip/_internal/models/__pycache__/installation_report.cpython-312.pyc
vendored_virtual_environment_do_not_execute	28512	99b2c32ad6c8790f778c5277f0eb33c742c154eb	yk-development-tools/.venv/Lib/site-packages/pip/_internal/models/__pycache__/link.cpython-312.pyc
vendored_virtual_environment_do_not_execute	4230	0242d7be5e533e15147ef631cfaf17b6f700ee3b	yk-development-tools/.venv/Lib/site-packages/pip/_internal/models/__pycache__/release_control.cpython-312.pyc
vendored_virtual_environment_do_not_execute	1029	7704b71ed62786f0b925e919f8a5ef34d014a846	yk-development-tools/.venv/Lib/site-packages/pip/_internal/models/__pycache__/scheme.cpython-312.pyc
vendored_virtual_environment_do_not_execute	4954	e6a35c74389793df3eebed10dcf271d90dc6ebf5	yk-development-tools/.venv/Lib/site-packages/pip/_internal/models/__pycache__/search_scope.cpython-312.pyc
vendored_virtual_environment_do_not_execute	1808	4a281194b9ac7db7f6111001c45766fcdcee7d81	yk-development-tools/.venv/Lib/site-packages/pip/_internal/models/__pycache__/selection_prefs.cpython-312.pyc
vendored_virtual_environment_do_not_execute	4874	741a4488117af601d70839586d0b93a6ea2398aa	yk-development-tools/.venv/Lib/site-packages/pip/_internal/models/__pycache__/target_python.cpython-312.pyc
vendored_virtual_environment_do_not_execute	4689	b4bcb114bb2f02deb950bbabc1f295fa3ca40abd	yk-development-tools/.venv/Lib/site-packages/pip/_internal/models/__pycache__/wheel.cpython-312.pyc
vendored_virtual_environment_do_not_execute	824	0639466c4ce42c01ef30d3408bc9935df940e76d	yk-development-tools/.venv/Lib/site-packages/pip/_internal/models/candidate.py
vendored_virtual_environment_do_not_execute	944	a2dfb340abf7feaf9c5f89a86672df23c6cfb925	yk-development-tools/.venv/Lib/site-packages/pip/_internal/models/direct_url.py
vendored_virtual_environment_do_not_execute	2471	9f07e3f34993379fb06378442a82438e057ebe30	yk-development-tools/.venv/Lib/site-packages/pip/_internal/models/format_control.py
vendored_virtual_environment_do_not_execute	1030	b94c32511f0cda2363bfc4f29c9c8bfcc7101f9b	yk-development-tools/.venv/Lib/site-packages/pip/_internal/models/index.py
vendored_virtual_environment_do_not_execute	2846	145e2cf8e5722c724f054289089afdae6ed694c0	yk-development-tools/.venv/Lib/site-packages/pip/_internal/models/installation_report.py
vendored_virtual_environment_do_not_execute	23474	cbbe945c17ebacbe6914da526de6b06ac620c68d	yk-development-tools/.venv/Lib/site-packages/pip/_internal/models/link.py
vendored_virtual_environment_do_not_execute	3365	d432fa3e9b432fe93e39cd0006c1e61a19661dc2	yk-development-tools/.venv/Lib/site-packages/pip/_internal/models/release_control.py
vendored_virtual_environment_do_not_execute	558	5ed705717c26cb942df0db821a33481d1fae8e40	yk-development-tools/.venv/Lib/site-packages/pip/_internal/models/scheme.py
vendored_virtual_environment_do_not_execute	4461	b3aaa18e616c3e76441729885aaf9eca3bacf8c5	yk-development-tools/.venv/Lib/site-packages/pip/_internal/models/search_scope.py
vendored_virtual_environment_do_not_execute	1503	3473031926fa8dd95d789874392d22871be07337	yk-development-tools/.venv/Lib/site-packages/pip/_internal/models/selection_prefs.py
vendored_virtual_environment_do_not_execute	4243	8c38392d8bbf21b2102123b87d67df86b94ddc5f	yk-development-tools/.venv/Lib/site-packages/pip/_internal/models/target_python.py
vendored_virtual_environment_do_not_execute	2920	fbd4902dc715f8b3753894a9703450d1b1089c18	yk-development-tools/.venv/Lib/site-packages/pip/_internal/models/wheel.py
vendored_virtual_environment_do_not_execute	49	0ae1f5626bca4f0a8cc6532b0d20b2e43039b1c6	yk-development-tools/.venv/Lib/site-packages/pip/_internal/network/__init__.py
vendored_virtual_environment_do_not_execute	271	e329ab17f9ec157c9ba71331f6065cfac00127b4	yk-development-tools/.venv/Lib/site-packages/pip/_internal/network/__pycache__/__init__.cpython-312.pyc
vendored_virtual_environment_do_not_execute	22020	0ad2b0c738993979de077d4ce9fdea01b1b73e64	yk-development-tools/.venv/Lib/site-packages/pip/_internal/network/__pycache__/auth.cpython-312.pyc
vendored_virtual_environment_do_not_execute	7948	a42b1a98bc90f6488053c426ac1138c05c7ace17	yk-development-tools/.venv/Lib/site-packages/pip/_internal/network/__pycache__/cache.cpython-312.pyc
vendored_virtual_environment_do_not_execute	16978	c4b092732cf32affe55f9c721565af6f4db9fa53	yk-development-tools/.venv/Lib/site-packages/pip/_internal/network/__pycache__/download.cpython-312.pyc
vendored_virtual_environment_do_not_execute	11582	6585b6fcdb473e2339288bc181f5793ff3fb1c84	yk-development-tools/.venv/Lib/site-packages/pip/_internal/network/__pycache__/lazy_wheel.cpython-312.pyc
vendored_virtual_environment_do_not_execute	19924	bb788d6f7b5fb3150e616f946ce2c7212c8b1489	yk-development-tools/.venv/Lib/site-packages/pip/_internal/network/__pycache__/session.cpython-312.pyc
vendored_virtual_environment_do_not_execute	6815	5c10aebc6c5ab4ad2f6afa50b29c2e2ee667b85d	yk-development-tools/.venv/Lib/site-packages/pip/_internal/network/__pycache__/utils.cpython-312.pyc
vendored_virtual_environment_do_not_execute	2950	d62fd984d3aef5987a566aa79059c8a8e23dd31e	yk-development-tools/.venv/Lib/site-packages/pip/_internal/network/__pycache__/xmlrpc.cpython-312.pyc
vendored_virtual_environment_do_not_execute	21545	99b929a9f1780e0b0c725a42355679a191478276	yk-development-tools/.venv/Lib/site-packages/pip/_internal/network/auth.py
vendored_virtual_environment_do_not_execute	4862	bff9707a0c95cb351d104696f3c40d53a7234fa5	yk-development-tools/.venv/Lib/site-packages/pip/_internal/network/cache.py
vendored_virtual_environment_do_not_execute	14618	521abb76a992f87631bfee32e5e0e3fa5e21447d	yk-development-tools/.venv/Lib/site-packages/pip/_internal/network/download.py
vendored_virtual_environment_do_not_execute	7646	00398337ec62a5778f90b0d17069c935e9823849	yk-development-tools/.venv/Lib/site-packages/pip/_internal/network/lazy_wheel.py
vendored_virtual_environment_do_not_execute	19924	5ddbb2ae342a43c6bc6afe7a58efbd7e0e0fe4ec	yk-development-tools/.venv/Lib/site-packages/pip/_internal/network/session.py
vendored_virtual_environment_do_not_execute	8128	0f50607de6d8ba4d905f0cf8e7838598c17dc4f8	yk-development-tools/.venv/Lib/site-packages/pip/_internal/network/utils.py
vendored_virtual_environment_do_not_execute	1830	f4bddb48a1d46e60628c655edb0b7412dd19c639	yk-development-tools/.venv/Lib/site-packages/pip/_internal/network/xmlrpc.py
vendored_virtual_environment_do_not_execute	0	e69de29bb2d1d6434b8b29ae775ad8c2e48c5391	yk-development-tools/.venv/Lib/site-packages/pip/_internal/operations/__init__.py
vendored_virtual_environment_do_not_execute	217	5b89c79cfc44126eba67a9d36cf78bfd8852edba	yk-development-tools/.venv/Lib/site-packages/pip/_internal/operations/__pycache__/__init__.cpython-312.pyc
vendored_virtual_environment_do_not_execute	7180	9287028193e482374f5a6042070e5015ea4af622	yk-development-tools/.venv/Lib/site-packages/pip/_internal/operations/__pycache__/check.cpython-312.pyc
vendored_virtual_environment_do_not_execute	10215	0e70ca9e77b05cc5e55fc146096b6018326df02a	yk-development-tools/.venv/Lib/site-packages/pip/_internal/operations/__pycache__/freeze.cpython-312.pyc
vendored_virtual_environment_do_not_execute	32391	c2434e3a2235e70c6c205545b4a7578003242b82	yk-development-tools/.venv/Lib/site-packages/pip/_internal/operations/__pycache__/prepare.cpython-312.pyc
vendored_virtual_environment_do_not_execute	0	e69de29bb2d1d6434b8b29ae775ad8c2e48c5391	yk-development-tools/.venv/Lib/site-packages/pip/_internal/operations/build/__init__.py
vendored_virtual_environment_do_not_execute	223	48b1d36c2ebc22aee2fbdf835bc520de8362179a	yk-development-tools/.venv/Lib/site-packages/pip/_internal/operations/build/__pycache__/__init__.cpython-312.pyc
vendored_virtual_environment_do_not_execute	7598	087649071180cd1941c755bc96aac32669d461c1	yk-development-tools/.venv/Lib/site-packages/pip/_internal/operations/build/__pycache__/build_tracker.cpython-312.pyc
vendored_virtual_environment_do_not_execute	1872	b0cc66d4831e613cd3208acd40ce3d9ab8451bc4	yk-development-tools/.venv/Lib/site-packages/pip/_internal/operations/build/__pycache__/metadata.cpython-312.pyc
vendored_virtual_environment_do_not_execute	1926	f6ba76bedd7f896a76fddf2139447d180b889d81	yk-development-tools/.venv/Lib/site-packages/pip/_internal/operations/build/__pycache__/metadata_editable.cpython-312.pyc
vendored_virtual_environment_do_not_execute	1738	a7b81ab5d597dfb1e8cc28d074862c18e0a06118	yk-development-tools/.venv/Lib/site-packages/pip/_internal/operations/build/__pycache__/wheel.cpython-312.pyc
vendored_virtual_environment_do_not_execute	2077	011b7b6a0dc065a0b522335cac54ce9bebe1a2ba	yk-development-tools/.venv/Lib/site-packages/pip/_internal/operations/build/__pycache__/wheel_editable.cpython-312.pyc
vendored_virtual_environment_do_not_execute	4771	cbb4e4f0928f3688402a3c5d2c4ba5da2bbfbbc2	yk-development-tools/.venv/Lib/site-packages/pip/_internal/operations/build/build_tracker.py
vendored_virtual_environment_do_not_execute	1421	a546809ecd5aaebe791fffef6f0bb114fcec49c6	yk-development-tools/.venv/Lib/site-packages/pip/_internal/operations/build/metadata.py
vendored_virtual_environment_do_not_execute	1509	27ecd7d3d80676330d197008a5055837cfbc4e24	yk-development-tools/.venv/Lib/site-packages/pip/_internal/operations/build/metadata_editable.py
vendored_virtual_environment_do_not_execute	1136	8595e45c5487c0a274f3f447e6de254e19db9dd2	yk-development-tools/.venv/Lib/site-packages/pip/_internal/operations/build/wheel.py
vendored_virtual_environment_do_not_execute	1478	f00d9b27ecb40b1c70283aba3be527381eec3d35	yk-development-tools/.venv/Lib/site-packages/pip/_internal/operations/build/wheel_editable.py
vendored_virtual_environment_do_not_execute	5891	00cb6c562e20b3aa85a9581805a8f022114875bc	yk-development-tools/.venv/Lib/site-packages/pip/_internal/operations/check.py
vendored_virtual_environment_do_not_execute	9854	486a833212f2cf220b6c9e0a918c05f913509750	yk-development-tools/.venv/Lib/site-packages/pip/_internal/operations/freeze.py
vendored_virtual_environment_do_not_execute	50	2645a4acad087929da46b104ef09ce64cf4ca8d5	yk-development-tools/.venv/Lib/site-packages/pip/_internal/operations/install/__init__.py
vendored_virtual_environment_do_not_execute	283	ad428e0b306eafe6d64d5debdf60cc8666408d2c	yk-development-tools/.venv/Lib/site-packages/pip/_internal/operations/install/__pycache__/__init__.cpython-312.pyc
vendored_virtual_environment_do_not_execute	34449	a925619eb9946e3702227b9cf10d01f254587414	yk-development-tools/.venv/Lib/site-packages/pip/_internal/operations/install/__pycache__/wheel.cpython-312.pyc
vendored_virtual_environment_do_not_execute	29078	c026005cb25c91f0a43acd0d0004d6b9034ec297	yk-development-tools/.venv/Lib/site-packages/pip/_internal/operations/install/wheel.py
vendored_virtual_environment_do_not_execute	35030	34a07a18e327c090c37ec02852e7507a795dd48f	yk-development-tools/.venv/Lib/site-packages/pip/_internal/operations/prepare.py
vendored_virtual_environment_do_not_execute	4555	8c2f7221c93a4fa292795bffa427436c000495ec	yk-development-tools/.venv/Lib/site-packages/pip/_internal/pyproject.py
vendored_virtual_environment_do_not_execute	3140	ed2ca30df3b433762180be0e3225ee1f1cbc56c2	yk-development-tools/.venv/Lib/site-packages/pip/_internal/req/__init__.py
vendored_virtual_environment_do_not_execute	4075	99d58eff12340f37fbccfa687bd851f576cc4f23	yk-development-tools/.venv/Lib/site-packages/pip/_internal/req/__pycache__/__init__.cpython-312.pyc
vendored_virtual_environment_do_not_execute	24819	2054cb68b699f26e9b16876cd658847e556a63c2	yk-development-tools/.venv/Lib/site-packages/pip/_internal/req/__pycache__/constructors.cpython-312.pyc
vendored_virtual_environment_do_not_execute	2706	8c530b851474c9f2bcc9960f0c6434c1f9a9db2e	yk-development-tools/.venv/Lib/site-packages/pip/_internal/req/__pycache__/pep723.cpython-312.pyc
vendored_virtual_environment_do_not_execute	4643	5d87da35b3de10b34c8d64ed0ed7c157e92b4529	yk-development-tools/.venv/Lib/site-packages/pip/_internal/req/__pycache__/req_dependency_group.cpython-312.pyc
vendored_virtual_environment_do_not_execute	24504	88fc520f6bde807b9dfd84dc0aa53a3834b4d5af	yk-development-tools/.venv/Lib/site-packages/pip/_internal/req/__pycache__/req_file.cpython-312.pyc
vendored_virtual_environment_do_not_execute	35176	32b739d8c1139285374a64136413ab58d9469f78	yk-development-tools/.venv/Lib/site-packages/pip/_internal/req/__pycache__/req_install.cpython-312.pyc
vendored_virtual_environment_do_not_execute	5452	acdb30491645e751334ab3a2175da5742cf63b02	yk-development-tools/.venv/Lib/site-packages/pip/_internal/req/__pycache__/req_set.cpython-312.pyc
vendored_virtual_environment_do_not_execute	31597	bdb05f601be988e8f7266667305753912044c129	yk-development-tools/.venv/Lib/site-packages/pip/_internal/req/__pycache__/req_uninstall.cpython-312.pyc
vendored_virtual_environment_do_not_execute	22276	49158942b72e7e5d5a38915a77d246809af325ce	yk-development-tools/.venv/Lib/site-packages/pip/_internal/req/constructors.py
vendored_virtual_environment_do_not_execute	1242	2e0c1b970ee16e3721fcbde3dfa4f7dfbb00a931	yk-development-tools/.venv/Lib/site-packages/pip/_internal/req/pep723.py
vendored_virtual_environment_do_not_execute	3145	eb9d80248af412212b47d302e51de2f070f05d05	yk-development-tools/.venv/Lib/site-packages/pip/_internal/req/req_dependency_group.py
vendored_virtual_environment_do_not_execute	20644	400bb86644244695c6dbf0c5c80f8315e12125e7	yk-development-tools/.venv/Lib/site-packages/pip/_internal/req/req_file.py
vendored_virtual_environment_do_not_execute	32173	f20707f3d24b2aee0d363d860acfa0aefaf4de1d	yk-development-tools/.venv/Lib/site-packages/pip/_internal/req/req_install.py
vendored_virtual_environment_do_not_execute	2828	3451b24f27bb32da69c178dc8a36723d7de0fa93	yk-development-tools/.venv/Lib/site-packages/pip/_internal/req/req_set.py
vendored_virtual_environment_do_not_execute	24276	0459c7bbb5cd226b959d45a15c3c47ac21e51f8e	yk-development-tools/.venv/Lib/site-packages/pip/_internal/req/req_uninstall.py
vendored_virtual_environment_do_not_execute	0	e69de29bb2d1d6434b8b29ae775ad8c2e48c5391	yk-development-tools/.venv/Lib/site-packages/pip/_internal/resolution/__init__.py
vendored_virtual_environment_do_not_execute	217	11919b64b510eef1f0cef9adbe9ce5bcb4b687ae	yk-development-tools/.venv/Lib/site-packages/pip/_internal/resolution/__pycache__/__init__.cpython-312.pyc
vendored_virtual_environment_do_not_execute	1178	c03d5546dd5f97928861dd64abe2e86f9a17705d	yk-development-tools/.venv/Lib/site-packages/pip/_internal/resolution/__pycache__/base.cpython-312.pyc
vendored_virtual_environment_do_not_execute	573	3e35de77b8cdadd89eca78417c4bb999bda589f0	yk-development-tools/.venv/Lib/site-packages/pip/_internal/resolution/base.py
vendored_virtual_environment_do_not_execute	0	e69de29bb2d1d6434b8b29ae775ad8c2e48c5391	yk-development-tools/.venv/Lib/site-packages/pip/_internal/resolution/legacy/__init__.py
vendored_virtual_environment_do_not_execute	224	89922d7eb3d0e682b323725e71cdf24176e03a5d	yk-development-tools/.venv/Lib/site-packages/pip/_internal/resolution/legacy/__pycache__/__init__.cpython-312.pyc
vendored_virtual_environment_do_not_execute	22540	b0af79cd348211a86b11388ff72e232398299f1b	yk-development-tools/.venv/Lib/site-packages/pip/_internal/resolution/legacy/__pycache__/resolver.cpython-312.pyc
vendored_virtual_environment_do_not_execute	24110	f2b0379096e627981c3ae77a0474e2b43e4d5204	yk-development-tools/.venv/Lib/site-packages/pip/_internal/resolution/legacy/resolver.py
vendored_virtual_environment_do_not_execute	0	e69de29bb2d1d6434b8b29ae775ad8c2e48c5391	yk-development-tools/.venv/Lib/site-packages/pip/_internal/resolution/resolvelib/__init__.py
vendored_virtual_environment_do_not_execute	228	36343ee373f05174ac194ad8bd4784f36f1e3baa	yk-development-tools/.venv/Lib/site-packages/pip/_internal/resolution/resolvelib/__pycache__/__init__.cpython-312.pyc
vendored_virtual_environment_do_not_execute	9753	9ee676620b0334731ac0387ccf5678d683f94742	yk-development-tools/.venv/Lib/site-packages/pip/_internal/resolution/resolvelib/__pycache__/base.cpython-312.pyc
vendored_virtual_environment_do_not_execute	29687	7243d53c574a2fa6f3f0b14c02a08e016293542d	yk-development-tools/.venv/Lib/site-packages/pip/_internal/resolution/resolvelib/__pycache__/candidates.cpython-312.pyc
vendored_virtual_environment_do_not_execute	36183	0a625421a0b1f0731a0e34d7e3958a4706a75b57	yk-development-tools/.venv/Lib/site-packages/pip/_internal/resolution/resolvelib/__pycache__/factory.cpython-312.pyc
vendored_virtual_environment_do_not_execute	6732	b93c6eeeb9f3b091c8b8c91b18c51d79904bbbdc	yk-development-tools/.venv/Lib/site-packages/pip/_internal/resolution/resolvelib/__pycache__/found_candidates.cpython-312.pyc
vendored_virtual_environment_do_not_execute	12776	bf2d6fe35712cf8f1d26d6330a87bb6882016c1c	yk-development-tools/.venv/Lib/site-packages/pip/_internal/resolution/resolvelib/__pycache__/provider.cpython-312.pyc
vendored_virtual_environment_do_not_execute	5831	3445edc494b627ce81e52f3b45740411240de615	yk-development-tools/.venv/Lib/site-packages/pip/_internal/resolution/resolvelib/__pycache__/reporter.cpython-312.pyc
vendored_virtual_environment_do_not_execute	14786	a093b60e525fd74f6b38efb34da93a2fc4b60445	yk-development-tools/.venv/Lib/site-packages/pip/_internal/resolution/resolvelib/__pycache__/requirements.cpython-312.pyc
vendored_virtual_environment_do_not_execute	12785	94e23258711cd2b70c26dc58bc6328c9fcfbb985	yk-development-tools/.venv/Lib/site-packages/pip/_internal/resolution/resolvelib/__pycache__/resolver.cpython-312.pyc
vendored_virtual_environment_do_not_execute	5900	9d7518383d37e7593c13e810fb61605e4ca795e2	yk-development-tools/.venv/Lib/site-packages/pip/_internal/resolution/resolvelib/base.py
vendored_virtual_environment_do_not_execute	20848	b8b853cb761215b810750b295bfb0ed86e39f698	yk-development-tools/.venv/Lib/site-packages/pip/_internal/resolution/resolvelib/candidates.py
vendored_virtual_environment_do_not_execute	36162	c9fb839d4a0ff83d1b0cabe84ef056c8c3ad7cac	yk-development-tools/.venv/Lib/site-packages/pip/_internal/resolution/resolvelib/factory.py
vendored_virtual_environment_do_not_execute	6005	67016735890609a4501f018f08a8cd12ca4f85b1	yk-development-tools/.venv/Lib/site-packages/pip/_internal/resolution/resolvelib/found_candidates.py
vendored_virtual_environment_do_not_execute	12310	766fa8480da1dbd81c22a2a276720fc3307cdcd2	yk-development-tools/.venv/Lib/site-packages/pip/_internal/resolution/resolvelib/provider.py
vendored_virtual_environment_do_not_execute	3918	de0deb26b4354017722a218b67c97d01517f4582	yk-development-tools/.venv/Lib/site-packages/pip/_internal/resolution/resolvelib/reporter.py
vendored_virtual_environment_do_not_execute	8239	9c5e23374110b369ca5cab5fcc02ff09286b89da	yk-development-tools/.venv/Lib/site-packages/pip/_internal/resolution/resolvelib/requirements.py
vendored_virtual_environment_do_not_execute	13849	6e49c9efe92bce8e91020e3d4b3d1f77f089ba12	yk-development-tools/.venv/Lib/site-packages/pip/_internal/resolution/resolvelib/resolver.py
vendored_virtual_environment_do_not_execute	8097	4b5248ed3ded7e4c6cca61df39a48264f7b42814	yk-development-tools/.venv/Lib/site-packages/pip/_internal/self_outdated_check.py
vendored_virtual_environment_do_not_execute	0	e69de29bb2d1d6434b8b29ae775ad8c2e48c5391	yk-development-tools/.venv/Lib/site-packages/pip/_internal/utils/__init__.py
vendored_virtual_environment_do_not_execute	212	ae357dd4cdf3621fa2e78f9ed05dada8515c0c41	yk-development-tools/.venv/Lib/site-packages/pip/_internal/utils/__pycache__/__init__.cpython-312.pyc
vendored_virtual_environment_do_not_execute	4547	63f2afe0cdcc548a0109ac5458cca184a453a5d5	yk-development-tools/.venv/Lib/site-packages/pip/_internal/utils/__pycache__/_jaraco_text.cpython-312.pyc
vendored_virtual_environment_do_not_execute	1883	3b5d1163b5975016d84f3ed265911453161d9f5a	yk-development-tools/.venv/Lib/site-packages/pip/_internal/utils/__pycache__/_log.cpython-312.pyc
vendored_virtual_environment_do_not_execute	2472	69cc7481fac4a90808e9f945e1d0f45e4be8bc54	yk-development-tools/.venv/Lib/site-packages/pip/_internal/utils/__pycache__/appdirs.cpython-312.pyc
vendored_virtual_environment_do_not_execute	3549	f32aa5386c4e628743ed94fcc55d9abdb069403f	yk-development-tools/.venv/Lib/site-packages/pip/_internal/utils/__pycache__/compat.cpython-312.pyc
vendored_virtual_environment_do_not_execute	6664	3a8d7e34962287269bfcec75befd4fead28a9cf4	yk-development-tools/.venv/Lib/site-packages/pip/_internal/utils/__pycache__/compatibility_tags.cpython-312.pyc
vendored_virtual_environment_do_not_execute	1560	44b7af7cf26a1cda04d18c6176e74996b5b9651f	yk-development-tools/.venv/Lib/site-packages/pip/_internal/utils/__pycache__/datetime.cpython-312.pyc
vendored_virtual_environment_do_not_execute	5087	679a0c5fc650a8829fdb38608eae7e1de21679d0	yk-development-tools/.venv/Lib/site-packages/pip/_internal/utils/__pycache__/deprecation.cpython-312.pyc
vendored_virtual_environment_do_not_execute	3724	b150ef54951a53e5724cb2f2c4a00a28de07b14c	yk-development-tools/.venv/Lib/site-packages/pip/_internal/utils/__pycache__/direct_url_helpers.cpython-312.pyc
vendored_virtual_environment_do_not_execute	3161	f2c2bb170a75283c10259f31c35e7d29da756194	yk-development-tools/.venv/Lib/site-packages/pip/_internal/utils/__pycache__/egg_link.cpython-312.pyc
vendored_virtual_environment_do_not_execute	4072	54cb9bbaaca1dc8a9fd2aca990a064ba59d820ec	yk-development-tools/.venv/Lib/site-packages/pip/_internal/utils/__pycache__/entrypoints.cpython-312.pyc
vendored_virtual_environment_do_not_execute	10101	a13c10cf18cfdd995e7ed50fb740984cfc61acee	yk-development-tools/.venv/Lib/site-packages/pip/_internal/utils/__pycache__/filesystem.cpython-312.pyc
vendored_virtual_environment_do_not_execute	1146	404d6fc28ba2eb1e8b645b58c79bbc7e6fc453ca	yk-development-tools/.venv/Lib/site-packages/pip/_internal/utils/__pycache__/filetypes.cpython-312.pyc
vendored_virtual_environment_do_not_execute	2367	f2b490aa9e0af3d98e850caeb4b80fa960a023df	yk-development-tools/.venv/Lib/site-packages/pip/_internal/utils/__pycache__/glibc.cpython-312.pyc
vendored_virtual_environment_do_not_execute	7473	dddd54620a65a83e5e89be42da91485399683b17	yk-development-tools/.venv/Lib/site-packages/pip/_internal/utils/__pycache__/hashes.cpython-312.pyc
vendored_virtual_environment_do_not_execute	15271	c9d4452e11d38a5fa77938039c55ea54cfc54483	yk-development-tools/.venv/Lib/site-packages/pip/_internal/utils/__pycache__/logging.cpython-312.pyc
vendored_virtual_environment_do_not_execute	33863	ccda5f286098924662ec81562a0f165fcff7330a	yk-development-tools/.venv/Lib/site-packages/pip/_internal/utils/__pycache__/misc.cpython-312.pyc
vendored_virtual_environment_do_not_execute	1902	cb89ace1fb69c79be919a769d64f4ebd86cd6ddf	yk-development-tools/.venv/Lib/site-packages/pip/_internal/utils/__pycache__/packaging.cpython-312.pyc
vendored_virtual_environment_do_not_execute	11610	16a0590084d016275f62f1eee4eaf053ae49fd97	yk-development-tools/.venv/Lib/site-packages/pip/_internal/utils/__pycache__/pylock.cpython-312.pyc
vendored_virtual_environment_do_not_execute	2016	596fe7ca6af8ef376d004f2848938fb0e95b173b	yk-development-tools/.venv/Lib/site-packages/pip/_internal/utils/__pycache__/retry.cpython-312.pyc
vendored_virtual_environment_do_not_execute	8523	6d1c6d6c33356c760980e6c45af9c98e7e087936	yk-development-tools/.venv/Lib/site-packages/pip/_internal/utils/__pycache__/subprocess.cpython-312.pyc
vendored_virtual_environment_do_not_execute	11921	05dd070c0b6e656f890c7bca2221c455c794b209	yk-development-tools/.venv/Lib/site-packages/pip/_internal/utils/__pycache__/temp_dir.cpython-312.pyc
vendored_virtual_environment_do_not_execute	16069	284932446014987615a026f19c2c3fc100845422	yk-development-tools/.venv/Lib/site-packages/pip/_internal/utils/__pycache__/unpacking.cpython-312.pyc
vendored_virtual_environment_do_not_execute	2090	2a84a89fddcc04131dbe132e2213792f97e5c238	yk-development-tools/.venv/Lib/site-packages/pip/_internal/utils/__pycache__/urls.cpython-312.pyc
vendored_virtual_environment_do_not_execute	2951	47191659e51f0d9e9f1c53b4d5c0000b4627b4be	yk-development-tools/.venv/Lib/site-packages/pip/_internal/utils/__pycache__/virtualenv.cpython-312.pyc
vendored_virtual_environment_do_not_execute	5883	13b24ca219b1b4dcc6f9c70852d70a9a5a30fdf5	yk-development-tools/.venv/Lib/site-packages/pip/_internal/utils/__pycache__/wheel.cpython-312.pyc
vendored_virtual_environment_do_not_execute	3350	6ccf53b7ac5d415b8526e75ccabe31cf994ac7da	yk-development-tools/.venv/Lib/site-packages/pip/_internal/utils/_jaraco_text.py
vendored_virtual_environment_do_not_execute	1015	92c4c6a193873ce09629f6cfaa2dabc4f14ecb03	yk-development-tools/.venv/Lib/site-packages/pip/_internal/utils/_log.py
vendored_virtual_environment_do_not_execute	1681	4152528f68c6c2e3e26d866a66832f1ac6c544cd	yk-development-tools/.venv/Lib/site-packages/pip/_internal/utils/appdirs.py
vendored_virtual_environment_do_not_execute	2601	b3f70cf6aca44456ecc90f32a08e2f8db6643417	yk-development-tools/.venv/Lib/site-packages/pip/_internal/utils/compat.py
vendored_virtual_environment_do_not_execute	6630	6d98171daf9e3a05a542a56e8439c24ff4746cf5	yk-development-tools/.venv/Lib/site-packages/pip/_internal/utils/compatibility_tags.py
vendored_virtual_environment_do_not_execute	868	f8870eacd177083ae2d1050197f4016842bcce79	yk-development-tools/.venv/Lib/site-packages/pip/_internal/utils/datetime.py
vendored_virtual_environment_do_not_execute	4537	c272671d824bff7682e479bb0ee39df194082db4	yk-development-tools/.venv/Lib/site-packages/pip/_internal/utils/deprecation.py
vendored_virtual_environment_do_not_execute	3363	f2d6e9037d55d5f03eb9b3cfd0907776b6ef40d5	yk-development-tools/.venv/Lib/site-packages/pip/_internal/utils/direct_url_helpers.py
vendored_virtual_environment_do_not_execute	2459	dc85a58b32c5ae30cb432bfa0df58f5f9f5ae22d	yk-development-tools/.venv/Lib/site-packages/pip/_internal/utils/egg_link.py
vendored_virtual_environment_do_not_execute	3324	e3a150eeba061f533a3f3f5be792a82ee853f569	yk-development-tools/.venv/Lib/site-packages/pip/_internal/utils/entrypoints.py
vendored_virtual_environment_do_not_execute	6812	806aae0bb9c3b468a9eab940e15a8f166f8b4a69	yk-development-tools/.venv/Lib/site-packages/pip/_internal/utils/filesystem.py
vendored_virtual_environment_do_not_execute	689	2b8baad7cd61cb508087ef4e16202ea54dad1601	yk-development-tools/.venv/Lib/site-packages/pip/_internal/utils/filetypes.py
vendored_virtual_environment_do_not_execute	3726	2cb3013c7d9e364beb99fb2c9b461e697dbf20f3	yk-development-tools/.venv/Lib/site-packages/pip/_internal/utils/glibc.py
vendored_virtual_environment_do_not_execute	5040	43f14cf2a3be082846e02186a851580f6b0c6d21	yk-development-tools/.venv/Lib/site-packages/pip/_internal/utils/hashes.py
vendored_virtual_environment_do_not_execute	13919	233ce4e0af8fbd773bf5bc255da3a3eea89f84ee	yk-development-tools/.venv/Lib/site-packages/pip/_internal/utils/logging.py
vendored_virtual_environment_do_not_execute	25408	c676029481a406937f53b47dfe63f96c3eefc31e	yk-development-tools/.venv/Lib/site-packages/pip/_internal/utils/misc.py
vendored_virtual_environment_do_not_execute	1601	3cbc0490aa1febe2dab8069a115ca13f0ad21c38	yk-development-tools/.venv/Lib/site-packages/pip/_internal/utils/packaging.py
vendored_virtual_environment_do_not_execute	10290	70df98693bae1d809fe7b29c6c438641782e4f0c	yk-development-tools/.venv/Lib/site-packages/pip/_internal/utils/pylock.py
vendored_virtual_environment_do_not_execute	1488	1392c8fbbc7054f2169c9d370ca94770821fe0e9	yk-development-tools/.venv/Lib/site-packages/pip/_internal/utils/retry.py
vendored_virtual_environment_do_not_execute	9001	06f45645d052b7578c8d71950d28c9c1af278d7e	yk-development-tools/.venv/Lib/site-packages/pip/_internal/utils/subprocess.py
vendored_virtual_environment_do_not_execute	9303	336c618b8148841bb9b5e2790078038f5f8f8fb8	yk-development-tools/.venv/Lib/site-packages/pip/_internal/utils/temp_dir.py
vendored_virtual_environment_do_not_execute	14789	5771648bd6b1653d5147a0705a1965db5f274fc4	yk-development-tools/.venv/Lib/site-packages/pip/_internal/utils/unpacking.py
vendored_virtual_environment_do_not_execute	1647	2df515d4ae4bb5a956d92ce78f45ec88439f7d6a	yk-development-tools/.venv/Lib/site-packages/pip/_internal/utils/urls.py
vendored_virtual_environment_do_not_execute	2272	fa94813ae7ff9e828fd8148958f0765b81291c23	yk-development-tools/.venv/Lib/site-packages/pip/_internal/utils/virtualenv.py
vendored_virtual_environment_do_not_execute	4468	789e73629afb7f0984a2fe04f7b98d5395e48a11	yk-development-tools/.venv/Lib/site-packages/pip/_internal/utils/wheel.py
vendored_virtual_environment_do_not_execute	596	b6beddbe6d24d2949dc89ed07abfebd59d8b63b9	yk-development-tools/.venv/Lib/site-packages/pip/_internal/vcs/__init__.py
vendored_virtual_environment_do_not_execute	551	5974c96a9df9637403da5bfa0b6611999a369369	yk-development-tools/.venv/Lib/site-packages/pip/_internal/vcs/__pycache__/__init__.cpython-312.pyc
vendored_virtual_environment_do_not_execute	5170	0dbe9cf00427fdb14cb26af8e86c1b944f3f4179	yk-development-tools/.venv/Lib/site-packages/pip/_internal/vcs/__pycache__/bazaar.cpython-312.pyc
vendored_virtual_environment_do_not_execute	20125	66eedb4ccc6c0e301a0fe0d7ea45965abbe3345c	yk-development-tools/.venv/Lib/site-packages/pip/_internal/vcs/__pycache__/git.cpython-312.pyc
vendored_virtual_environment_do_not_execute	7777	94e09db588c33d33a79e7f9607ea68fc9eb49b75	yk-development-tools/.venv/Lib/site-packages/pip/_internal/vcs/__pycache__/mercurial.cpython-312.pyc
vendored_virtual_environment_do_not_execute	12357	eb6761dfce0c9ce64ac3266c358d70846b5aef71	yk-development-tools/.venv/Lib/site-packages/pip/_internal/vcs/__pycache__/subversion.cpython-312.pyc
vendored_virtual_environment_do_not_execute	28931	41205d1aee439ea55b8073568ab1eb0d6dfa1506	yk-development-tools/.venv/Lib/site-packages/pip/_internal/vcs/__pycache__/versioncontrol.cpython-312.pyc
vendored_virtual_environment_do_not_execute	3734	3a8a21e62518768e3476452c554a8f9d2546f43c	yk-development-tools/.venv/Lib/site-packages/pip/_internal/vcs/bazaar.py
vendored_virtual_environment_do_not_execute	19273	5cc393f92bf177b84bf3953713360d3c533a571f	yk-development-tools/.venv/Lib/site-packages/pip/_internal/vcs/git.py
vendored_virtual_environment_do_not_execute	5575	c875803164ee5fe220be7ab4486ef1c66427cebd	yk-development-tools/.venv/Lib/site-packages/pip/_internal/vcs/mercurial.py
vendored_virtual_environment_do_not_execute	11787	579f428c8ca63a99949f659ceb664dda4b881f32	yk-development-tools/.venv/Lib/site-packages/pip/_internal/vcs/subversion.py
vendored_virtual_environment_do_not_execute	22579	33c6b7f3f06d14199a20de59787faa34da0a27dd	yk-development-tools/.venv/Lib/site-packages/pip/_internal/vcs/versioncontrol.py
vendored_virtual_environment_do_not_execute	9146	8a5526142f5a7695b15d6a504985db8389bccddc	yk-development-tools/.venv/Lib/site-packages/pip/_internal/wheel_builder.py
vendored_virtual_environment_do_not_execute	9222	7429a52f46fb3a76f214744d79f0509be026b87a	yk-development-tools/.venv/Lib/site-packages/pip/_vendor/README.rst
vendored_virtual_environment_do_not_execute	4907	34ccb99079139bf230b91f4f7b9303a34de6b717	yk-development-tools/.venv/Lib/site-packages/pip/_vendor/__init__.py
vendored_virtual_environment_do_not_execute	4614	35984c57b700dbd6bef376e2ec64959273a5e4b7	yk-development-tools/.venv/Lib/site-packages/pip/_vendor/__pycache__/__init__.cpython-312.pyc
vendored_virtual_environment_do_not_execute	5319	7f2d28551c2e226204a00b03ca0da3e8ec783f17	yk-development-tools/.venv/Lib/site-packages/pip/_vendor/bom.cdx.json
vendored_virtual_environment_do_not_execute	558	d8b3b56d361cfaa04de6304c96c328f27266f74e	yk-development-tools/.venv/Lib/site-packages/pip/_vendor/cachecontrol/LICENSE.txt
vendored_virtual_environment_do_not_execute	820	3f8c36f67b39fc2bd4828a107090e9e1a9ae76a7	yk-development-tools/.venv/Lib/site-packages/pip/_vendor/cachecontrol/__init__.py
vendored_virtual_environment_do_not_execute	943	4e1d9887693db379625be897c1b5011e0dd0c455	yk-development-tools/.venv/Lib/site-packages/pip/_vendor/cachecontrol/__pycache__/__init__.cpython-312.pyc
vendored_virtual_environment_do_not_execute	2667	0b67af44491408cb3d61e2781f6dc737107dd928	yk-development-tools/.venv/Lib/site-packages/pip/_vendor/cachecontrol/__pycache__/_cmd.cpython-312.pyc
vendored_virtual_environment_do_not_execute	6714	0606ea5ddf938f7d77a5639c6e1881a3e3b251c4	yk-development-tools/.venv/Lib/site-packages/pip/_vendor/cachecontrol/__pycache__/adapter.cpython-312.pyc
vendored_virtual_environment_do_not_execute	3808	4193d68888db6595e426b3fb62dc8bd15f041e1d	yk-development-tools/.venv/Lib/site-packages/pip/_vendor/cachecontrol/__pycache__/cache.cpython-312.pyc
vendored_virtual_environment_do_not_execute	16474	00160695a9fe626034df8ea76b23790f00776296	yk-development-tools/.venv/Lib/site-packages/pip/_vendor/cachecontrol/__pycache__/controller.cpython-312.pyc
vendored_virtual_environment_do_not_execute	4416	957c02479d912fa97a1a6601cb72fd8d73958a66	yk-development-tools/.venv/Lib/site-packages/pip/_vendor/cachecontrol/__pycache__/filewrapper.cpython-312.pyc
vendored_virtual_environment_do_not_execute	6718	20ce24bcd9c8fa02892e2db8ef3fa86cfef594a8	yk-development-tools/.venv/Lib/site-packages/pip/_vendor/cachecontrol/__pycache__/heuristics.cpython-312.pyc
vendored_virtual_environment_do_not_execute	5282	45d190d7f0870f0a2384fdde36c776d2e8401083	yk-development-tools/.venv/Lib/site-packages/pip/_vendor/cachecontrol/__pycache__/serialize.cpython-312.pyc
vendored_virtual_environment_do_not_execute	1695	23eb59da33fc187005da8d16230588f7c4d8e4b7	yk-development-tools/.venv/Lib/site-packages/pip/_vendor/cachecontrol/__pycache__/wrapper.cpython-312.pyc
vendored_virtual_environment_do_not_execute	1737	2c84208a5d87511cc4a63dcd9c647ac75c6f4475	yk-development-tools/.venv/Lib/site-packages/pip/_vendor/cachecontrol/_cmd.py
vendored_virtual_environment_do_not_execute	6586	01f1253629e538b8abe56033a77c34ffbba2931e	yk-development-tools/.venv/Lib/site-packages/pip/_vendor/cachecontrol/adapter.py
vendored_virtual_environment_do_not_execute	1953	91598e92034fa4f70353fbf7c9c19dc9558e320b	yk-development-tools/.venv/Lib/site-packages/pip/_vendor/cachecontrol/cache.py
vendored_virtual_environment_do_not_execute	303	24ff469ff98baf5a4457ba6a34330be310058cb4	yk-development-tools/.venv/Lib/site-packages/pip/_vendor/cachecontrol/caches/__init__.py
vendored_virtual_environment_do_not_execute	456	c390c033fada63445027f69425bb5e5eaa05fecc	yk-development-tools/.venv/Lib/site-packages/pip/_vendor/cachecontrol/caches/__pycache__/__init__.cpython-312.pyc
vendored_virtual_environment_do_not_execute	7055	11ddab883a39dc7f4a75027db5077a6f19bf4fea	yk-development-tools/.venv/Lib/site-packages/pip/_vendor/cachecontrol/caches/__pycache__/file_cache.cpython-312.pyc
vendored_virtual_environment_do_not_execute	2754	40d928ed282e6b71d9d94a064df5bb277a345d3a	yk-development-tools/.venv/Lib/site-packages/pip/_vendor/cachecontrol/caches/__pycache__/redis_cache.cpython-312.pyc
vendored_virtual_environment_do_not_execute	4117	45c632c7f72700c72e60651acb1e09c836ef2c31	yk-development-tools/.venv/Lib/site-packages/pip/_vendor/cachecontrol/caches/file_cache.py
vendored_virtual_environment_do_not_execute	1386	f4f68c47bf6e82b3faea0bd558852585f5f50a81	yk-development-tools/.venv/Lib/site-packages/pip/_vendor/cachecontrol/caches/redis_cache.py
vendored_virtual_environment_do_not_execute	19102	0bf380136aea0e32c90fe5a07c8f4991d3ba990f	yk-development-tools/.venv/Lib/site-packages/pip/_vendor/cachecontrol/controller.py
vendored_virtual_environment_do_not_execute	4354	6569fb5cd88d922c67acc18bd8b32275f8ad2645	yk-development-tools/.venv/Lib/site-packages/pip/_vendor/cachecontrol/filewrapper.py
vendored_virtual_environment_do_not_execute	4881	b778c4f3f7ad5e22fca433be02a824446fb47ff5	yk-development-tools/.venv/Lib/site-packages/pip/_vendor/cachecontrol/heuristics.py
vendored_virtual_environment_do_not_execute	0	e69de29bb2d1d6434b8b29ae775ad8c2e48c5391	yk-development-tools/.venv/Lib/site-packages/pip/_vendor/cachecontrol/py.typed
vendored_virtual_environment_do_not_execute	5163	a49487a1493f9bbd160645ea4e491b4ac54a19a9	yk-development-tools/.venv/Lib/site-packages/pip/_vendor/cachecontrol/serialize.py
vendored_virtual_environment_do_not_execute	1417	f618bc363f12fb416b048e2a86cbddb6082874d6	yk-development-tools/.venv/Lib/site-packages/pip/_vendor/cachecontrol/wrapper.py
vendored_virtual_environment_do_not_execute	989	62b076cdee58ec8f34034141ba0befd9015b0c7e	yk-development-tools/.venv/Lib/site-packages/pip/_vendor/certifi/LICENSE
vendored_virtual_environment_do_not_execute	94	ed9a74b7a0f6de9b21e0f79f4c4799952123a78b	yk-development-tools/.venv/Lib/site-packages/pip/_vendor/certifi/__init__.py
vendored_virtual_environment_do_not_execute	255	00376349e69ad8b9dbf401cddc34055951e4b02e	yk-development-tools/.venv/Lib/site-packages/pip/_vendor/certifi/__main__.py
vendored_virtual_environment_do_not_execute	339	b667a9130866003264b1d6c025aaf395bb2bbb33	yk-development-tools/.venv/Lib/site-packages/pip/_vendor/certifi/__pycache__/__init__.cpython-312.pyc
vendored_virtual_environment_do_not_execute	666	f5b0c5b3bd02da906b6933b7e59ca60b8e5e83e9	yk-development-tools/.venv/Lib/site-packages/pip/_vendor/certifi/__pycache__/__main__.cpython-312.pyc
vendored_virtual_environment_do_not_execute	2103	f6338c1183da9bf59db646168f4785d6356023c7	yk-development-tools/.venv/Lib/site-packages/pip/_vendor/certifi/__pycache__/core.cpython-312.pyc
vendored_virtual_environment_do_not_execute	234354	1c2dbfeb6802cb9f18360d7e922a26cd30648e88	yk-development-tools/.venv/Lib/site-packages/pip/_vendor/certifi/cacert.pem
vendored_virtual_environment_do_not_execute	3442	2f2f7e088aebb0636a414a22dfe9d18e247cd512	yk-development-tools/.venv/Lib/site-packages/pip/_vendor/certifi/core.py
vendored_virtual_environment_do_not_execute	0	e69de29bb2d1d6434b8b29ae775ad8c2e48c5391	yk-development-tools/.venv/Lib/site-packages/pip/_vendor/certifi/py.typed
vendored_virtual_environment_do_not_execute	14531	c31ac56d772f7061c8b42f0ee96063b7a94a4859	yk-development-tools/.venv/Lib/site-packages/pip/_vendor/distlib/LICENSE.txt
vendored_virtual_environment_do_not_execute	625	3ac0c337da22719587a2f8447e44b12f16780e6c	yk-development-tools/.venv/Lib/site-packages/pip/_vendor/distlib/__init__.py
vendored_virtual_environment_do_not_execute	1290	68459310fac601197caac625114eb486af770660	yk-development-tools/.venv/Lib/site-packages/pip/_vendor/distlib/__pycache__/__init__.cpython-312.pyc
vendored_virtual_environment_do_not_execute	45392	d5ccc85ea168b169a19fd20715dc31888fd543ad	yk-development-tools/.venv/Lib/site-packages/pip/_vendor/distlib/__pycache__/compat.cpython-312.pyc
vendored_virtual_environment_do_not_execute	17920	afe07318991baeaa98af0226fe2d63963ed7366f	yk-development-tools/.venv/Lib/site-packages/pip/_vendor/distlib/__pycache__/resources.cpython-312.pyc
vendored_virtual_environment_do_not_execute	20080	468f8ae171eee3b82f4af7f4443989ed29f27c20	yk-development-tools/.venv/Lib/site-packages/pip/_vendor/distlib/__pycache__/scripts.cpython-312.pyc
vendored_virtual_environment_do_not_execute	89429	7f212f9deed2b174c18c8ccbc3f20257a096d6b1	yk-development-tools/.venv/Lib/site-packages/pip/_vendor/distlib/__pycache__/util.cpython-312.pyc
vendored_virtual_environment_do_not_execute	40605	b9c0fecbc603ba80e72a74b4b7b5149834359822	yk-development-tools/.venv/Lib/site-packages/pip/_vendor/distlib/compat.py
vendored_virtual_environment_do_not_execute	11350	b908308076bf721cfe0460974de7c4a14cd6e047	yk-development-tools/.venv/Lib/site-packages/pip/_vendor/distlib/resources.py
vendored_virtual_environment_do_not_execute	18835	ac9e909ece29b0ad5a3fb0630088aa7de98858c0	yk-development-tools/.venv/Lib/site-packages/pip/_vendor/distlib/scripts.py
vendored_virtual_environment_do_not_execute	97792	52154f0be32cc2bdbf98af131d477900667d0abd	yk-development-tools/.venv/Lib/site-packages/pip/_vendor/distlib/t32.exe
vendored_virtual_environment_do_not_execute	182784	e1ab8f8f589eadabaf3efa068dce3ff620a01898	yk-development-tools/.venv/Lib/site-packages/pip/_vendor/distlib/t64-arm.exe
vendored_virtual_environment_do_not_execute	108032	e8bebdba6d8f242244bf397ab067965d47c5093e	yk-development-tools/.venv/Lib/site-packages/pip/_vendor/distlib/t64.exe
vendored_virtual_environment_do_not_execute	68167	b120ca80558ba7457f084f1e580915a3af5b5e5d	yk-development-tools/.venv/Lib/site-packages/pip/_vendor/distlib/util.py
vendored_virtual_environment_do_not_execute	91648	4ee2d3a31b59e8b50f433ecdf0be9e496e8cc3b8	yk-development-tools/.venv/Lib/site-packages/pip/_vendor/distlib/w32.exe
vendored_virtual_environment_do_not_execute	168448	951d5817c9e6d81c94a173a0d9fead7f1f143331	yk-development-tools/.venv/Lib/site-packages/pip/_vendor/distlib/w64-arm.exe
vendored_virtual_environment_do_not_execute	101888	5763076d2878093971a0ef9870e1cde7f556b18b	yk-development-tools/.venv/Lib/site-packages/pip/_vendor/distlib/w64.exe
vendored_virtual_environment_do_not_execute	11325	e06d2081865a766a8668acc12878f98b27fc9ea0	yk-development-tools/.venv/Lib/site-packages/pip/_vendor/distro/LICENSE
vendored_virtual_environment_do_not_execute	981	7686fe85a7cc94188da76bfb1c10ad2a10821256	yk-development-tools/.venv/Lib/site-packages/pip/_vendor/distro/__init__.py
vendored_virtual_environment_do_not_execute	64	0c01d5b08b6b44379b931d54d7fcf5221fdc9fde	yk-development-tools/.venv/Lib/site-packages/pip/_vendor/distro/__main__.py
vendored_virtual_environment_do_not_execute	981	abfa359ccf4831c3609d4cdeeefafdf0429c9a1d	yk-development-tools/.venv/Lib/site-packages/pip/_vendor/distro/__pycache__/__init__.cpython-312.pyc
vendored_virtual_environment_do_not_execute	313	6c4d4361926ab8f26b93126f56d88e7255376804	yk-development-tools/.venv/Lib/site-packages/pip/_vendor/distro/__pycache__/__main__.cpython-312.pyc
vendored_virtual_environment_do_not_execute	53813	a94e109806cf5e3335347cd3780e5ba84677e52e	yk-development-tools/.venv/Lib/site-packages/pip/_vendor/distro/__pycache__/distro.cpython-312.pyc
vendored_virtual_environment_do_not_execute	49430	78ccdfa402ac29a8ef8aaddf7b527a0efb568d43	yk-development-tools/.venv/Lib/site-packages/pip/_vendor/distro/distro.py
vendored_virtual_environment_do_not_execute	0	e69de29bb2d1d6434b8b29ae775ad8c2e48c5391	yk-development-tools/.venv/Lib/site-packages/pip/_vendor/distro/py.typed
vendored_virtual_environment_do_not_execute	1541	f706835ab3a5dd709a6e1f57aee0a94ae1415df6	yk-development-tools/.venv/Lib/site-packages/pip/_vendor/idna/LICENSE.md
vendored_virtual_environment_do_not_execute	868	cfdc030a751b089fc7e38fc88093b791605d501d	yk-development-tools/.venv/Lib/site-packages/pip/_vendor/idna/__init__.py
vendored_virtual_environment_do_not_execute	83	dbdd066172160ef2d47b29f0caa00e27c62ebc20	yk-development-tools/.venv/Lib/site-packages/pip/_vendor/idna/__main__.py
vendored_virtual_environment_do_not_execute	907	b4d40b37475f18a161ef2a730c760162a8357a4f	yk-development-tools/.venv/Lib/site-packages/pip/_vendor/idna/__pycache__/__init__.cpython-312.pyc
vendored_virtual_environment_do_not_execute	378	87ee13a23369de8c55abd68596019880554020d0	yk-development-tools/.venv/Lib/site-packages/pip/_vendor/idna/__pycache__/__main__.cpython-312.pyc
vendored_virtual_environment_do_not_execute	5883	9362ae4d12a38ac5393e9832a77c7aee2c5d43ed	yk-development-tools/.venv/Lib/site-packages/pip/_vendor/idna/__pycache__/cli.cpython-312.pyc
vendored_virtual_environment_do_not_execute	6349	0ec6a552e2d61fa7d6286e9d0ef43a842f5c5cb8	yk-development-tools/.venv/Lib/site-packages/pip/_vendor/idna/__pycache__/codec.cpython-312.pyc
vendored_virtual_environment_do_not_execute	1929	e549c5544263a18fff82e721ff02364b3b5d3015	yk-development-tools/.venv/Lib/site-packages/pip/_vendor/idna/__pycache__/compat.cpython-312.pyc
vendored_virtual_environment_do_not_execute	28077	e97833fafc6c341eeba6f34b27559848730b0994	yk-development-tools/.venv/Lib/site-packages/pip/_vendor/idna/__pycache__/core.cpython-312.pyc
vendored_virtual_environment_do_not_execute	22054	9fc8397833206dac650d79ec57eca8a27f7de469	yk-development-tools/.venv/Lib/site-packages/pip/_vendor/idna/__pycache__/idnadata.cpython-312.pyc
vendored_virtual_environment_do_not_execute	2612	bbc0d8d4edfd3735f18ec203599baa0d8fc7cb61	yk-development-tools/.venv/Lib/site-packages/pip/_vendor/idna/__pycache__/intranges.cpython-312.pyc
vendored_virtual_environment_do_not_execute	238	ba0ce6eb32659a660c9095bb5c5ae4c2e7980dcd	yk-development-tools/.venv/Lib/site-packages/pip/_vendor/idna/__pycache__/package_data.cpython-312.pyc
vendored_virtual_environment_do_not_execute	96260	ce2c753ccb46450d1b48c006a9df8c3458fcf49e	yk-development-tools/.venv/Lib/site-packages/pip/_vendor/idna/__pycache__/uts46data.cpython-312.pyc
vendored_virtual_environment_do_not_execute	4139	4acda2c0f03561ee7e2a80611bdcb35900bb34e0	yk-development-tools/.venv/Lib/site-packages/pip/_vendor/idna/cli.py
vendored_virtual_environment_do_not_execute	5040	83b42fe42b51adbe1cf9dbea79c4c8d8dbf8a0b9	yk-development-tools/.venv/Lib/site-packages/pip/_vendor/idna/codec.py
vendored_virtual_environment_do_not_execute	1353	1d01e3d9750860e6ec87fb7c0955cee6bcd9fcc1	yk-development-tools/.venv/Lib/site-packages/pip/_vendor/idna/compat.py
vendored_virtual_environment_do_not_execute	24685	1ccbd1f3356e4b9f2aeb36b00fd5591d85459464	yk-development-tools/.venv/Lib/site-packages/pip/_vendor/idna/core.py
vendored_virtual_environment_do_not_execute	44862	f2ab38897bf1f8fc6f0db50f237edec68ca89295	yk-development-tools/.venv/Lib/site-packages/pip/_vendor/idna/idnadata.py
vendored_virtual_environment_do_not_execute	1851	19d77810caf332a1f310bd3b734dab7bbd82f64c	yk-development-tools/.venv/Lib/site-packages/pip/_vendor/idna/intranges.py
vendored_virtual_environment_do_not_execute	21	94e40398cda6322e7c348ce8c2c44b80a904e5c7	yk-development-tools/.venv/Lib/site-packages/pip/_vendor/idna/package_data.py
vendored_virtual_environment_do_not_execute	0	e69de29bb2d1d6434b8b29ae775ad8c2e48c5391	yk-development-tools/.venv/Lib/site-packages/pip/_vendor/idna/py.typed
vendored_virtual_environment_do_not_execute	234325	f2d931fe5d23c043a47687c480cffffd069e7aa6	yk-development-tools/.venv/Lib/site-packages/pip/_vendor/idna/uts46data.py
vendored_virtual_environment_do_not_execute	614	f067af3aae15a5b494f0eeb15a7064c176e30fd5	yk-development-tools/.venv/Lib/site-packages/pip/_vendor/msgpack/COPYING
vendored_virtual_environment_do_not_execute	1109	f3266b701fb408b481a686845bb4d0d5335c51be	yk-development-tools/.venv/Lib/site-packages/pip/_vendor/msgpack/__init__.py
vendored_virtual_environment_do_not_execute	1760	0d0780b67496303d0b7af7486061afab56ca4dc8	yk-development-tools/.venv/Lib/site-packages/pip/_vendor/msgpack/__pycache__/__init__.cpython-312.pyc
vendored_virtual_environment_do_not_execute	2046	8671e76c5ee288dd77b8c15464d9dc2af33e2295	yk-development-tools/.venv/Lib/site-packages/pip/_vendor/msgpack/__pycache__/exceptions.cpython-312.pyc
vendored_virtual_environment_do_not_execute	8314	088a8801076274995d4fd574bb90da86f600eed9	yk-development-tools/.venv/Lib/site-packages/pip/_vendor/msgpack/__pycache__/ext.cpython-312.pyc
vendored_virtual_environment_do_not_execute	41511	e34f412b6b4966fdde1e4e2d77b465b40cb19bbe	yk-development-tools/.venv/Lib/site-packages/pip/_vendor/msgpack/__pycache__/fallback.cpython-312.pyc
vendored_virtual_environment_do_not_execute	1081	d6d2615cfdd0b914d064cdf7eecd45761e4bcaf6	yk-development-tools/.venv/Lib/site-packages/pip/_vendor/msgpack/exceptions.py
vendored_virtual_environment_do_not_execute	5726	9694819a7df1570ccbb41de065cb7052f9af8e79	yk-development-tools/.venv/Lib/site-packages/pip/_vendor/msgpack/ext.py
vendored_virtual_environment_do_not_execute	32390	b02e47cfb91a54a7205881ee87a5db2ea8d049a7	yk-development-tools/.venv/Lib/site-packages/pip/_vendor/msgpack/fallback.py
vendored_virtual_environment_do_not_execute	197	6f62d44e4ef733c0e713afcd2371fed7f2b3de67	yk-development-tools/.venv/Lib/site-packages/pip/_vendor/packaging/LICENSE
vendored_virtual_environment_do_not_execute	10174	f433b1a53f5b830a205fd2df78e2b34974656c7b	yk-development-tools/.venv/Lib/site-packages/pip/_vendor/packaging/LICENSE.APACHE
vendored_virtual_environment_do_not_execute	1344	42ce7b75c92fb01a3f6ed17eea363f756b7da582	yk-development-tools/.venv/Lib/site-packages/pip/_vendor/packaging/LICENSE.BSD
vendored_virtual_environment_do_not_execute	494	a6bdf59cd713d41593ba3da47032a831a1be1504	yk-development-tools/.venv/Lib/site-packages/pip/_vendor/packaging/__init__.py
vendored_virtual_environment_do_not_execute	579	7493de267c85bd5a022f02ac3fa1bd41d266c4d5	yk-development-tools/.venv/Lib/site-packages/pip/_vendor/packaging/__pycache__/__init__.cpython-312.pyc
vendored_virtual_environment_do_not_execute	4959	aa0de6f755bd64de9fbcc76878eccee74851fd18	yk-development-tools/.venv/Lib/site-packages/pip/_vendor/packaging/__pycache__/_elffile.cpython-312.pyc
vendored_virtual_environment_do_not_execute	9878	c3dd754004285323afe4215b536c1c5fad281a24	yk-development-tools/.venv/Lib/site-packages/pip/_vendor/packaging/__pycache__/_manylinux.cpython-312.pyc
vendored_virtual_environment_do_not_execute	4587	0a9b03b059d74d47358b797f1d9d2fe754fd8050	yk-development-tools/.venv/Lib/site-packages/pip/_vendor/packaging/__pycache__/_musllinux.cpython-312.pyc
vendored_virtual_environment_do_not_execute	15596	9c7e7ee52749b18a5b5d6fea8a7dcedea0c3e091	yk-development-tools/.venv/Lib/site-packages/pip/_vendor/packaging/__pycache__/_parser.cpython-312.pyc
vendored_virtual_environment_do_not_execute	1620	3970b1a80970976bffd95d183ffd2d81d92c805c	yk-development-tools/.venv/Lib/site-packages/pip/_vendor/packaging/__pycache__/_structures.cpython-312.pyc
vendored_virtual_environment_do_not_execute	8471	842fa56dca27bdf9ce6685a64cdc3a1d84577329	yk-development-tools/.venv/Lib/site-packages/pip/_vendor/packaging/__pycache__/_tokenizer.cpython-312.pyc
vendored_virtual_environment_do_not_execute	11036	3e4e4b45d489c114a422da20dc8c74b6e93492e3	yk-development-tools/.venv/Lib/site-packages/pip/_vendor/packaging/__pycache__/dependency_groups.cpython-312.pyc
vendored_virtual_environment_do_not_execute	14548	8cdbc2ce7fdf879b35e94f7662ad306ebebf1aad	yk-development-tools/.venv/Lib/site-packages/pip/_vendor/packaging/__pycache__/direct_url.cpython-312.pyc
vendored_virtual_environment_do_not_execute	4445	2378c6714c5492441a4461166758d59d011313bb	yk-development-tools/.venv/Lib/site-packages/pip/_vendor/packaging/__pycache__/errors.cpython-312.pyc
vendored_virtual_environment_do_not_execute	17482	20e2a7f2f6052c6437384327303b9092e2a34496	yk-development-tools/.venv/Lib/site-packages/pip/_vendor/packaging/__pycache__/markers.cpython-312.pyc
vendored_virtual_environment_do_not_execute	31282	5cbba49a3b2e104789601aaf0e791ac0086c1f75	yk-development-tools/.venv/Lib/site-packages/pip/_vendor/packaging/__pycache__/metadata.cpython-312.pyc
vendored_virtual_environment_do_not_execute	37426	860cd2a8462aeb875c8356cb993a82d4041e7a6c	yk-development-tools/.venv/Lib/site-packages/pip/_vendor/packaging/__pycache__/pylock.cpython-312.pyc
vendored_virtual_environment_do_not_execute	6123	be54b09d2d43d1af88ae00a6db96a72407b457a4	yk-development-tools/.venv/Lib/site-packages/pip/_vendor/packaging/__pycache__/requirements.cpython-312.pyc
vendored_virtual_environment_do_not_execute	75806	56c9ee049e6620cbf09643556bcbf855128d7015	yk-development-tools/.venv/Lib/site-packages/pip/_vendor/packaging/__pycache__/specifiers.cpython-312.pyc
vendored_virtual_environment_do_not_execute	37387	2cff7cc4509c9a01d29436c1c7170785d68cd47b	yk-development-tools/.venv/Lib/site-packages/pip/_vendor/packaging/__pycache__/tags.cpython-312.pyc
vendored_virtual_environment_do_not_execute	11075	3acd1b864e8e6a6b5044fd653556ba8383231368	yk-development-tools/.venv/Lib/site-packages/pip/_vendor/packaging/__pycache__/utils.cpython-312.pyc
vendored_virtual_environment_do_not_execute	41820	6caac124717f64a51073a8f9ca15a62cb699f347	yk-development-tools/.venv/Lib/site-packages/pip/_vendor/packaging/__pycache__/version.cpython-312.pyc
vendored_virtual_environment_do_not_execute	3211	497b0645217512ae2ba8ff61341fd2bbfa3648cd	yk-development-tools/.venv/Lib/site-packages/pip/_vendor/packaging/_elffile.py
vendored_virtual_environment_do_not_execute	9559	0e79e8a882be74fe76c80ccf49a9cd68fb636fd4	yk-development-tools/.venv/Lib/site-packages/pip/_vendor/packaging/_manylinux.py
vendored_virtual_environment_do_not_execute	2707	4e8116a79ca80d60657542a23b4bbcbc3c518eaf	yk-development-tools/.venv/Lib/site-packages/pip/_vendor/packaging/_musllinux.py
vendored_virtual_environment_do_not_execute	11698	d320269e1531d822003bde7a826ba24eecca3bae	yk-development-tools/.venv/Lib/site-packages/pip/_vendor/packaging/_parser.py
vendored_virtual_environment_do_not_execute	1109	4306784d9a26466aa0a210cb2f262903c67d46ca	yk-development-tools/.venv/Lib/site-packages/pip/_vendor/packaging/_structures.py
vendored_virtual_environment_do_not_execute	5391	5ab891ccb8e9048cf64573ca303357efe6afae32	yk-development-tools/.venv/Lib/site-packages/pip/_vendor/packaging/_tokenizer.py
vendored_virtual_environment_do_not_execute	10218	413e5cb4b40d734564b99092320bb58a8f3c2c2b	yk-development-tools/.venv/Lib/site-packages/pip/_vendor/packaging/dependency_groups.py
vendored_virtual_environment_do_not_execute	10917	5d1c56ca9d6fcd92111b0a86258853224509abb0	yk-development-tools/.venv/Lib/site-packages/pip/_vendor/packaging/direct_url.py
vendored_virtual_environment_do_not_execute	2680	d1d47cf6c3416179750bf5bf170aafe9d0fa6497	yk-development-tools/.venv/Lib/site-packages/pip/_vendor/packaging/errors.py
vendored_virtual_environment_do_not_execute	7293	36e46ed02ca7aa6690928cf33868ae9cd1ab1d17	yk-development-tools/.venv/Lib/site-packages/pip/_vendor/packaging/licenses/__init__.py
vendored_virtual_environment_do_not_execute	5466	9edee5ca1f7bbb7904980e5d71245c721fe5f2db	yk-development-tools/.venv/Lib/site-packages/pip/_vendor/packaging/licenses/__pycache__/__init__.cpython-312.pyc
vendored_virtual_environment_do_not_execute	49881	4be61a54d902550bd5cc65cc7655db0f49bb9902	yk-development-tools/.venv/Lib/site-packages/pip/_vendor/packaging/licenses/__pycache__/_spdx.cpython-312.pyc
vendored_virtual_environment_do_not_execute	51122	a277af28220b6dbe4599471104d1c7a2bd1e1288	yk-development-tools/.venv/Lib/site-packages/pip/_vendor/packaging/licenses/_spdx.py
vendored_virtual_environment_do_not_execute	17067	62846452f943f3697998f1822e71cc16537e6f92	yk-development-tools/.venv/Lib/site-packages/pip/_vendor/packaging/markers.py
vendored_virtual_environment_do_not_execute	38770	dccb627dea31193b8bb1082223dcdc4305fcfb18	yk-development-tools/.venv/Lib/site-packages/pip/_vendor/packaging/metadata.py
vendored_virtual_environment_do_not_execute	0	e69de29bb2d1d6434b8b29ae775ad8c2e48c5391	yk-development-tools/.venv/Lib/site-packages/pip/_vendor/packaging/py.typed
vendored_virtual_environment_do_not_execute	33890	84e25378fc6fa21d2d637dbcc6cd43c0dd2ad1d4	yk-development-tools/.venv/Lib/site-packages/pip/_vendor/packaging/pylock.py
vendored_virtual_environment_do_not_execute	4395	d5c786d161e98139dd5174e215343ae6697a6534	yk-development-tools/.venv/Lib/site-packages/pip/_vendor/packaging/requirements.py
vendored_virtual_environment_do_not_execute	71550	83e0015026c46642bd4aabab948504f4ea52f7fa	yk-development-tools/.venv/Lib/site-packages/pip/_vendor/packaging/specifiers.py
vendored_virtual_environment_do_not_execute	34236	979fbd2eedf33c63759d970013b29cd441eaf85f	yk-development-tools/.venv/Lib/site-packages/pip/_vendor/packaging/tags.py
vendored_virtual_environment_do_not_execute	9848	cbd3be27c4211f73330a318debf6a490b8b9d8ba	yk-development-tools/.venv/Lib/site-packages/pip/_vendor/packaging/utils.py
vendored_virtual_environment_do_not_execute	38393	905b47e65c4bd24f06b19edac6f78506e76204db	yk-development-tools/.venv/Lib/site-packages/pip/_vendor/packaging/version.py
vendored_virtual_environment_do_not_execute	1023	1bb5a44356f00884a71ceeefd24ded6caaba2418	yk-development-tools/.venv/Lib/site-packages/pip/_vendor/pkg_resources/LICENSE
vendored_virtual_environment_do_not_execute	124451	72f2b03514d9f3f0717b0f9b83a89e418140db0b	yk-development-tools/.venv/Lib/site-packages/pip/_vendor/pkg_resources/__init__.py
vendored_virtual_environment_do_not_execute	161270	48adfe2f51104b356405297a202ed89f7332e61e	yk-development-tools/.venv/Lib/site-packages/pip/_vendor/pkg_resources/__pycache__/__init__.cpython-312.pyc
vendored_virtual_environment_do_not_execute	1089	f35fed9191b1142ddaada8a96de4a9461c5d796c	yk-development-tools/.venv/Lib/site-packages/pip/_vendor/platformdirs/LICENSE
vendored_virtual_environment_do_not_execute	32389	92fc2da5e9f867c38a463bbbad0d1db58f431da0	yk-development-tools/.venv/Lib/site-packages/pip/_vendor/platformdirs/__init__.py
vendored_virtual_environment_do_not_execute	1773	0d1877b122f4cdacf5612e3823ad8f7acdd406ef	yk-development-tools/.venv/Lib/site-packages/pip/_vendor/platformdirs/__main__.py
vendored_virtual_environment_do_not_execute	29892	4a082f1539c09a3660d690ca501c66ce3348968c	yk-development-tools/.venv/Lib/site-packages/pip/_vendor/platformdirs/__pycache__/__init__.cpython-312.pyc
vendored_virtual_environment_do_not_execute	2171	cb837669447e36bd95e0c9a83975bc68948969f5	yk-development-tools/.venv/Lib/site-packages/pip/_vendor/platformdirs/__pycache__/__main__.cpython-312.pyc
vendored_virtual_environment_do_not_execute	13538	9219478b649b0862f266502aa1d1f884e76b7b5a	yk-development-tools/.venv/Lib/site-packages/pip/_vendor/platformdirs/__pycache__/_xdg.cpython-312.pyc
vendored_virtual_environment_do_not_execute	14022	e392ee4b9a0c066ae3b9875eb05f16344043a254	yk-development-tools/.venv/Lib/site-packages/pip/_vendor/platformdirs/__pycache__/android.cpython-312.pyc
vendored_virtual_environment_do_not_execute	20890	1f3d25830eaf238cde3b80e1bbe58cb404e96686	yk-development-tools/.venv/Lib/site-packages/pip/_vendor/platformdirs/__pycache__/api.cpython-312.pyc
vendored_virtual_environment_do_not_execute	14408	f99aad0945e78a0b4234faeffc5c29d92a1a0c60	yk-development-tools/.venv/Lib/site-packages/pip/_vendor/platformdirs/__pycache__/macos.cpython-312.pyc
vendored_virtual_environment_do_not_execute	19831	f151bbdc04f7c04e9916a5e8b86e80e5470dddc5	yk-development-tools/.venv/Lib/site-packages/pip/_vendor/platformdirs/__pycache__/unix.cpython-312.pyc
vendored_virtual_environment_do_not_execute	671	95c344ce4a66cd22088aa865747cbac627f642aa	yk-development-tools/.venv/Lib/site-packages/pip/_vendor/platformdirs/__pycache__/version.cpython-312.pyc
vendored_virtual_environment_do_not_execute	21943	b7dcdca1637a39872a5c775958450459d0eae404	yk-development-tools/.venv/Lib/site-packages/pip/_vendor/platformdirs/__pycache__/windows.cpython-312.pyc
vendored_virtual_environment_do_not_execute	7894	b2af284ae397d385167de6531c096193da73951a	yk-development-tools/.venv/Lib/site-packages/pip/_vendor/platformdirs/_xdg.py
vendored_virtual_environment_do_not_execute	11566	885e8c6e1547945572cf54444ce3527d5c0475d5	yk-development-tools/.venv/Lib/site-packages/pip/_vendor/platformdirs/android.py
vendored_virtual_environment_do_not_execute	14887	91ef902858ad664d4779cb8ca6fd75798ddf9edd	yk-development-tools/.venv/Lib/site-packages/pip/_vendor/platformdirs/api.py
vendored_virtual_environment_do_not_execute	9538	9ebc2a0c5498b77b29f86a485ed8c727c6d9ea76	yk-development-tools/.venv/Lib/site-packages/pip/_vendor/platformdirs/macos.py
vendored_virtual_environment_do_not_execute	0	e69de29bb2d1d6434b8b29ae775ad8c2e48c5391	yk-development-tools/.venv/Lib/site-packages/pip/_vendor/platformdirs/py.typed
vendored_virtual_environment_do_not_execute	13317	500d3a4be92924f3f66a4ec993f61cf12f19d3f3	yk-development-tools/.venv/Lib/site-packages/pip/_vendor/platformdirs/unix.py
vendored_virtual_environment_do_not_execute	522	a281775fdd87971219e9e6eff0496ad77ec14cd4	yk-development-tools/.venv/Lib/site-packages/pip/_vendor/platformdirs/version.py
vendored_virtual_environment_do_not_execute	15798	476ffe73605f8399db49b802f8a553211d77cff3	yk-development-tools/.venv/Lib/site-packages/pip/_vendor/platformdirs/windows.py
vendored_virtual_environment_do_not_execute	1331	446a1a805c8a949579fb8a9799f2bec7777349dc	yk-development-tools/.venv/Lib/site-packages/pip/_vendor/pygments/LICENSE
vendored_virtual_environment_do_not_execute	2986	974f5bb8b6358b9de73115084e048c5ee67238ad	yk-development-tools/.venv/Lib/site-packages/pip/_vendor/pygments/__init__.py
vendored_virtual_environment_do_not_execute	356	bdafd1a436f8b536e5bcef48606178acc675d489	yk-development-tools/.venv/Lib/site-packages/pip/_vendor/pygments/__main__.py
vendored_virtual_environment_do_not_execute	3513	632e85b7f6405c503d482d94bf27ab76228894a1	yk-development-tools/.venv/Lib/site-packages/pip/_vendor/pygments/__pycache__/__init__.cpython-312.pyc
vendored_virtual_environment_do_not_execute	759	e435aa81bc5a93950f6813592473d67cda6e1bb6	yk-development-tools/.venv/Lib/site-packages/pip/_vendor/pygments/__pycache__/__main__.cpython-312.pyc
vendored_virtual_environment_do_not_execute	2653	f9ca6ff6a94d77516b0af2734944ebd37d4011fe	yk-development-tools/.venv/Lib/site-packages/pip/_vendor/pygments/__pycache__/console.cpython-312.pyc
vendored_virtual_environment_do_not_execute	3246	71f46b269791f8941ca0b6fc5ef0dd02e350e272	yk-development-tools/.venv/Lib/site-packages/pip/_vendor/pygments/__pycache__/filter.cpython-312.pyc
vendored_virtual_environment_do_not_execute	4745	c8a488e8b69f8ff7a3c737a3a9fc32553aea7eda	yk-development-tools/.venv/Lib/site-packages/pip/_vendor/pygments/__pycache__/formatter.cpython-312.pyc
vendored_virtual_environment_do_not_execute	38471	c805e667c4e277821c98cd6f40b2301f207b3b2a	yk-development-tools/.venv/Lib/site-packages/pip/_vendor/pygments/__pycache__/lexer.cpython-312.pyc
vendored_virtual_environment_do_not_execute	1584	23800426901fe770e7b3e1a40b3216d828802618	yk-development-tools/.venv/Lib/site-packages/pip/_vendor/pygments/__pycache__/modeline.cpython-312.pyc
vendored_virtual_environment_do_not_execute	2711	ba1fd0655ce0f793ab1d83fb08f497b89d737bcb	yk-development-tools/.venv/Lib/site-packages/pip/_vendor/pygments/__pycache__/plugin.cpython-312.pyc
vendored_virtual_environment_do_not_execute	4472	c70d6641006df757edd36cedd35139b288a13a69	yk-development-tools/.venv/Lib/site-packages/pip/_vendor/pygments/__pycache__/regexopt.cpython-312.pyc
vendored_virtual_environment_do_not_execute	4781	6c4f912e7e954c482e74b9bcc24d7fa3baeeb07e	yk-development-tools/.venv/Lib/site-packages/pip/_vendor/pygments/__pycache__/scanner.cpython-312.pyc
vendored_virtual_environment_do_not_execute	12123	d783fcb853127198e897debf7ca71393b950e179	yk-development-tools/.venv/Lib/site-packages/pip/_vendor/pygments/__pycache__/sphinxext.cpython-312.pyc
vendored_virtual_environment_do_not_execute	6718	19eadaad2f557eccbc55c56e4bffec7e7fdbd826	yk-development-tools/.venv/Lib/site-packages/pip/_vendor/pygments/__pycache__/style.cpython-312.pyc
vendored_virtual_environment_do_not_execute	8214	a72f8dc9d1b6692490000d3a25822d1b28de7f01	yk-development-tools/.venv/Lib/site-packages/pip/_vendor/pygments/__pycache__/token.cpython-312.pyc
vendored_virtual_environment_do_not_execute	32997	108d9ba0c4e50bcdb9e4d49059ebd969dc339ab2	yk-development-tools/.venv/Lib/site-packages/pip/_vendor/pygments/__pycache__/unistring.cpython-312.pyc
vendored_virtual_environment_do_not_execute	14099	3181fed69d0c88cd0016acdda424fa1bd1ad24c3	yk-development-tools/.venv/Lib/site-packages/pip/_vendor/pygments/__pycache__/util.cpython-312.pyc
vendored_virtual_environment_do_not_execute	1721	d9009168cadbe25ba0bb1fc5427a5db0f1582830	yk-development-tools/.venv/Lib/site-packages/pip/_vendor/pygments/console.py
vendored_virtual_environment_do_not_execute	1913	6c926c26cfcf0ca7579f05affcab46c389595b71	yk-development-tools/.venv/Lib/site-packages/pip/_vendor/pygments/filter.py
vendored_virtual_environment_do_not_execute	40397	01e320741bc6197045cf0f4bcdb0bf787e724e01	yk-development-tools/.venv/Lib/site-packages/pip/_vendor/pygments/filters/__init__.py
vendored_virtual_environment_do_not_execute	37938	101892c89b8e6a8b3e1fa20aabdac658b70fa5ad	yk-development-tools/.venv/Lib/site-packages/pip/_vendor/pygments/filters/__pycache__/__init__.cpython-312.pyc
vendored_virtual_environment_do_not_execute	4393	d869b6c14a25c88df7c66d6399a2628ab351467d	yk-development-tools/.venv/Lib/site-packages/pip/_vendor/pygments/formatter.py
vendored_virtual_environment_do_not_execute	5388	c7c153bf4a72988ca4042977e0e65c472b89c453	yk-development-tools/.venv/Lib/site-packages/pip/_vendor/pygments/formatters/__init__.py
vendored_virtual_environment_do_not_execute	6927	059f10e0e55922e25f1defd58e59b7200e60c9c2	yk-development-tools/.venv/Lib/site-packages/pip/_vendor/pygments/formatters/__pycache__/__init__.cpython-312.pyc
vendored_virtual_environment_do_not_execute	4237	1da4279644fe70e0dee4438fef88cb30519b96fa	yk-development-tools/.venv/Lib/site-packages/pip/_vendor/pygments/formatters/__pycache__/_mapping.cpython-312.pyc
vendored_virtual_environment_do_not_execute	4176	72ca84040b626183e3328679db600c13472021be	yk-development-tools/.venv/Lib/site-packages/pip/_vendor/pygments/formatters/_mapping.py
vendored_virtual_environment_do_not_execute	35394	a776bfa5619e050cb5915c45c9de81f54fe898a2	yk-development-tools/.venv/Lib/site-packages/pip/_vendor/pygments/lexer.py
vendored_virtual_environment_do_not_execute	12118	7dcb103625dc76cbedd80e1d32c466ac926a4ba1	yk-development-tools/.venv/Lib/site-packages/pip/_vendor/pygments/lexers/__init__.py
vendored_virtual_environment_do_not_execute	14646	60b0479a70b303c6d5dd5d1630b21e6873f47159	yk-development-tools/.venv/Lib/site-packages/pip/_vendor/pygments/lexers/__pycache__/__init__.cpython-312.pyc
vendored_virtual_environment_do_not_execute	70152	c6d96d58c326beb9fbad5d17d63833978e8fcf82	yk-development-tools/.venv/Lib/site-packages/pip/_vendor/pygments/lexers/__pycache__/_mapping.cpython-312.pyc
vendored_virtual_environment_do_not_execute	43342	a32d6747702b8c14d35b47bf6793ceec21e0dcdc	yk-development-tools/.venv/Lib/site-packages/pip/_vendor/pygments/lexers/__pycache__/python.cpython-312.pyc
vendored_virtual_environment_do_not_execute	77934	3e91bf571abd2097f94a7f02fb71dcbffe0eccc0	yk-development-tools/.venv/Lib/site-packages/pip/_vendor/pygments/lexers/_mapping.py
vendored_virtual_environment_do_not_execute	54250	0ec67e5c1188bb029753a0a213ebae883622f251	yk-development-tools/.venv/Lib/site-packages/pip/_vendor/pygments/lexers/python.py
vendored_virtual_environment_do_not_execute	1008	81ec15773dd6cdc40c72e7bda280ce33f645ef1a	yk-development-tools/.venv/Lib/site-packages/pip/_vendor/pygments/modeline.py
vendored_virtual_environment_do_not_execute	1928	0d6377f769cf68505f6c3ff5495fe01effb31d38	yk-development-tools/.venv/Lib/site-packages/pip/_vendor/pygments/plugin.py
vendored_virtual_environment_do_not_execute	3308	9010eb3fb517ff4134b4f52581179fa80b0f7540	yk-development-tools/.venv/Lib/site-packages/pip/_vendor/pygments/regexopt.py
vendored_virtual_environment_do_not_execute	3095	067ebfa9c65a9ea3b3ac3e1d4cf815eee2f1f32b	yk-development-tools/.venv/Lib/site-packages/pip/_vendor/pygments/scanner.py
vendored_virtual_environment_do_not_execute	7984	7f2fa7458a055e69595367881cc1ca7ed4e74966	yk-development-tools/.venv/Lib/site-packages/pip/_vendor/pygments/sphinxext.py
vendored_virtual_environment_do_not_execute	6423	04b420d8b8f02208e4c0737af985db791783a3d6	yk-development-tools/.venv/Lib/site-packages/pip/_vendor/pygments/style.py
vendored_virtual_environment_do_not_execute	2045	29f2110ad4da37ed29ed558424e1f144f602e722	yk-development-tools/.venv/Lib/site-packages/pip/_vendor/pygments/styles/__init__.py
vendored_virtual_environment_do_not_execute	2689	33226a153ad739836d6c969e9e3347a6033d3432	yk-development-tools/.venv/Lib/site-packages/pip/_vendor/pygments/styles/__pycache__/__init__.cpython-312.pyc
vendored_virtual_environment_do_not_execute	3670	7120751b3bd5d553027b370ad0f8aaafe0d15b5d	yk-development-tools/.venv/Lib/site-packages/pip/_vendor/pygments/styles/__pycache__/_mapping.cpython-312.pyc
vendored_virtual_environment_do_not_execute	3312	49a7fae92dc4d9ed6bcdb735f346b79c476f49ad	yk-development-tools/.venv/Lib/site-packages/pip/_vendor/pygments/styles/_mapping.py
vendored_virtual_environment_do_not_execute	6229	1f756b71130e1c0036d881345ab06968c9f4c464	yk-development-tools/.venv/Lib/site-packages/pip/_vendor/pygments/token.py
vendored_virtual_environment_do_not_execute	63211	2a326dff8d7c3594b83b17b8a7705a6ddf2f13fa	yk-development-tools/.venv/Lib/site-packages/pip/_vendor/pygments/unistring.py
vendored_virtual_environment_do_not_execute	10046	548d9d7af2865b23cf59369d25b98221daf34b95	yk-development-tools/.venv/Lib/site-packages/pip/_vendor/pygments/util.py
vendored_virtual_environment_do_not_execute	1081	b0ae9dbc262b5f7ed4cb6f964cfb5eb5c0d0b0be	yk-development-tools/.venv/Lib/site-packages/pip/_vendor/pyproject_hooks/LICENSE
vendored_virtual_environment_do_not_execute	691	746b89f7e71ed14565d18aa97ccc62d5df1bed82	yk-development-tools/.venv/Lib/site-packages/pip/_vendor/pyproject_hooks/__init__.py
vendored_virtual_environment_do_not_execute	769	373bd5cab06c81bfa8178b7a31110ca3467c6f38	yk-development-tools/.venv/Lib/site-packages/pip/_vendor/pyproject_hooks/__pycache__/__init__.cpython-312.pyc
vendored_virtual_environment_do_not_execute	18068	5f5353028d08375c4306824d5bd9839c427d2600	yk-development-tools/.venv/Lib/site-packages/pip/_vendor/pyproject_hooks/__pycache__/_impl.cpython-312.pyc
vendored_virtual_environment_do_not_execute	14936	d1e9d7bb8c62e2fda5a9fd395899175142eb9b04	yk-development-tools/.venv/Lib/site-packages/pip/_vendor/pyproject_hooks/_impl.py
vendored_virtual_environment_do_not_execute	557	906d0ba20e1f3e10b35456c2db1f207a071ce246	yk-development-tools/.venv/Lib/site-packages/pip/_vendor/pyproject_hooks/_in_process/__init__.py
vendored_virtual_environment_do_not_execute	1098	d1154836c84de54a15e6cd456fa9edd734c5ed7f	yk-development-tools/.venv/Lib/site-packages/pip/_vendor/pyproject_hooks/_in_process/__pycache__/__init__.cpython-312.pyc
vendored_virtual_environment_do_not_execute	15336	bfe8af13420ac3abb0abbbc5a31ec7e22c53dc12	yk-development-tools/.venv/Lib/site-packages/pip/_vendor/pyproject_hooks/_in_process/__pycache__/_in_process.cpython-312.pyc
vendored_virtual_environment_do_not_execute	12216	d689bab7219b0d2abf8b127d3ddd1eb0a61eb997	yk-development-tools/.venv/Lib/site-packages/pip/_vendor/pyproject_hooks/_in_process/_in_process.py
vendored_virtual_environment_do_not_execute	0	e69de29bb2d1d6434b8b29ae775ad8c2e48c5391	yk-development-tools/.venv/Lib/site-packages/pip/_vendor/pyproject_hooks/py.typed
vendored_virtual_environment_do_not_execute	10142	67db8588217f266eb561f75fae738656325deac9	yk-development-tools/.venv/Lib/site-packages/pip/_vendor/requests/LICENSE
vendored_virtual_environment_do_not_execute	5873	22d2c42f5f50437f4c04230bc28a9eeec7e58c38	yk-development-tools/.venv/Lib/site-packages/pip/_vendor/requests/__init__.py
vendored_virtual_environment_do_not_execute	5636	15c59ca7ea19b1c6d20c8071f76f03722f51bfbf	yk-development-tools/.venv/Lib/site-packages/pip/_vendor/requests/__pycache__/__init__.cpython-312.pyc
vendored_virtual_environment_do_not_execute	606	0bc73b439e5ea9a7fdb60ed9053753260443964e	yk-development-tools/.venv/Lib/site-packages/pip/_vendor/requests/__pycache__/__version__.cpython-312.pyc
vendored_virtual_environment_do_not_execute	2150	8ebbd3ade850eb93566626f41999e17001bb97f0	yk-development-tools/.venv/Lib/site-packages/pip/_vendor/requests/__pycache__/_internal_utils.cpython-312.pyc
vendored_virtual_environment_do_not_execute	7288	196755db08b6093900be1691d494b37b5371ca42	yk-development-tools/.venv/Lib/site-packages/pip/_vendor/requests/__pycache__/_types.cpython-312.pyc
vendored_virtual_environment_do_not_execute	29717	6dbcfa49f03859ac18111c1a5041749e450a292d	yk-development-tools/.venv/Lib/site-packages/pip/_vendor/requests/__pycache__/adapters.cpython-312.pyc
vendored_virtual_environment_do_not_execute	8068	0ccb5461fa67023806667eb19bb7b1018907db40	yk-development-tools/.venv/Lib/site-packages/pip/_vendor/requests/__pycache__/api.cpython-312.pyc
vendored_virtual_environment_do_not_execute	15808	1a0d634ab564cd0c8fe0c0060baf18d160f0ff1e	yk-development-tools/.venv/Lib/site-packages/pip/_vendor/requests/__pycache__/auth.cpython-312.pyc
vendored_virtual_environment_do_not_execute	700	188ec05f0d30c036a65a29534c304250da629a0d	yk-development-tools/.venv/Lib/site-packages/pip/_vendor/requests/__pycache__/certs.cpython-312.pyc
vendored_virtual_environment_do_not_execute	2072	416f4bae8a7fb288ad997eed8dd31677c73c19f5	yk-development-tools/.venv/Lib/site-packages/pip/_vendor/requests/__pycache__/compat.cpython-312.pyc
vendored_virtual_environment_do_not_execute	28387	de1d037271635677501fd4aeb177bd415ab6ff9e	yk-development-tools/.venv/Lib/site-packages/pip/_vendor/requests/__pycache__/cookies.cpython-312.pyc
vendored_virtual_environment_do_not_execute	7986	5a65955b9d42a9b108cd54557984cb9be16d3122	yk-development-tools/.venv/Lib/site-packages/pip/_vendor/requests/__pycache__/exceptions.cpython-312.pyc
vendored_virtual_environment_do_not_execute	4241	2ef16a47ce73d4e4efe7d2c906db2ae9740b2598	yk-development-tools/.venv/Lib/site-packages/pip/_vendor/requests/__pycache__/help.cpython-312.pyc
vendored_virtual_environment_do_not_execute	1607	fd8b7bb113e7139b094d38cd6f731d08267fca5a	yk-development-tools/.venv/Lib/site-packages/pip/_vendor/requests/__pycache__/hooks.cpython-312.pyc
vendored_virtual_environment_do_not_execute	42004	03806796c0da8758961d0f6d68b44ce0130a6221	yk-development-tools/.venv/Lib/site-packages/pip/_vendor/requests/__pycache__/models.cpython-312.pyc
vendored_virtual_environment_do_not_execute	1288	04ba2779860d8e6c55f43ba9599d3f5b8612bb58	yk-development-tools/.venv/Lib/site-packages/pip/_vendor/requests/__pycache__/packages.cpython-312.pyc
vendored_virtual_environment_do_not_execute	31930	c71b61179d23b9a809dc4dda7e9ff405c42e57e7	yk-development-tools/.venv/Lib/site-packages/pip/_vendor/requests/__pycache__/sessions.cpython-312.pyc
vendored_virtual_environment_do_not_execute	6162	23ecdf95d7bdd7616a9c8fb0e0ba59e62b18cbe0	yk-development-tools/.venv/Lib/site-packages/pip/_vendor/requests/__pycache__/status_codes.cpython-312.pyc
vendored_virtual_environment_do_not_execute	7307	5cfe85fd10ef3c82b85005e11d2a4d82920e5a20	yk-development-tools/.venv/Lib/site-packages/pip/_vendor/requests/__pycache__/structures.cpython-312.pyc
vendored_virtual_environment_do_not_execute	40063	7295be7754afd21dfca48915e14c61451d340c6c	yk-development-tools/.venv/Lib/site-packages/pip/_vendor/requests/__pycache__/utils.cpython-312.pyc
vendored_virtual_environment_do_not_execute	435	fea814e58271ecb7a1088ce9ac636791a2cc1289	yk-development-tools/.venv/Lib/site-packages/pip/_vendor/requests/__version__.py
vendored_virtual_environment_do_not_execute	1542	0466a7d347db4ed34a37db51b75fc8e80bc06055	yk-development-tools/.venv/Lib/site-packages/pip/_vendor/requests/_internal_utils.py
vendored_virtual_environment_do_not_execute	5838	b2273d612b17726609afb45a29058625b79eae60	yk-development-tools/.venv/Lib/site-packages/pip/_vendor/requests/_types.py
vendored_virtual_environment_do_not_execute	28208	5bf54afa3ac2420c102365378e9dfca653876fd2	yk-development-tools/.venv/Lib/site-packages/pip/_vendor/requests/adapters.py
vendored_virtual_environment_do_not_execute	7152	eeb3b54d7f27e2c843080dfe81dfdb0d460c2b31	yk-development-tools/.venv/Lib/site-packages/pip/_vendor/requests/api.py
vendored_virtual_environment_do_not_execute	12233	2af481dbf59e31965bde74c2e27d73517a39d7ac	yk-development-tools/.venv/Lib/site-packages/pip/_vendor/requests/auth.py
vendored_virtual_environment_do_not_execute	442	c5953485fe8dc9c3bf7d02afb9b19406259b9e90	yk-development-tools/.venv/Lib/site-packages/pip/_vendor/requests/certs.py
vendored_virtual_environment_do_not_execute	2035	0cbeae64fe0a1dc069fb3ba8db538d32f5194d29	yk-development-tools/.venv/Lib/site-packages/pip/_vendor/requests/compat.py
vendored_virtual_environment_do_not_execute	21549	2e3fc215095fad13817562bbaee871cba57eec08	yk-development-tools/.venv/Lib/site-packages/pip/_vendor/requests/cookies.py
vendored_virtual_environment_do_not_execute	4576	3de8f0dc5699c0ee8e5dfbc984f9f48e42e2376b	yk-development-tools/.venv/Lib/site-packages/pip/_vendor/requests/exceptions.py
vendored_virtual_environment_do_not_execute	4114	33f2d57b4e6077289c89d1a11acd58d56a35ba3d	yk-development-tools/.venv/Lib/site-packages/pip/_vendor/requests/help.py
vendored_virtual_environment_do_not_execute	1138	11ff9e9f27e76f5ef6b9b609e88c2f418d655e16	yk-development-tools/.venv/Lib/site-packages/pip/_vendor/requests/hooks.py
vendored_virtual_environment_do_not_execute	41848	3a70ae5cd14ffea0c1bd2bfd3290c50e09ce184f	yk-development-tools/.venv/Lib/site-packages/pip/_vendor/requests/models.py
vendored_virtual_environment_do_not_execute	1057	200c38287f49ed338f30677c13543465185b0435	yk-development-tools/.venv/Lib/site-packages/pip/_vendor/requests/packages.py
vendored_virtual_environment_do_not_execute	0	e69de29bb2d1d6434b8b29ae775ad8c2e48c5391	yk-development-tools/.venv/Lib/site-packages/pip/_vendor/requests/py.typed
vendored_virtual_environment_do_not_execute	34248	feaf34053a911d4b9051069aeb57e595b4d00165	yk-development-tools/.venv/Lib/site-packages/pip/_vendor/requests/sessions.py
vendored_virtual_environment_do_not_execute	4351	6c59d6baec83bd82055106a5d2cea08fa1195274	yk-development-tools/.venv/Lib/site-packages/pip/_vendor/requests/status_codes.py
vendored_virtual_environment_do_not_execute	4134	7675eaf15a181dada66c02bb0468dc00d6f523b3	yk-development-tools/.venv/Lib/site-packages/pip/_vendor/requests/structures.py
vendored_virtual_environment_do_not_execute	36334	e2a2a321f7065e6cdc5fb5904a67fa6dcecb4ba8	yk-development-tools/.venv/Lib/site-packages/pip/_vendor/requests/utils.py
vendored_virtual_environment_do_not_execute	751	b9077766e9b9bdcae49ea5c8fced750ed13ec8f7	yk-development-tools/.venv/Lib/site-packages/pip/_vendor/resolvelib/LICENSE
vendored_virtual_environment_do_not_execute	541	4c7f815a8890a9abcc12325fb6c22164fa1d4d1c	yk-development-tools/.venv/Lib/site-packages/pip/_vendor/resolvelib/__init__.py
vendored_virtual_environment_do_not_execute	656	c75f56c0e7762f98e0b102f25026a972497de555	yk-development-tools/.venv/Lib/site-packages/pip/_vendor/resolvelib/__pycache__/__init__.cpython-312.pyc
vendored_virtual_environment_do_not_execute	10147	423d5d894ef526a659255c6cf4725b6f6fd1e137	yk-development-tools/.venv/Lib/site-packages/pip/_vendor/resolvelib/__pycache__/providers.cpython-312.pyc
vendored_virtual_environment_do_not_execute	3311	445ebcd8935bc7a52907311917645bb7ce4004e9	yk-development-tools/.venv/Lib/site-packages/pip/_vendor/resolvelib/__pycache__/reporters.cpython-312.pyc
vendored_virtual_environment_do_not_execute	12466	898c15a945aa086db13266388a046a9528fc7506	yk-development-tools/.venv/Lib/site-packages/pip/_vendor/resolvelib/__pycache__/structs.cpython-312.pyc
vendored_virtual_environment_do_not_execute	8914	524e3d83272b4a4df7850a4d8980cda4610894ee	yk-development-tools/.venv/Lib/site-packages/pip/_vendor/resolvelib/providers.py
vendored_virtual_environment_do_not_execute	0	e69de29bb2d1d6434b8b29ae775ad8c2e48c5391	yk-development-tools/.venv/Lib/site-packages/pip/_vendor/resolvelib/py.typed
vendored_virtual_environment_do_not_execute	2037	6c142204b7d2d120096a9f1851cedf7366a1c97c	yk-development-tools/.venv/Lib/site-packages/pip/_vendor/resolvelib/reporters.py
vendored_virtual_environment_do_not_execute	640	b24922152a3232fd2f95fd416ef8685280d6f55c	yk-development-tools/.venv/Lib/site-packages/pip/_vendor/resolvelib/resolvers/__init__.py
vendored_virtual_environment_do_not_execute	761	e1d81df2b93b6354c33b2da82adbf832aedec8b1	yk-development-tools/.venv/Lib/site-packages/pip/_vendor/resolvelib/resolvers/__pycache__/__init__.cpython-312.pyc
vendored_virtual_environment_do_not_execute	2467	96def384f4777a6a3dbfd57c7f828eb4c734c8f2	yk-development-tools/.venv/Lib/site-packages/pip/_vendor/resolvelib/resolvers/__pycache__/abstract.cpython-312.pyc
vendored_virtual_environment_do_not_execute	3298	3e6f40f5d952d3534c9337d18eb1fe593da5c5d2	yk-development-tools/.venv/Lib/site-packages/pip/_vendor/resolvelib/resolvers/__pycache__/criterion.cpython-312.pyc
vendored_virtual_environment_do_not_execute	4105	e192eeb613feb6d0fbca93599aab3e35961e0ed5	yk-development-tools/.venv/Lib/site-packages/pip/_vendor/resolvelib/resolvers/__pycache__/exceptions.cpython-312.pyc
vendored_virtual_environment_do_not_execute	25167	f342258a36a422c25abcdf15865a0245e1f23f95	yk-development-tools/.venv/Lib/site-packages/pip/_vendor/resolvelib/resolvers/__pycache__/resolution.cpython-312.pyc
vendored_virtual_environment_do_not_execute	1543	db32b3b51110945292a418dce28901e26e267091	yk-development-tools/.venv/Lib/site-packages/pip/_vendor/resolvelib/resolvers/abstract.py
vendored_virtual_environment_do_not_execute	1768	ee5019ccd032c415b5c2013fbebba73e3ea35672	yk-development-tools/.venv/Lib/site-packages/pip/_vendor/resolvelib/resolvers/criterion.py
vendored_virtual_environment_do_not_execute	1768	35e275576f78dc786f6ffe89c4d877830e2fc814	yk-development-tools/.venv/Lib/site-packages/pip/_vendor/resolvelib/resolvers/exceptions.py
vendored_virtual_environment_do_not_execute	24212	8c13d3b2746db0dfa45b7d0beafc1ceaa1fb497f	yk-development-tools/.venv/Lib/site-packages/pip/_vendor/resolvelib/resolvers/resolution.py
vendored_virtual_environment_do_not_execute	6420	18c74d415481f3caab86a190cca176635355bfcd	yk-development-tools/.venv/Lib/site-packages/pip/_vendor/resolvelib/structs.py
vendored_virtual_environment_do_not_execute	1056	4415505566f261c802b671426be529a31f914137	yk-development-tools/.venv/Lib/site-packages/pip/_vendor/rich/LICENSE
vendored_virtual_environment_do_not_execute	6090	73f58d7740813264d20047ffe918c82e1acc84eb	yk-development-tools/.venv/Lib/site-packages/pip/_vendor/rich/__init__.py
vendored_virtual_environment_do_not_execute	7896	a583f1efae351e9a7ed636e1460577580dc4c6b1	yk-development-tools/.venv/Lib/site-packages/pip/_vendor/rich/__main__.py
vendored_virtual_environment_do_not_execute	7037	4ec6ddaaa0adc284dab891c9f89d493148450aa9	yk-development-tools/.venv/Lib/site-packages/pip/_vendor/rich/__pycache__/__init__.cpython-312.pyc
vendored_virtual_environment_do_not_execute	9560	d18028d7af95ea98301a0f631345464bce999bed	yk-development-tools/.venv/Lib/site-packages/pip/_vendor/rich/__pycache__/__main__.cpython-312.pyc
vendored_virtual_environment_do_not_execute	7894	f48dfe3c3070a54be64a25e1fd824f4e60ccc0c8	yk-development-tools/.venv/Lib/site-packages/pip/_vendor/rich/__pycache__/_cell_widths.cpython-312.pyc
vendored_virtual_environment_do_not_execute	205998	ccc3fd0cfde5b452dae16f87f46d87622cf14eca	yk-development-tools/.venv/Lib/site-packages/pip/_vendor/rich/__pycache__/_emoji_codes.cpython-312.pyc
vendored_virtual_environment_do_not_execute	1751	fb85b70dbd26f769cafcf69bf7fd02f38596212f	yk-development-tools/.venv/Lib/site-packages/pip/_vendor/rich/__pycache__/_emoji_replace.cpython-312.pyc
vendored_virtual_environment_do_not_execute	2371	d6070a9a336c641913802e25b81e6d8a24225966	yk-development-tools/.venv/Lib/site-packages/pip/_vendor/rich/__pycache__/_export_format.cpython-312.pyc
vendored_virtual_environment_do_not_execute	559	080264ddfe6fa3e829921e9331406267bf3d1345	yk-development-tools/.venv/Lib/site-packages/pip/_vendor/rich/__pycache__/_extension.cpython-312.pyc
vendored_virtual_environment_do_not_execute	877	6b3076d91fcd3af379a2f4b5d20d92388777d137	yk-development-tools/.venv/Lib/site-packages/pip/_vendor/rich/__pycache__/_fileno.cpython-312.pyc
vendored_virtual_environment_do_not_execute	12045	99a30572ae79ca5f39327c8e1882d5c5c7ddbe43	yk-development-tools/.venv/Lib/site-packages/pip/_vendor/rich/__pycache__/_inspect.cpython-312.pyc
vendored_virtual_environment_do_not_execute	4169	4a1b1fcfb01a4a4900a6563524303afd773a50f3	yk-development-tools/.venv/Lib/site-packages/pip/_vendor/rich/__pycache__/_log_render.cpython-312.pyc
vendored_virtual_environment_do_not_execute	1892	96ccbb8a4fdec44707e728d1626c1ba233fe0555	yk-development-tools/.venv/Lib/site-packages/pip/_vendor/rich/__pycache__/_loop.cpython-312.pyc
vendored_virtual_environment_do_not_execute	3651	b81f95a8b08f2ae6cef1daf15bb84393d18e9992	yk-development-tools/.venv/Lib/site-packages/pip/_vendor/rich/__pycache__/_null_file.cpython-312.pyc
vendored_virtual_environment_do_not_execute	5182	e2d8b8f2d7a9686459ed675f8f04a08acdec7bb7	yk-development-tools/.venv/Lib/site-packages/pip/_vendor/rich/__pycache__/_palettes.cpython-312.pyc
vendored_virtual_environment_do_not_execute	743	4340bf4620e8c236f6d3b3216bb8f18d5fb66732	yk-development-tools/.venv/Lib/site-packages/pip/_vendor/rich/__pycache__/_pick.cpython-312.pyc
vendored_virtual_environment_do_not_execute	6445	487170c0ecfd6de2d81e91209ed2fc3ea71d1396	yk-development-tools/.venv/Lib/site-packages/pip/_vendor/rich/__pycache__/_ratio.cpython-312.pyc
vendored_virtual_environment_do_not_execute	13201	dcc9a63ce6e3892db70275bd2e6cd94b264ddb2c	yk-development-tools/.venv/Lib/site-packages/pip/_vendor/rich/__pycache__/_spinners.cpython-312.pyc
vendored_virtual_environment_do_not_execute	987	6de7ddaffef34830868555c9447870d2e7ca5469	yk-development-tools/.venv/Lib/site-packages/pip/_vendor/rich/__pycache__/_stack.cpython-312.pyc
vendored_virtual_environment_do_not_execute	887	27eb899d46961a01f5eef55a757f853394eae5fd	yk-development-tools/.venv/Lib/site-packages/pip/_vendor/rich/__pycache__/_timer.cpython-312.pyc
vendored_virtual_environment_do_not_execute	28833	12c8258e5914a55f015f71a32f00e786fc15f6a6	yk-development-tools/.venv/Lib/site-packages/pip/_vendor/rich/__pycache__/_win32_console.cpython-312.pyc
vendored_virtual_environment_do_not_execute	2512	00f7d0f2a86a8aff90fe28dab7cfdf2c0f8b3a4b	yk-development-tools/.venv/Lib/site-packages/pip/_vendor/rich/__pycache__/_windows.cpython-312.pyc
vendored_virtual_environment_do_not_execute	3585	58124e3f29aff8863f95ebfc8651cffac0d73492	yk-development-tools/.venv/Lib/site-packages/pip/_vendor/rich/__pycache__/_windows_renderer.cpython-312.pyc
vendored_virtual_environment_do_not_execute	3348	7a31ec4ae19c04f8c853a764b750557695b185f5	yk-development-tools/.venv/Lib/site-packages/pip/_vendor/rich/__pycache__/_wrap.cpython-312.pyc
vendored_virtual_environment_do_not_execute	1630	d4a9b9b53f981ec89c9bc3aeb1315a8ff987e42b	yk-development-tools/.venv/Lib/site-packages/pip/_vendor/rich/__pycache__/abc.cpython-312.pyc
vendored_virtual_environment_do_not_execute	12266	276b180485f136efbc96c45d8493612a38048284	yk-development-tools/.venv/Lib/site-packages/pip/_vendor/rich/__pycache__/align.cpython-312.pyc
vendored_virtual_environment_do_not_execute	9103	dc34361aca4b4f2318a46ab1f89a4d8182a3381f	yk-development-tools/.venv/Lib/site-packages/pip/_vendor/rich/__pycache__/ansi.cpython-312.pyc
vendored_virtual_environment_do_not_execute	4294	af127fe23a266ed20621f2cb5188c64723ce320b	yk-development-tools/.venv/Lib/site-packages/pip/_vendor/rich/__pycache__/bar.cpython-312.pyc
vendored_virtual_environment_do_not_execute	11713	c88533fc904223f76029398f1b5010cc455e1d47	yk-development-tools/.venv/Lib/site-packages/pip/_vendor/rich/__pycache__/box.cpython-312.pyc
vendored_virtual_environment_do_not_execute	5582	1603178370d389f2209671658d52090ec39a2733	yk-development-tools/.venv/Lib/site-packages/pip/_vendor/rich/__pycache__/cells.cpython-312.pyc
vendored_virtual_environment_do_not_execute	26574	c541db9bbe0f082ba748f76f1b930adece20593d	yk-development-tools/.venv/Lib/site-packages/pip/_vendor/rich/__pycache__/color.cpython-312.pyc
vendored_virtual_environment_do_not_execute	1723	cface72434d071ee049ab39e233db22341362d98	yk-development-tools/.venv/Lib/site-packages/pip/_vendor/rich/__pycache__/color_triplet.cpython-312.pyc
vendored_virtual_environment_do_not_execute	8606	8b4b8ace8ff91ea98726f0091bcd82ed82fe42ce	yk-development-tools/.venv/Lib/site-packages/pip/_vendor/rich/__pycache__/columns.cpython-312.pyc
vendored_virtual_environment_do_not_execute	115064	8b675c0aa20dadafd20fe02bec8ecda7e7a294b8	yk-development-tools/.venv/Lib/site-packages/pip/_vendor/rich/__pycache__/console.cpython-312.pyc
vendored_virtual_environment_do_not_execute	2280	51a9764e8624a4e7d04f240330ddab4b5a00819c	yk-development-tools/.venv/Lib/site-packages/pip/_vendor/rich/__pycache__/constrain.cpython-312.pyc
vendored_virtual_environment_do_not_execute	9232	28f459499c7af12ac69a02e34b7321405a81fc07	yk-development-tools/.venv/Lib/site-packages/pip/_vendor/rich/__pycache__/containers.cpython-312.pyc
vendored_virtual_environment_do_not_execute	10818	710221a093ba15c3c70e5bd516da47d2f8d14b92	yk-development-tools/.venv/Lib/site-packages/pip/_vendor/rich/__pycache__/control.cpython-312.pyc
vendored_virtual_environment_do_not_execute	10543	ca1d4824f4bc6adda43cc304a4ecb2f65f0ad2d7	yk-development-tools/.venv/Lib/site-packages/pip/_vendor/rich/__pycache__/default_styles.cpython-312.pyc
vendored_virtual_environment_do_not_execute	1543	49d976d867e7c2479828f3e0af917f8a1cdf51f5	yk-development-tools/.venv/Lib/site-packages/pip/_vendor/rich/__pycache__/diagnose.cpython-312.pyc
vendored_virtual_environment_do_not_execute	4103	e2f890e67c10d017c5a694939bd45f41f9d77744	yk-development-tools/.venv/Lib/site-packages/pip/_vendor/rich/__pycache__/emoji.cpython-312.pyc
vendored_virtual_environment_do_not_execute	1867	c1d0bc05ab635da3c59ad6d2080d4456249036e4	yk-development-tools/.venv/Lib/site-packages/pip/_vendor/rich/__pycache__/errors.cpython-312.pyc
vendored_virtual_environment_do_not_execute	3593	322cd9f361722d733eb5ed976de8e13a536931a8	yk-development-tools/.venv/Lib/site-packages/pip/_vendor/rich/__pycache__/file_proxy.cpython-312.pyc
vendored_virtual_environment_do_not_execute	3069	9c208b679946c92eb1f3283129a34b14e7a6b7af	yk-development-tools/.venv/Lib/site-packages/pip/_vendor/rich/__pycache__/filesize.cpython-312.pyc
vendored_virtual_environment_do_not_execute	9910	514a0ea1d5ed9cc116cb4740938440491ace931c	yk-development-tools/.venv/Lib/site-packages/pip/_vendor/rich/__pycache__/highlighter.cpython-312.pyc
vendored_virtual_environment_do_not_execute	6057	14bac39c7ee2ef190c09ab05ed3b6265e65c4c27	yk-development-tools/.venv/Lib/site-packages/pip/_vendor/rich/__pycache__/json.cpython-312.pyc
vendored_virtual_environment_do_not_execute	5230	257ccf7aecafd66cbb19445bc90ecd63153d6d64	yk-development-tools/.venv/Lib/site-packages/pip/_vendor/rich/__pycache__/jupyter.cpython-312.pyc
vendored_virtual_environment_do_not_execute	20180	3337f558568dc9f65890c389808356ae5e0c7856	yk-development-tools/.venv/Lib/site-packages/pip/_vendor/rich/__pycache__/layout.cpython-312.pyc
vendored_virtual_environment_do_not_execute	20015	7a0d2b2f6e82b99ff2fe946bfabeec09c9db4a6a	yk-development-tools/.venv/Lib/site-packages/pip/_vendor/rich/__pycache__/live.cpython-312.pyc
vendored_virtual_environment_do_not_execute	4767	47e9bf5910d8e9182000d4dbc058d06c185e7b02	yk-development-tools/.venv/Lib/site-packages/pip/_vendor/rich/__pycache__/live_render.cpython-312.pyc
vendored_virtual_environment_do_not_execute	14096	858e1558f16dd86537ddf02b75795dc2b4f223a7	yk-development-tools/.venv/Lib/site-packages/pip/_vendor/rich/__pycache__/logging.cpython-312.pyc
vendored_virtual_environment_do_not_execute	9589	a90f4e47b6de89a882f7557b3cdcfca3f52d5e5d	yk-development-tools/.venv/Lib/site-packages/pip/_vendor/rich/__pycache__/markup.cpython-312.pyc
vendored_virtual_environment_do_not_execute	6400	9c6df8175f0bbe565bbca6d62d0d8f664e924376	yk-development-tools/.venv/Lib/site-packages/pip/_vendor/rich/__pycache__/measure.cpython-312.pyc
vendored_virtual_environment_do_not_execute	6955	2da285f3c5da6554cc6e785d029c7995709a14c1	yk-development-tools/.venv/Lib/site-packages/pip/_vendor/rich/__pycache__/padding.cpython-312.pyc
vendored_virtual_environment_do_not_execute	1833	5c418076889786adf36eb6fe410e9d5e1d52eac9	yk-development-tools/.venv/Lib/site-packages/pip/_vendor/rich/__pycache__/pager.cpython-312.pyc
vendored_virtual_environment_do_not_execute	5319	1c2ee3ba36ead75d48f698ef38ea56dba12d3f3a	yk-development-tools/.venv/Lib/site-packages/pip/_vendor/rich/__pycache__/palette.cpython-312.pyc
vendored_virtual_environment_do_not_execute	12746	732318bbe3421676077928cbb8a90c7374682cf3	yk-development-tools/.venv/Lib/site-packages/pip/_vendor/rich/__pycache__/panel.cpython-312.pyc
vendored_virtual_environment_do_not_execute	40633	8060f5057744034e883aa545547a9a1ad8225eb8	yk-development-tools/.venv/Lib/site-packages/pip/_vendor/rich/__pycache__/pretty.cpython-312.pyc
vendored_virtual_environment_do_not_execute	74961	00cef434d93c29d00e87d00564e9b85181613672	yk-development-tools/.venv/Lib/site-packages/pip/_vendor/rich/__pycache__/progress.cpython-312.pyc
vendored_virtual_environment_do_not_execute	10399	85478e708ed0246027aabb50c07c1371bdcf34dd	yk-development-tools/.venv/Lib/site-packages/pip/_vendor/rich/__pycache__/progress_bar.cpython-312.pyc
vendored_virtual_environment_do_not_execute	16027	18af9ad1ed9dd10e49653e59c91958306efc4f61	yk-development-tools/.venv/Lib/site-packages/pip/_vendor/rich/__pycache__/prompt.cpython-312.pyc
vendored_virtual_environment_do_not_execute	1814	5a23f7ebabf772a16b59b9cdff057f0f0ecd1bb4	yk-development-tools/.venv/Lib/site-packages/pip/_vendor/rich/__pycache__/protocol.cpython-312.pyc
vendored_virtual_environment_do_not_execute	589	f6cc7ff72b25df2741c09af6ab54dd54416a8a7c	yk-development-tools/.venv/Lib/site-packages/pip/_vendor/rich/__pycache__/region.cpython-312.pyc
vendored_virtual_environment_do_not_execute	6635	3e5ae4418a0c24b52e9edb0c8e848a4171602f40	yk-development-tools/.venv/Lib/site-packages/pip/_vendor/rich/__pycache__/repr.cpython-312.pyc
vendored_virtual_environment_do_not_execute	6590	07c7a4a5487701ccabb7bcb7aadced8acd0440aa	yk-development-tools/.venv/Lib/site-packages/pip/_vendor/rich/__pycache__/rule.cpython-312.pyc
vendored_virtual_environment_do_not_execute	3847	e277d0eb9c3a97684c933223940b3982b0ab4a75	yk-development-tools/.venv/Lib/site-packages/pip/_vendor/rich/__pycache__/scope.cpython-312.pyc
vendored_virtual_environment_do_not_execute	2501	41b35a6560357003bc7791cba5d625f67e8bb2ff	yk-development-tools/.venv/Lib/site-packages/pip/_vendor/rich/__pycache__/screen.cpython-312.pyc
vendored_virtual_environment_do_not_execute	28559	9cc393f036dc23ab7c5d3f295a6eb974e6adf40c	yk-development-tools/.venv/Lib/site-packages/pip/_vendor/rich/__pycache__/segment.cpython-312.pyc
vendored_virtual_environment_do_not_execute	5945	6315b9153f2c52954a2fac803fcc432acabaca20	yk-development-tools/.venv/Lib/site-packages/pip/_vendor/rich/__pycache__/spinner.cpython-312.pyc
vendored_virtual_environment_do_not_execute	6083	5f7ee1f59ee0c6b5d563fcba628eafca42db0f1a	yk-development-tools/.venv/Lib/site-packages/pip/_vendor/rich/__pycache__/status.cpython-312.pyc
vendored_virtual_environment_do_not_execute	33439	df3c3788ee8e442b6ccb28aa1f3f6561e1e10806	yk-development-tools/.venv/Lib/site-packages/pip/_vendor/rich/__pycache__/style.cpython-312.pyc
vendored_virtual_environment_do_not_execute	2161	b6b45cdcf5dbc085aff313db1f6dab977f128ca2	yk-development-tools/.venv/Lib/site-packages/pip/_vendor/rich/__pycache__/styled.cpython-312.pyc
vendored_virtual_environment_do_not_execute	40985	3896881bf0a60f5c5e42d184624bbe711a61f13b	yk-development-tools/.venv/Lib/site-packages/pip/_vendor/rich/__pycache__/syntax.cpython-312.pyc
vendored_virtual_environment_do_not_execute	43859	31b1f1b8b3ac12f847a7c661380100b2cc32f9f8	yk-development-tools/.venv/Lib/site-packages/pip/_vendor/rich/__pycache__/table.cpython-312.pyc
vendored_virtual_environment_do_not_execute	3370	1051168f9547437cfec52b08b5d9a6f42902d588	yk-development-tools/.venv/Lib/site-packages/pip/_vendor/rich/__pycache__/terminal_theme.cpython-312.pyc
vendored_virtual_environment_do_not_execute	61232	6c72a3f5e336fea4b374ba0fb541293b0aee6f92	yk-development-tools/.venv/Lib/site-packages/pip/_vendor/rich/__pycache__/text.cpython-312.pyc
vendored_virtual_environment_do_not_execute	6349	fac01b4adf35d4363b59a1286aa1c709645d6622	yk-development-tools/.venv/Lib/site-packages/pip/_vendor/rich/__pycache__/theme.cpython-312.pyc
vendored_virtual_environment_do_not_execute	336	123d635616c98c5b83da8f772f61a7f2d95c46d8	yk-development-tools/.venv/Lib/site-packages/pip/_vendor/rich/__pycache__/themes.cpython-312.pyc
vendored_virtual_environment_do_not_execute	36195	0da0287d72d87f8376f2d870d99f087a03e86e2f	yk-development-tools/.venv/Lib/site-packages/pip/_vendor/rich/__pycache__/traceback.cpython-312.pyc
vendored_virtual_environment_do_not_execute	11815	0b0ef81aff207763353521acdb75254ba3f1b704	yk-development-tools/.venv/Lib/site-packages/pip/_vendor/rich/__pycache__/tree.cpython-312.pyc
vendored_virtual_environment_do_not_execute	10209	608ae3a75d16ef5af4a6afcc1958b03239f2067e	yk-development-tools/.venv/Lib/site-packages/pip/_vendor/rich/_cell_widths.py
vendored_virtual_environment_do_not_execute	140235	1f2877bb2bd520253502b1c05bb811bb0d7ef64c	yk-development-tools/.venv/Lib/site-packages/pip/_vendor/rich/_emoji_codes.py
vendored_virtual_environment_do_not_execute	1064	bb2cafa18011e7115773055338291c366f173d6f	yk-development-tools/.venv/Lib/site-packages/pip/_vendor/rich/_emoji_replace.py
vendored_virtual_environment_do_not_execute	2128	e7527e52f6613328630fc6305f957d9ea58027d8	yk-development-tools/.venv/Lib/site-packages/pip/_vendor/rich/_export_format.py
vendored_virtual_environment_do_not_execute	265	cbd6da9be4956ce8558304ed72ffbe88ccd22ba5	yk-development-tools/.venv/Lib/site-packages/pip/_vendor/rich/_extension.py
vendored_virtual_environment_do_not_execute	799	b17ee6511742d7a8d5950bf0ee57ced4d5fd45c2	yk-development-tools/.venv/Lib/site-packages/pip/_vendor/rich/_fileno.py
vendored_virtual_environment_do_not_execute	9656	27d65cec93bda5c7a97c2bb2117938dc0142ff8b	yk-development-tools/.venv/Lib/site-packages/pip/_vendor/rich/_inspect.py
vendored_virtual_environment_do_not_execute	3225	fc16c84437a8a34231c44d3f0a331459ddcb0f34	yk-development-tools/.venv/Lib/site-packages/pip/_vendor/rich/_log_render.py
vendored_virtual_environment_do_not_execute	1236	01c6cafbe53f1fcb12f7b382b2b35e2fd2c69933	yk-development-tools/.venv/Lib/site-packages/pip/_vendor/rich/_loop.py
vendored_virtual_environment_do_not_execute	1394	6ae05d3e2a901af754b1626d911ebc3c45e22a40	yk-development-tools/.venv/Lib/site-packages/pip/_vendor/rich/_null_file.py
vendored_virtual_environment_do_not_execute	7063	3c748d33e45bfcdc690ceee490cbb50b516cd2b3	yk-development-tools/.venv/Lib/site-packages/pip/_vendor/rich/_palettes.py
vendored_virtual_environment_do_not_execute	423	4f6d8b2d79406012c5f8bae9c289ed5bf4d179cc	yk-development-tools/.venv/Lib/site-packages/pip/_vendor/rich/_pick.py
vendored_virtual_environment_do_not_execute	5325	5fd5a383d22367f4167731465a12a74a20a8cda4	yk-development-tools/.venv/Lib/site-packages/pip/_vendor/rich/_ratio.py
vendored_virtual_environment_do_not_execute	19919	d0bb1fe751677f0ee83fc6bb876ed72443fdcde7	yk-development-tools/.venv/Lib/site-packages/pip/_vendor/rich/_spinners.py
vendored_virtual_environment_do_not_execute	351	194564e761ddae165b39ef6598877e2e3820af0a	yk-development-tools/.venv/Lib/site-packages/pip/_vendor/rich/_stack.py
vendored_virtual_environment_do_not_execute	417	a2ca6be03c43054caaa3660998273ebf704345dd	yk-development-tools/.venv/Lib/site-packages/pip/_vendor/rich/_timer.py
vendored_virtual_environment_do_not_execute	22755	2eba1b9b4ab8492d1c2174905e4cbaf1ff185eca	yk-development-tools/.venv/Lib/site-packages/pip/_vendor/rich/_win32_console.py
vendored_virtual_environment_do_not_execute	1925	7520a9f90a5bcb0ec89ffef4d77136a296e08b4e	yk-development-tools/.venv/Lib/site-packages/pip/_vendor/rich/_windows.py
vendored_virtual_environment_do_not_execute	2783	5ece05649e7268a75c82de6ced552619ffc093ab	yk-development-tools/.venv/Lib/site-packages/pip/_vendor/rich/_windows_renderer.py
vendored_virtual_environment_do_not_execute	3404	2e94ff6f43adfb6a6900a3a2147781e91220b189	yk-development-tools/.venv/Lib/site-packages/pip/_vendor/rich/_wrap.py
vendored_virtual_environment_do_not_execute	890	e6e498efabfab0dcf31cd7731f8f821cc423bc4f	yk-development-tools/.venv/Lib/site-packages/pip/_vendor/rich/abc.py
vendored_virtual_environment_do_not_execute	10324	e65dc5ba256b2ac2085280037598c04fcb635cf0	yk-development-tools/.venv/Lib/site-packages/pip/_vendor/rich/align.py
vendored_virtual_environment_do_not_execute	6921	7de86ce5043feeee4b6c28302cc1e72c2ad4cfe1	yk-development-tools/.venv/Lib/site-packages/pip/_vendor/rich/ansi.py
vendored_virtual_environment_do_not_execute	3263	022284b57881d8b133aced5b5a843e6447bb4e0b	yk-development-tools/.venv/Lib/site-packages/pip/_vendor/rich/bar.py
vendored_virtual_environment_do_not_execute	10686	3f330ccb57bc45f4dd788f1114a727afe1cdaa36	yk-development-tools/.venv/Lib/site-packages/pip/_vendor/rich/box.py
vendored_virtual_environment_do_not_execute	5130	a85462271c9a14f88fda9a3954f98e857fb5aac8	yk-development-tools/.venv/Lib/site-packages/pip/_vendor/rich/cells.py
vendored_virtual_environment_do_not_execute	18211	e2c23a6a91b833fd9bb20bd5238421a5c0f08df3	yk-development-tools/.venv/Lib/site-packages/pip/_vendor/rich/color.py
vendored_virtual_environment_do_not_execute	1054	02cab328251af9bfa809981aaa44933c407e2cd7	yk-development-tools/.venv/Lib/site-packages/pip/_vendor/rich/color_triplet.py
vendored_virtual_environment_do_not_execute	7131	669a3a7074f9a9e1af29cb4bc78b05851df67959	yk-development-tools/.venv/Lib/site-packages/pip/_vendor/rich/columns.py
vendored_virtual_environment_do_not_execute	100849	db2ba55abd1a6dfc62331837cd51036b2300d98a	yk-development-tools/.venv/Lib/site-packages/pip/_vendor/rich/console.py
vendored_virtual_environment_do_not_execute	1288	65fdf56342e8b5b8e181914881025231684e1871	yk-development-tools/.venv/Lib/site-packages/pip/_vendor/rich/constrain.py
vendored_virtual_environment_do_not_execute	5502	901ff8ba6ea0836481a015ed5c627889cc416c03	yk-development-tools/.venv/Lib/site-packages/pip/_vendor/rich/containers.py
vendored_virtual_environment_do_not_execute	6487	84963e9dd61f3ae53945ca26b840f26e6d81af5d	yk-development-tools/.venv/Lib/site-packages/pip/_vendor/rich/control.py
vendored_virtual_environment_do_not_execute	8257	61797bf312c5498dd077a90e72f191eb4cd112ca	yk-development-tools/.venv/Lib/site-packages/pip/_vendor/rich/default_styles.py
vendored_virtual_environment_do_not_execute	1025	92893b32c54f380b2b007145f7f33641131cddfb	yk-development-tools/.venv/Lib/site-packages/pip/_vendor/rich/diagnose.py
vendored_virtual_environment_do_not_execute	2367	4a667edde73ac5e0077cd888f9d6bbc2da5bd156	yk-development-tools/.venv/Lib/site-packages/pip/_vendor/rich/emoji.py
vendored_virtual_environment_do_not_execute	642	0bcbe53ef59373c608e62ea285536f8b22b47ecb	yk-development-tools/.venv/Lib/site-packages/pip/_vendor/rich/errors.py
vendored_virtual_environment_do_not_execute	1683	4b0b0da6c2a62b2b1468c35ddd69f1bbb9b91aa8	yk-development-tools/.venv/Lib/site-packages/pip/_vendor/rich/file_proxy.py
vendored_virtual_environment_do_not_execute	2484	83bc9118d2bdb8983f863063687c2ea394a9abb1	yk-development-tools/.venv/Lib/site-packages/pip/_vendor/rich/filesize.py
vendored_virtual_environment_do_not_execute	9586	e4c462e2b632a268ecfb4772320206b94a3d859c	yk-development-tools/.venv/Lib/site-packages/pip/_vendor/rich/highlighter.py
vendored_virtual_environment_do_not_execute	5031	4087c79bb32dac587fd4ffeb3b880a619cb08c80	yk-development-tools/.venv/Lib/site-packages/pip/_vendor/rich/json.py
vendored_virtual_environment_do_not_execute	3252	22f4d716ac9764ee18005b9b852946d614152375	yk-development-tools/.venv/Lib/site-packages/pip/_vendor/rich/jupyter.py
vendored_virtual_environment_do_not_execute	14004	a6f1a31b294101b04ec21432632889372b8ca446	yk-development-tools/.venv/Lib/site-packages/pip/_vendor/rich/layout.py
vendored_virtual_environment_do_not_execute	15180	cc3a39bd5771bf0eb0e6d9675e2e7b2d55e61bfd	yk-development-tools/.venv/Lib/site-packages/pip/_vendor/rich/live.py
vendored_virtual_environment_do_not_execute	3521	d3da5111d8292774f202de5a1100c7801511ddf6	yk-development-tools/.venv/Lib/site-packages/pip/_vendor/rich/live_render.py
vendored_virtual_environment_do_not_execute	12468	08f34c70b376784474a3045fa4400eaf3c978500	yk-development-tools/.venv/Lib/site-packages/pip/_vendor/rich/logging.py
vendored_virtual_environment_do_not_execute	8451	f6171878f823183ee8f77195b3e944be222006dc	yk-development-tools/.venv/Lib/site-packages/pip/_vendor/rich/markup.py
vendored_virtual_environment_do_not_execute	5305	a508ffa80bd715b47c190ed9d747dbc388fa5b19	yk-development-tools/.venv/Lib/site-packages/pip/_vendor/rich/measure.py
vendored_virtual_environment_do_not_execute	4908	0161cd18219e51a3f3124df5ac15e6fe6a6ee418	yk-development-tools/.venv/Lib/site-packages/pip/_vendor/rich/padding.py
vendored_virtual_environment_do_not_execute	828	a3f7aa62af1ee2690e1e17ee41f3c368953625b8	yk-development-tools/.venv/Lib/site-packages/pip/_vendor/rich/pager.py
vendored_virtual_environment_do_not_execute	3396	fa0c4dd40381addf5b42fae4228b6d8fef03abd9	yk-development-tools/.venv/Lib/site-packages/pip/_vendor/rich/palette.py
vendored_virtual_environment_do_not_execute	11157	07587e3b3388b61e79591637f08fab3499af80a4	yk-development-tools/.venv/Lib/site-packages/pip/_vendor/rich/panel.py
vendored_virtual_environment_do_not_execute	36391	c4a274f8cd72ecdcff6ac13e2eb473983998904d	yk-development-tools/.venv/Lib/site-packages/pip/_vendor/rich/pretty.py
vendored_virtual_environment_do_not_execute	60408	ef6ad60f08dc91c937fc98784fddfc289de4c8f4	yk-development-tools/.venv/Lib/site-packages/pip/_vendor/rich/progress.py
vendored_virtual_environment_do_not_execute	8162	41794f767877ad6330541c076801c8e76e324bbe	yk-development-tools/.venv/Lib/site-packages/pip/_vendor/rich/progress_bar.py
vendored_virtual_environment_do_not_execute	12447	fccb70dbd298389742c6310b740099ee91d49278	yk-development-tools/.venv/Lib/site-packages/pip/_vendor/rich/prompt.py
vendored_virtual_environment_do_not_execute	1391	12ab23713a70dda46edd300bd975b02bfb2be031	yk-development-tools/.venv/Lib/site-packages/pip/_vendor/rich/protocol.py
vendored_virtual_environment_do_not_execute	0	e69de29bb2d1d6434b8b29ae775ad8c2e48c5391	yk-development-tools/.venv/Lib/site-packages/pip/_vendor/rich/py.typed
vendored_virtual_environment_do_not_execute	166	75b3631c3879294549f1f27418859aefb63925a7	yk-development-tools/.venv/Lib/site-packages/pip/_vendor/rich/region.py
vendored_virtual_environment_do_not_execute	4431	10efc427c35e9d7fe058809f8e7c278dff46db0f	yk-development-tools/.venv/Lib/site-packages/pip/_vendor/rich/repr.py
vendored_virtual_environment_do_not_execute	4602	fd00ce6e4cea506f3ab08e6412d2eb6443ef582c	yk-development-tools/.venv/Lib/site-packages/pip/_vendor/rich/rule.py
vendored_virtual_environment_do_not_execute	2843	c9d134cc3cedae929e5bef2b5547f7e33dc10a52	yk-development-tools/.venv/Lib/site-packages/pip/_vendor/rich/scope.py
vendored_virtual_environment_do_not_execute	1591	7f416e1e799abfbf62382456020cc8e59e5cf01f	yk-development-tools/.venv/Lib/site-packages/pip/_vendor/rich/screen.py
vendored_virtual_environment_do_not_execute	24743	4b5f997922172c292782e3017938e97fbf1c6078	yk-development-tools/.venv/Lib/site-packages/pip/_vendor/rich/segment.py
vendored_virtual_environment_do_not_execute	4214	a3a3caf84c6acc6f4c7c3f18050d35b08b06b69c	yk-development-tools/.venv/Lib/site-packages/pip/_vendor/rich/spinner.py
vendored_virtual_environment_do_not_execute	4424	65744838e3fcd7365ce6f268fe511d75d55e6a07	yk-development-tools/.venv/Lib/site-packages/pip/_vendor/rich/status.py
vendored_virtual_environment_do_not_execute	26990	5294241892f953a15476842916f3012deb656204	yk-development-tools/.venv/Lib/site-packages/pip/_vendor/rich/style.py
vendored_virtual_environment_do_not_execute	1258	91cd0db31c14e30d4c1e2e9f36382b7a5e022870	yk-development-tools/.venv/Lib/site-packages/pip/_vendor/rich/styled.py
vendored_virtual_environment_do_not_execute	36371	ec0d903e028a8e3f1490d54eea9025981f9ae8ed	yk-development-tools/.venv/Lib/site-packages/pip/_vendor/rich/syntax.py
vendored_virtual_environment_do_not_execute	40049	2b9e3b5d7e8904c83ed813c0d20bde44830b4457	yk-development-tools/.venv/Lib/site-packages/pip/_vendor/rich/table.py
vendored_virtual_environment_do_not_execute	3370	565e9d960f8604c487e063ad9ed3f6f63027f3b4	yk-development-tools/.venv/Lib/site-packages/pip/_vendor/rich/terminal_theme.py
vendored_virtual_environment_do_not_execute	47552	5a0c6b142b82ea440b37bc4253063a45e19512bf	yk-development-tools/.venv/Lib/site-packages/pip/_vendor/rich/text.py
vendored_virtual_environment_do_not_execute	3771	227f1d8635f8ba915153b21a6b925643a11d286e	yk-development-tools/.venv/Lib/site-packages/pip/_vendor/rich/theme.py
vendored_virtual_environment_do_not_execute	102	bf6db104a2c4fd4f3dc699e85f2b262c3d31e9a0	yk-development-tools/.venv/Lib/site-packages/pip/_vendor/rich/themes.py
vendored_virtual_environment_do_not_execute	35861	01b2f5023bb9b904cd2d1ca8ab569ce6df13df32	yk-development-tools/.venv/Lib/site-packages/pip/_vendor/rich/traceback.py
vendored_virtual_environment_do_not_execute	9451	27c5cf7b2390b43c1b24541ba967777d43c893b7	yk-development-tools/.venv/Lib/site-packages/pip/_vendor/rich/tree.py
vendored_virtual_environment_do_not_execute	1072	e859590f886cd78344206af1a8ccb3080d4385e0	yk-development-tools/.venv/Lib/site-packages/pip/_vendor/tomli/LICENSE
vendored_virtual_environment_do_not_execute	314	ebe90013092f032a79946b153eea68ef9865b0f2	yk-development-tools/.venv/Lib/site-packages/pip/_vendor/tomli/__init__.py
vendored_virtual_environment_do_not_execute	360	59b150d57166c2e2d3f87cf56062fa203ddb1b6d	yk-development-tools/.venv/Lib/site-packages/pip/_vendor/tomli/__pycache__/__init__.cpython-312.pyc
vendored_virtual_environment_do_not_execute	29834	b84aaba03784481557ba5de99a88eb0cb4d3dd87	yk-development-tools/.venv/Lib/site-packages/pip/_vendor/tomli/__pycache__/_parser.cpython-312.pyc
vendored_virtual_environment_do_not_execute	4296	d7597b92207800f8fb286320d16fdd0bf201ab6b	yk-development-tools/.venv/Lib/site-packages/pip/_vendor/tomli/__pycache__/_re.cpython-312.pyc
vendored_virtual_environment_do_not_execute	388	63cc2333c9bb2ce5c66dcba10ade66002d25b8de	yk-development-tools/.venv/Lib/site-packages/pip/_vendor/tomli/__pycache__/_types.cpython-312.pyc
vendored_virtual_environment_do_not_execute	26440	41b06418805bdfe2b5fba390566aaa4d274f829e	yk-development-tools/.venv/Lib/site-packages/pip/_vendor/tomli/_parser.py
vendored_virtual_environment_do_not_execute	3396	fc374ed63d3e3742a97134349fc25b14223ab57b	yk-development-tools/.venv/Lib/site-packages/pip/_vendor/tomli/_re.py
vendored_virtual_environment_do_not_execute	254	d949412e03b29d70592c7721fe747e5085c2e280	yk-development-tools/.venv/Lib/site-packages/pip/_vendor/tomli/_types.py
vendored_virtual_environment_do_not_execute	26	7632ecf77545c5e5501cb3fc5719df0761104ca2	yk-development-tools/.venv/Lib/site-packages/pip/_vendor/tomli/py.typed
vendored_virtual_environment_do_not_execute	1072	e859590f886cd78344206af1a8ccb3080d4385e0	yk-development-tools/.venv/Lib/site-packages/pip/_vendor/tomli_w/LICENSE
vendored_virtual_environment_do_not_execute	169	6349c1f05bc67de0f06b71b3021143c46f583b11	yk-development-tools/.venv/Lib/site-packages/pip/_vendor/tomli_w/__init__.py
vendored_virtual_environment_do_not_execute	349	1b74dbf12e57a3c120197e4c1595870254adb591	yk-development-tools/.venv/Lib/site-packages/pip/_vendor/tomli_w/__pycache__/__init__.cpython-312.pyc
vendored_virtual_environment_do_not_execute	10371	5a4e36c5e5f4ed7c747822559a8b8163cece57cb	yk-development-tools/.venv/Lib/site-packages/pip/_vendor/tomli_w/__pycache__/_writer.cpython-312.pyc
vendored_virtual_environment_do_not_execute	6961	b1acd3f26bae62f5d64d9c97436acaab26a0faee	yk-development-tools/.venv/Lib/site-packages/pip/_vendor/tomli_w/_writer.py
vendored_virtual_environment_do_not_execute	26	7632ecf77545c5e5501cb3fc5719df0761104ca2	yk-development-tools/.venv/Lib/site-packages/pip/_vendor/tomli_w/py.typed
vendored_virtual_environment_do_not_execute	1086	7ec568c1136eb8ec86aa05cf7abacfb54c3e5ead	yk-development-tools/.venv/Lib/site-packages/pip/_vendor/truststore/LICENSE
vendored_virtual_environment_do_not_execute	1320	0166459b40f13bf0f130dc0230af4cb52ea275f9	yk-development-tools/.venv/Lib/site-packages/pip/_vendor/truststore/__init__.py
vendored_virtual_environment_do_not_execute	1474	b67b864cbbf4368eb2f8b8365aa39beb4a14ab91	yk-development-tools/.venv/Lib/site-packages/pip/_vendor/truststore/__pycache__/__init__.cpython-312.pyc
vendored_virtual_environment_do_not_execute	17554	bfba3608ddefdc30205b6a00e0192dc3b99c29b1	yk-development-tools/.venv/Lib/site-packages/pip/_vendor/truststore/__pycache__/_api.cpython-312.pyc
vendored_virtual_environment_do_not_execute	19009	c3ca8913c25637b61411e4ea641593311c6ec2b7	yk-development-tools/.venv/Lib/site-packages/pip/_vendor/truststore/__pycache__/_macos.cpython-312.pyc
vendored_virtual_environment_do_not_execute	2278	3b8704e52e7b527906aad52d73d786f0b26d017b	yk-development-tools/.venv/Lib/site-packages/pip/_vendor/truststore/__pycache__/_openssl.cpython-312.pyc
vendored_virtual_environment_do_not_execute	1121	eeb5c72d52f2b18307e940a7c50f1317a5e7d5ac	yk-development-tools/.venv/Lib/site-packages/pip/_vendor/truststore/__pycache__/_ssl_constants.cpython-312.pyc
vendored_virtual_environment_do_not_execute	15787	7d217e71c48fa96cd56041873127c378a4a3b9d8	yk-development-tools/.venv/Lib/site-packages/pip/_vendor/truststore/__pycache__/_windows.cpython-312.pyc
vendored_virtual_environment_do_not_execute	11413	a54ff9f22cd28eddfdb68fbf409c927b2858385d	yk-development-tools/.venv/Lib/site-packages/pip/_vendor/truststore/_api.py
vendored_virtual_environment_do_not_execute	20503	345030772441102eda1be73661469a5f726d668a	yk-development-tools/.venv/Lib/site-packages/pip/_vendor/truststore/_macos.py
vendored_virtual_environment_do_not_execute	2412	3e25a56773aa5d796581eb41415dda5087eb1460	yk-development-tools/.venv/Lib/site-packages/pip/_vendor/truststore/_openssl.py
vendored_virtual_environment_do_not_execute	1130	b1ee7a3cb13a8a3482f2cb8cadef097087e3780b	yk-development-tools/.venv/Lib/site-packages/pip/_vendor/truststore/_ssl_constants.py
vendored_virtual_environment_do_not_execute	17993	a9bf9abdfc8ed065a2253af17daa07cce4009022	yk-development-tools/.venv/Lib/site-packages/pip/_vendor/truststore/_windows.py
vendored_virtual_environment_do_not_execute	0	e69de29bb2d1d6434b8b29ae775ad8c2e48c5391	yk-development-tools/.venv/Lib/site-packages/pip/_vendor/truststore/py.typed
vendored_virtual_environment_do_not_execute	1093	e6183d0276b26c5b87aecccf8d0d5bcd7b1148d4	yk-development-tools/.venv/Lib/site-packages/pip/_vendor/urllib3/LICENSE.txt
vendored_virtual_environment_do_not_execute	6979	3fe782c8a45bbabcf240f3cac4303ac12b0ec274	yk-development-tools/.venv/Lib/site-packages/pip/_vendor/urllib3/__init__.py
vendored_virtual_environment_do_not_execute	7337	f3791620a2c87b408b25a6b0481c8c5d5f2aa765	yk-development-tools/.venv/Lib/site-packages/pip/_vendor/urllib3/__pycache__/__init__.cpython-312.pyc
vendored_virtual_environment_do_not_execute	6899	76e7df2ba7c1b382fc1c127148e3326092e9dfbc	yk-development-tools/.venv/Lib/site-packages/pip/_vendor/urllib3/__pycache__/_base_connection.cpython-312.pyc
vendored_virtual_environment_do_not_execute	22758	8cb60c6680ed9f958ea1b6c414361a7d2deffdcc	yk-development-tools/.venv/Lib/site-packages/pip/_vendor/urllib3/__pycache__/_collections.cpython-312.pyc
vendored_virtual_environment_do_not_execute	10629	aeb8194daa1ef0136afe6499aa807e5c9faf27ae	yk-development-tools/.venv/Lib/site-packages/pip/_vendor/urllib3/__pycache__/_request_methods.cpython-312.pyc
vendored_virtual_environment_do_not_execute	666	ac45e02495879bae0484a0f655e75c41a2fb8be6	yk-development-tools/.venv/Lib/site-packages/pip/_vendor/urllib3/__pycache__/_version.cpython-312.pyc
vendored_virtual_environment_do_not_execute	38919	4b5b791b4ff3e0fa80275c7edc7443bd5ffd528c	yk-development-tools/.venv/Lib/site-packages/pip/_vendor/urllib3/__pycache__/connection.cpython-312.pyc
vendored_virtual_environment_do_not_execute	40121	22dbf9e609da275453430cc8560e503a256a4134	yk-development-tools/.venv/Lib/site-packages/pip/_vendor/urllib3/__pycache__/connectionpool.cpython-312.pyc
vendored_virtual_environment_do_not_execute	16631	9da4ea0bf99743129a823800ae41244f714ec134	yk-development-tools/.venv/Lib/site-packages/pip/_vendor/urllib3/__pycache__/exceptions.cpython-312.pyc
vendored_virtual_environment_do_not_execute	12020	8645ce5e279e0b66a6fa7a33f80b3a5025808361	yk-development-tools/.venv/Lib/site-packages/pip/_vendor/urllib3/__pycache__/fields.cpython-312.pyc
vendored_virtual_environment_do_not_execute	3506	e79848c83d585e4c54ec28e0c08a7e6b3dc57f9c	yk-development-tools/.venv/Lib/site-packages/pip/_vendor/urllib3/__pycache__/filepost.cpython-312.pyc
vendored_virtual_environment_do_not_execute	24442	71a139d92173d565fc99f070f7b673a954a6ad33	yk-development-tools/.venv/Lib/site-packages/pip/_vendor/urllib3/__pycache__/poolmanager.cpython-312.pyc
vendored_virtual_environment_do_not_execute	57534	7e48c217964c858782af0902cd52cfbb9cb1b2f5	yk-development-tools/.venv/Lib/site-packages/pip/_vendor/urllib3/__pycache__/response.cpython-312.pyc
vendored_virtual_environment_do_not_execute	5580	992ec1657a9d0a98354b56b2a55d54b75db0eaa3	yk-development-tools/.venv/Lib/site-packages/pip/_vendor/urllib3/_base_connection.py
vendored_virtual_environment_do_not_execute	17522	ee9ca662b625ce6b0a4743d05a186301b9a30ee6	yk-development-tools/.venv/Lib/site-packages/pip/_vendor/urllib3/_collections.py
vendored_virtual_environment_do_not_execute	9931	297c271bf401c1cb48c6225f8822e78f58c3ca56	yk-development-tools/.venv/Lib/site-packages/pip/_vendor/urllib3/_request_methods.py
vendored_virtual_environment_do_not_execute	520	bfed03985b436e778ef0caa2703c8a6774dda483	yk-development-tools/.venv/Lib/site-packages/pip/_vendor/urllib3/_version.py
vendored_virtual_environment_do_not_execute	42786	84e1dab9452d18ad0a2020c55f1966f4920f56c2	yk-development-tools/.venv/Lib/site-packages/pip/_vendor/urllib3/connection.py
vendored_virtual_environment_do_not_execute	44164	70fbc5e725aee571654b1a58748537fa167b498d	yk-development-tools/.venv/Lib/site-packages/pip/_vendor/urllib3/connectionpool.py
vendored_virtual_environment_do_not_execute	0	e69de29bb2d1d6434b8b29ae775ad8c2e48c5391	yk-development-tools/.venv/Lib/site-packages/pip/_vendor/urllib3/contrib/__init__.py
vendored_virtual_environment_do_not_execute	220	68a2d45f73269b0da931269a0b20259078d7b866	yk-development-tools/.venv/Lib/site-packages/pip/_vendor/urllib3/contrib/__pycache__/__init__.cpython-312.pyc
vendored_virtual_environment_do_not_execute	28276	b4343b5055f025fd5f077dd8073a0d3e6ac1f30c	yk-development-tools/.venv/Lib/site-packages/pip/_vendor/urllib3/contrib/__pycache__/pyopenssl.cpython-312.pyc
vendored_virtual_environment_do_not_execute	8198	7957db4f0c31e658f7c0f5cda535b5ba4a8ef7b7	yk-development-tools/.venv/Lib/site-packages/pip/_vendor/urllib3/contrib/__pycache__/socks.cpython-312.pyc
vendored_virtual_environment_do_not_execute	870	c0538059ec816395650d45dc4fd416eb73b85f90	yk-development-tools/.venv/Lib/site-packages/pip/_vendor/urllib3/contrib/emscripten/__init__.py
vendored_virtual_environment_do_not_execute	997	636fa648af80c50d6d1050b16930da6d58963b73	yk-development-tools/.venv/Lib/site-packages/pip/_vendor/urllib3/contrib/emscripten/__pycache__/__init__.cpython-312.pyc
vendored_virtual_environment_do_not_execute	10409	92093bc1d126c51695e82496d34c4b2027501315	yk-development-tools/.venv/Lib/site-packages/pip/_vendor/urllib3/contrib/emscripten/__pycache__/connection.cpython-312.pyc
vendored_virtual_environment_do_not_execute	28666	cbf890ca5785ffd8ba8a1c30f97a02c14c5660e6	yk-development-tools/.venv/Lib/site-packages/pip/_vendor/urllib3/contrib/emscripten/__pycache__/fetch.cpython-312.pyc
vendored_virtual_environment_do_not_execute	1448	fd77878d84ee1fc5cc365e3c44e028f3116243bd	yk-development-tools/.venv/Lib/site-packages/pip/_vendor/urllib3/contrib/emscripten/__pycache__/request.cpython-312.pyc
vendored_virtual_environment_do_not_execute	12366	525bf693cc978886be6bdf60d7a2501feb5cbbe3	yk-development-tools/.venv/Lib/site-packages/pip/_vendor/urllib3/contrib/emscripten/__pycache__/response.cpython-312.pyc
vendored_virtual_environment_do_not_execute	8960	63f79dd3be803db09671c909f79316c3f65d6916	yk-development-tools/.venv/Lib/site-packages/pip/_vendor/urllib3/contrib/emscripten/connection.py
vendored_virtual_environment_do_not_execute	3677	faf141e1fa4113a0c14480d1681ddecb9678ced4	yk-development-tools/.venv/Lib/site-packages/pip/_vendor/urllib3/contrib/emscripten/emscripten_fetch_worker.js
vendored_virtual_environment_do_not_execute	23520	612cfddc4c28d2f0edf47522278fa6d9b7906623	yk-development-tools/.venv/Lib/site-packages/pip/_vendor/urllib3/contrib/emscripten/fetch.py
vendored_virtual_environment_do_not_execute	566	e692e692bd0d38f6a0677992a6993fc68050dff3	yk-development-tools/.venv/Lib/site-packages/pip/_vendor/urllib3/contrib/emscripten/request.py
vendored_virtual_environment_do_not_execute	9719	ec1e1dbe83722c5fb16290a852859252ae616826	yk-development-tools/.venv/Lib/site-packages/pip/_vendor/urllib3/contrib/emscripten/response.py
vendored_virtual_environment_do_not_execute	19760	f29d2e645d8ce660212f7127b7d1f4ba105bddc5	yk-development-tools/.venv/Lib/site-packages/pip/_vendor/urllib3/contrib/pyopenssl.py
vendored_virtual_environment_do_not_execute	7639	d37da8fc2049a7b3f7e18d2f64e79c205cfe3d3e	yk-development-tools/.venv/Lib/site-packages/pip/_vendor/urllib3/contrib/socks.py
vendored_virtual_environment_do_not_execute	9945	3d7e9b93d307ffe7d54868122227a165cc98383c	yk-development-tools/.venv/Lib/site-packages/pip/_vendor/urllib3/exceptions.py
vendored_virtual_environment_do_not_execute	10801	fe68e177324bc67f145091e464556a69b89bcda7	yk-development-tools/.venv/Lib/site-packages/pip/_vendor/urllib3/fields.py
vendored_virtual_environment_do_not_execute	2388	14f70b05b4778f91137e4a9e7059d7514aa44d28	yk-development-tools/.venv/Lib/site-packages/pip/_vendor/urllib3/filepost.py
vendored_virtual_environment_do_not_execute	1741	133e1d8f237f6fddd557ae1c0e0cf738f7cc2748	yk-development-tools/.venv/Lib/site-packages/pip/_vendor/urllib3/http2/__init__.py
vendored_virtual_environment_do_not_execute	1773	0ccdfed3b89e0a0b7284b8028b99f83573ff0948	yk-development-tools/.venv/Lib/site-packages/pip/_vendor/urllib3/http2/__pycache__/__init__.cpython-312.pyc
vendored_virtual_environment_do_not_execute	16994	117e0c0798b953629afdb752ca07d92f08ef12a4	yk-development-tools/.venv/Lib/site-packages/pip/_vendor/urllib3/http2/__pycache__/connection.cpython-312.pyc
vendored_virtual_environment_do_not_execute	3684	a7358778d2ec768f24b77e7271055c5a8eba282e	yk-development-tools/.venv/Lib/site-packages/pip/_vendor/urllib3/http2/__pycache__/probe.cpython-312.pyc
vendored_virtual_environment_do_not_execute	12578	0a026da0a8357e324ded47b82b24042713b9bf06	yk-development-tools/.venv/Lib/site-packages/pip/_vendor/urllib3/http2/connection.py
vendored_virtual_environment_do_not_execute	3014	9ea900764f0885eafaac9454523417d86e33df2d	yk-development-tools/.venv/Lib/site-packages/pip/_vendor/urllib3/http2/probe.py
vendored_virtual_environment_do_not_execute	23929	c7a5f6efb09d6f6d9afc777d3fa08d06876bcc29	yk-development-tools/.venv/Lib/site-packages/pip/_vendor/urllib3/poolmanager.py
vendored_virtual_environment_do_not_execute	93	5f3ea3d919363f08ab03edbc85b6099bc4df5647	yk-development-tools/.venv/Lib/site-packages/pip/_vendor/urllib3/py.typed
vendored_virtual_environment_do_not_execute	53031	1eb0b0a274328c5987b46e66f8f56fb9cc752fc6	yk-development-tools/.venv/Lib/site-packages/pip/_vendor/urllib3/response.py
vendored_virtual_environment_do_not_execute	1001	534126033c083203649022fa9b753a433f005556	yk-development-tools/.venv/Lib/site-packages/pip/_vendor/urllib3/util/__init__.py
vendored_virtual_environment_do_not_execute	1033	3f1297e4767298ae89becfd816b96ed7907a2bc2	yk-development-tools/.venv/Lib/site-packages/pip/_vendor/urllib3/util/__pycache__/__init__.cpython-312.pyc
vendored_virtual_environment_do_not_execute	4714	120c4f382adad6794570072818da885741803c52	yk-development-tools/.venv/Lib/site-packages/pip/_vendor/urllib3/util/__pycache__/connection.cpython-312.pyc
vendored_virtual_environment_do_not_execute	1245	129ff309b5a558f5ea3cc9667f6a6c475903581e	yk-development-tools/.venv/Lib/site-packages/pip/_vendor/urllib3/util/__pycache__/proxy.cpython-312.pyc
vendored_virtual_environment_do_not_execute	8161	e983e940f2f60ed674924047a38db97d77ea0c10	yk-development-tools/.venv/Lib/site-packages/pip/_vendor/urllib3/util/__pycache__/request.cpython-312.pyc
vendored_virtual_environment_do_not_execute	2904	1c5840186521b3a3c47e3cb5a75e64d0b4bb6ac6	yk-development-tools/.venv/Lib/site-packages/pip/_vendor/urllib3/util/__pycache__/response.cpython-312.pyc
vendored_virtual_environment_do_not_execute	21208	17bdb1886f36f72f8b0edb883d67175b0be9a34a	yk-development-tools/.venv/Lib/site-packages/pip/_vendor/urllib3/util/__pycache__/retry.cpython-312.pyc
vendored_virtual_environment_do_not_execute	15686	eadae449db7a736d84ec1222370ecee5ae01cf1b	yk-development-tools/.venv/Lib/site-packages/pip/_vendor/urllib3/util/__pycache__/ssl_.cpython-312.pyc
vendored_virtual_environment_do_not_execute	5422	0265563eaf193a677d3490f4c8d5fc19e8102c3d	yk-development-tools/.venv/Lib/site-packages/pip/_vendor/urllib3/util/__pycache__/ssl_match_hostname.cpython-312.pyc
vendored_virtual_environment_do_not_execute	13333	11269fc314fe8ecdd4cd2f9e08f9e6c065a33634	yk-development-tools/.venv/Lib/site-packages/pip/_vendor/urllib3/util/__pycache__/ssltransport.cpython-312.pyc
vendored_virtual_environment_do_not_execute	11734	db55bf931b2ea0807f6e5c677322ed5fbfd963b2	yk-development-tools/.venv/Lib/site-packages/pip/_vendor/urllib3/util/__pycache__/timeout.cpython-312.pyc
vendored_virtual_environment_do_not_execute	16306	6ed26f1789cccca3b1c9f7a143e9c219192ddac5	yk-development-tools/.venv/Lib/site-packages/pip/_vendor/urllib3/util/__pycache__/url.cpython-312.pyc
vendored_virtual_environment_do_not_execute	2022	c93ff7a01ceb1b7d07ebf2b7cad4be5ffbebd6c0	yk-development-tools/.venv/Lib/site-packages/pip/_vendor/urllib3/util/__pycache__/util.cpython-312.pyc
vendored_virtual_environment_do_not_execute	3468	70f147b6411292329ad6921a77086756dbd1116d	yk-development-tools/.venv/Lib/site-packages/pip/_vendor/urllib3/util/__pycache__/wait.cpython-312.pyc
vendored_virtual_environment_do_not_execute	4444	f92519ee9124e91e5da7d60ccc3f274312ed3514	yk-development-tools/.venv/Lib/site-packages/pip/_vendor/urllib3/util/connection.py
vendored_virtual_environment_do_not_execute	1148	908fc6621d0afbed16bde2c1957a5cf28d3a84d8	yk-development-tools/.venv/Lib/site-packages/pip/_vendor/urllib3/util/proxy.py
vendored_virtual_environment_do_not_execute	8086	b0d271777bdc60d0a2fc507471aa6a4143856c72	yk-development-tools/.venv/Lib/site-packages/pip/_vendor/urllib3/util/request.py
vendored_virtual_environment_do_not_execute	3374	0f4578696fa2e17a900c6890ec26d65e860b0b72	yk-development-tools/.venv/Lib/site-packages/pip/_vendor/urllib3/util/response.py
vendored_virtual_environment_do_not_execute	19577	7649898e1d9930724a456c1c6fdecb66e078b4cc	yk-development-tools/.venv/Lib/site-packages/pip/_vendor/urllib3/util/retry.py
vendored_virtual_environment_do_not_execute	17742	e66549a76c4b5821e639e5facfeb63dd1a39d543	yk-development-tools/.venv/Lib/site-packages/pip/_vendor/urllib3/util/ssl_.py
vendored_virtual_environment_do_not_execute	5479	94994f25ae1570211c0b98353790f669ef4585fa	yk-development-tools/.venv/Lib/site-packages/pip/_vendor/urllib3/util/ssl_match_hostname.py
vendored_virtual_environment_do_not_execute	8847	6d59bc3bce2489c3a0aa5bcb83b737dcf33c033b	yk-development-tools/.venv/Lib/site-packages/pip/_vendor/urllib3/util/ssltransport.py
vendored_virtual_environment_do_not_execute	10363	c6cdb352aae3202d194afdbd0750093f2eaf7aa6	yk-development-tools/.venv/Lib/site-packages/pip/_vendor/urllib3/util/timeout.py
vendored_virtual_environment_do_not_execute	15256	82b174ceba29c7695799a5838635c3af31601286	yk-development-tools/.venv/Lib/site-packages/pip/_vendor/urllib3/util/url.py
vendored_virtual_environment_do_not_execute	1146	35c77e4025842f548565334a3c04cba90f9283d6	yk-development-tools/.venv/Lib/site-packages/pip/_vendor/urllib3/util/util.py
vendored_virtual_environment_do_not_execute	4423	aeca0c7ad5b232eeb1ad9c43d315bd1d74eaed9a	yk-development-tools/.venv/Lib/site-packages/pip/_vendor/urllib3/util/wait.py
vendored_virtual_environment_do_not_execute	317	75f337a9e938d1e7e4f26a0498104f27eb571b70	yk-development-tools/.venv/Lib/site-packages/pip/_vendor/vendor.txt
vendored_virtual_environment_do_not_execute	286	493b53e4e7a3984ddd49780313bf3bd9901dc1e0	yk-development-tools/.venv/Lib/site-packages/pip/py.typed
vendored_virtual_environment_do_not_execute	27447	918eac3e8edb27ab195282f28eb6271ee02301ba	yk-development-tools/.venv/Scripts/Activate.ps1
vendored_virtual_environment_do_not_execute	2260	204bee7389fc877cd1fed9b8d687cbfc82875eab	yk-development-tools/.venv/Scripts/activate
vendored_virtual_environment_do_not_execute	1008	59f9a88df57f690d65e310c5620cfdd3296cfab5	yk-development-tools/.venv/Scripts/activate.bat
vendored_virtual_environment_do_not_execute	371	62a39a7584f4d7c5fbc31758e3e9e7eff700276d	yk-development-tools/.venv/Scripts/deactivate.bat
vendored_virtual_environment_do_not_execute	108384	1c41f5799fbfcbf42ae53b6bf3dce67442e83675	yk-development-tools/.venv/Scripts/f2py.exe
vendored_virtual_environment_do_not_execute	108384	8fb7f4b7acfb7e6d6bcf85d7bf7ac958a19b7048	yk-development-tools/.venv/Scripts/numpy-config.exe
vendored_virtual_environment_do_not_execute	108441	441ad0eed0391ab49818f6c44603325fb050c514	yk-development-tools/.venv/Scripts/pip.exe
vendored_virtual_environment_do_not_execute	108441	441ad0eed0391ab49818f6c44603325fb050c514	yk-development-tools/.venv/Scripts/pip3.12.exe
vendored_virtual_environment_do_not_execute	108441	441ad0eed0391ab49818f6c44603325fb050c514	yk-development-tools/.venv/Scripts/pip3.exe
vendored_virtual_environment_do_not_execute	274424	ba0cd04091d64f250906a8e6684a6823bcca1a4b	yk-development-tools/.venv/Scripts/python.exe
vendored_virtual_environment_do_not_execute	263400	68b3cfe9888822e7da192aab0290b37a3990fd4c	yk-development-tools/.venv/Scripts/pythonw.exe
vendored_virtual_environment_do_not_execute	340	cad5c708aa7baf6b92197d2fc65930f0498f57a0	yk-development-tools/.venv/pyvenv.cfg
official_sdk_source_docs_config	5247	60485da1ea2bd5e4aa6afaa6296d69f43001498b	yk-development-tools/bots/dist/starter/README.md
official_sdk_source_docs_config	2781	9520ef58ae9d2086b2bbb05b3b5191ee643873ca	yk-development-tools/bots/dist/starter/RULES_SUMMARY.md
python_cache_do_not_execute	1933	86a8a7cb80f75e05b4e4e7ce8a191792442b882b	yk-development-tools/bots/dist/starter/__pycache__/_support.cpython-312.pyc
python_cache_do_not_execute	4973	10ccca5fe0b3dfa4e7c9c2423ab7b8ce0cfc8551	yk-development-tools/bots/dist/starter/__pycache__/output_usage.cpython-312.pyc
python_cache_do_not_execute	9132	3c6a5b76c19f6703dae992f9ec10d2006a4d5009	yk-development-tools/bots/dist/starter/__pycache__/submission.cpython-312.pyc
official_sdk_source_docs_config	808	b1eebefb23206aad827e0dabb50a210c66aa91fd	yk-development-tools/bots/dist/starter/_support.py
official_sdk_source_docs_config	1024	76888ed7c8f09fccf1c61cce720e680cfc78f2af	yk-development-tools/bots/dist/starter/cpp/example_lv1.cpp
official_sdk_source_docs_config	3279	deb23207d2f34ee24d1cdd89012afc1fd2079e2e	yk-development-tools/bots/dist/starter/cpp/example_lv2.cpp
official_sdk_source_docs_config	1043	a17d8e48d6fa4fbb47c3da04c2ca50566c2a5219	yk-development-tools/bots/dist/starter/cpp/generated.hpp
official_sdk_source_docs_config	1133	0f641a83b83cc96452765bcb4463cdad469d0834	yk-development-tools/bots/dist/starter/cpp/main.cpp
official_sdk_source_docs_config	5010	efa8e0d4bfd1cd97d1bc9088fa42501c9b7dc80a	yk-development-tools/bots/dist/starter/cpp/protocol.hpp
official_sdk_source_docs_config	2567	38a5751ac778a7ec5f8968e506ef859a70475e11	yk-development-tools/bots/dist/starter/cpp/search.hpp
official_sdk_source_docs_config	46	d1ef5ea878aa053e16f4644ff9d089548d45e453	yk-development-tools/bots/dist/starter/cpp/submission.json
official_sdk_source_docs_config	421	d4e7fb8ae90e8f861bed20358ade10dd11c19fd2	yk-development-tools/bots/dist/starter/limits.json
official_sdk_source_docs_config	663	0f616e7133a2b987010c002e65eaa4a9e7af8ed2	yk-development-tools/bots/dist/starter/make_submission.py
official_sdk_source_docs_config	2847	f56307c665a866328715d135a78977d5f1b2f466	yk-development-tools/bots/dist/starter/output_usage.py
official_sdk_source_docs_config	1774	d93e62b705c282e7cc87374cf7f45ae7f06e8cf7	yk-development-tools/bots/dist/starter/play_local.py
python_cache_do_not_execute	2407	a63290c93908158222d132381e4ec255f05269cc	yk-development-tools/bots/dist/starter/python/__pycache__/_generated.cpython-312.pyc
python_cache_do_not_execute	7526	9e3706a403c4fe963e3ac2ce442af6acd0bc3844	yk-development-tools/bots/dist/starter/python/__pycache__/campus_bot.cpython-312.pyc
python_cache_do_not_execute	1590	9b938e35662b28784f7b6c2aa591f717a5ec47c4	yk-development-tools/bots/dist/starter/python/__pycache__/example_lv1.cpython-312.pyc
python_cache_do_not_execute	3724	6ee4cdd233544853c49a984dfac9c7af2039a110	yk-development-tools/bots/dist/starter/python/__pycache__/example_lv2.cpython-312.pyc
python_cache_do_not_execute	1361	fbedc30a9e572ad831c620e1fd16de5009b9f2fd	yk-development-tools/bots/dist/starter/python/__pycache__/main.cpython-312.pyc
python_cache_do_not_execute	383	67cdbb2e7e830aef7177048ca64f5948392a83f6	yk-development-tools/bots/dist/starter/python/__pycache__/mybot_template.cpython-312.pyc
python_cache_do_not_execute	2606	08e8116714f44ba9443ab70289e67dc2f6bd8c52	yk-development-tools/bots/dist/starter/python/__pycache__/protocol.cpython-312.pyc
python_cache_do_not_execute	3131	b30a687ed9fdbb89f4530ee88e83dafcd054d66f	yk-development-tools/bots/dist/starter/python/__pycache__/search.cpython-312.pyc
official_sdk_source_docs_config	1698	d583c5b743370cb8ad71c2910f44ce1cfe4b1b3f	yk-development-tools/bots/dist/starter/python/_generated.py
official_sdk_source_docs_config	4662	d639594669adfb88b545613ad2c0ee2fb109f26e	yk-development-tools/bots/dist/starter/python/campus_bot.py
official_sdk_source_docs_config	962	61ed818ac40dd715b3e678c202c38f9eed37602d	yk-development-tools/bots/dist/starter/python/example_lv1.py
official_sdk_source_docs_config	3002	937925d844afaa9a0af57108ff7b293ed9132516	yk-development-tools/bots/dist/starter/python/example_lv2.py
official_sdk_source_docs_config	1036	772b346ab4d3c5441a0e17be97038188cda4c042	yk-development-tools/bots/dist/starter/python/main.py
official_sdk_source_docs_config	180	94615ca29da7224d9f46ce644362cc2115872f60	yk-development-tools/bots/dist/starter/python/mybot_template.py
official_sdk_source_docs_config	1391	cccc91f9a1a3ac403a7233f2e2424b9a8b91f4fb	yk-development-tools/bots/dist/starter/python/protocol.py
official_sdk_source_docs_config	1845	1f24ad3bc3b3312fb1cf77f816cab4101a0fa62b	yk-development-tools/bots/dist/starter/python/search.py
official_sdk_source_docs_config	49	33ad9828836a7ea3003e8ab679a8d765323a3b24	yk-development-tools/bots/dist/starter/python/submission.json
official_sdk_source_docs_config	9208	caa963738c0c3299aa7e9f91a991f4ed9f83d1af	yk-development-tools/bots/dist/starter/run_tests.py
official_sdk_source_docs_config	6378	a84f1fa844592c846d5021bd4225761992d226ec	yk-development-tools/bots/dist/starter/submission.py
official_sdk_source_docs_config	1614	e65fef22e7a7acd8bd89825887ce06acc0dd9e06	yk-development-tools/config/balance.json
official_sdk_source_docs_config	2403	a5477ac973b6eaaf5c40430fbfb62c6f2c52cc23	yk-development-tools/docs/PLATFORM_OPERATIONS.md
official_sdk_source_docs_config	2678	0de9434ae8633fc9af8ba36b27a8c6d2a848b0ee	yk-development-tools/docs/platform-sdk-provenance.json
official_sdk_source_docs_config	22058	1a9f92207e0ed0193a5e6d8e7735524f3f0fa8b1	yk-development-tools/docs/rulebook.md
official_sdk_source_docs_config	890	c5724caba1272f2e8ad99426a2799ba835fd395b	yk-development-tools/engine/__init__.py
python_cache_do_not_execute	1016	2d3c21ac138f68889555ba1fad39cc38adc398c1	yk-development-tools/engine/__pycache__/__init__.cpython-312.pyc
python_cache_do_not_execute	2882	141d33f2f4dc9ad8737c373d64cf0e21886cbc00	yk-development-tools/engine/__pycache__/commands.cpython-312.pyc
python_cache_do_not_execute	1276	2d3bfda34bc572cbe4adb7b6ca671d20e6ec07e1	yk-development-tools/engine/__pycache__/config.cpython-312.pyc
python_cache_do_not_execute	26534	87370ff42e14c17cd9c7bd82dd5417a8d3c62654	yk-development-tools/engine/__pycache__/pipeline.cpython-312.pyc
python_cache_do_not_execute	8703	9bc5186e0045b5b5fe1730c13ab5a58f3c2d1bd4	yk-development-tools/engine/__pycache__/state.cpython-312.pyc
official_sdk_source_docs_config	1517	469c49657951e7788416d34ae0aeda08ccfa5041	yk-development-tools/engine/commands.py
official_sdk_source_docs_config	643	08306dc6e8d2494473cfe7bce3dbe08fe5853e93	yk-development-tools/engine/config.py
official_sdk_source_docs_config	19975	8b1e0530d1484374abbc31cd42bd255b221bb277	yk-development-tools/engine/pipeline.py
official_sdk_source_docs_config	5544	f652eac37dae0a950cd3ea7f33b7fb4d211fb1d6	yk-development-tools/engine/state.py
official_sdk_source_docs_config	225	063bcecda726f428e7d5958c5f32e3fff7917f7a	yk-development-tools/mapgen/__init__.py
python_cache_do_not_execute	449	5cca147b0b8641b14e3c177b1d8caf918599f826	yk-development-tools/mapgen/__pycache__/__init__.cpython-312.pyc
python_cache_do_not_execute	13842	073921ded6b2defbbbf1d5b50f1137712de11867	yk-development-tools/mapgen/__pycache__/generator.cpython-312.pyc
python_cache_do_not_execute	3013	9fe6b37b27d0110019d3a86ff086a4b131e649d0	yk-development-tools/mapgen/__pycache__/render.cpython-312.pyc
python_cache_do_not_execute	2499	273af9c87bf81121530a91c7519a01231aa33c66	yk-development-tools/mapgen/__pycache__/rng.cpython-312.pyc
official_sdk_source_docs_config	8606	e2411743dc90870a541f07a1fbc34ee8618c5097	yk-development-tools/mapgen/generator.py
official_sdk_source_docs_config	1474	e5f5ccf252ea4897f32e69bc3143abd5e12c4516	yk-development-tools/mapgen/render.py
official_sdk_source_docs_config	1283	b0387ada4bcca896dd75d923ce0d56c612da5798	yk-development-tools/mapgen/rng.py
sdk_sample_artifact	8185	139d2bd23e2605acfb4d44d515e90a0080ff4e36	yk-development-tools/out/submission-python.zip
official_sdk_source_docs_config	484	20378e8974c759005441cc514f0636b2026080b9	yk-development-tools/runner/__init__.py
official_sdk_source_docs_config	79	bfdcd0c1158dff4fcc25157b317419f0a89dd33f	yk-development-tools/runner/__main__.py
python_cache_do_not_execute	626	b96b077fe232c55dbe44e601b30dc67aabcf5e6b	yk-development-tools/runner/__pycache__/__init__.cpython-312.pyc
python_cache_do_not_execute	244	252a3909fe18580a2dcad710c688867e65360ba8	yk-development-tools/runner/__pycache__/__main__.cpython-312.pyc
python_cache_do_not_execute	17060	611600153ed8ff985c0b733504006a48aded9dcf	yk-development-tools/runner/__pycache__/bots.cpython-312.pyc
python_cache_do_not_execute	5863	350378e4b5780ceb9387a3db7c9f5393a5afd251	yk-development-tools/runner/__pycache__/cli.cpython-312.pyc
python_cache_do_not_execute	9107	1c84f61f51d3db84d1be4b3b7ffeae83b168537e	yk-development-tools/runner/__pycache__/match.cpython-312.pyc
python_cache_do_not_execute	8288	47ac0e98673746e726b611d27ebea192e204ceea	yk-development-tools/runner/__pycache__/protocol.cpython-312.pyc
python_cache_do_not_execute	4698	128acd4cf2ff5fe41b91a47ffc2d95dffd998b99	yk-development-tools/runner/__pycache__/replay.cpython-312.pyc
python_cache_do_not_execute	1237	bab32395b902f1beadd3468336a923642662149a	yk-development-tools/runner/__pycache__/validation.cpython-312.pyc
official_sdk_source_docs_config	12472	02c7c979da7118b1c975266bacc7f5090583b791	yk-development-tools/runner/bots.py
official_sdk_source_docs_config	3934	31618cf4da634bcf244ce42411727fe870284b69	yk-development-tools/runner/cli.py
official_sdk_source_docs_config	7836	f4fc776a56a2d1c3c2ff67b03367b628bcdea76a	yk-development-tools/runner/match.py
official_sdk_source_docs_config	5103	a6315e9b14c72fad485c3947a8707a2c06d4f406	yk-development-tools/runner/protocol.py
official_sdk_source_docs_config	2991	c37502bffece4df54ce807c7b0d89f0ada7a2bf8	yk-development-tools/runner/replay.py
official_sdk_source_docs_config	885	dbde8953c5414b484f7caabe4c7a2c8481e1c733	yk-development-tools/runner/validation.py
python_cache_do_not_execute	2378	f388c04132519a71e64614829dcae55441a9e218	yk-python-sample/__pycache__/_generated.cpython-312.pyc
python_cache_do_not_execute	2378	a20ae642f427ab4fdaaa13a34bfaa5d4c99bb9ae	yk-python-sample/__pycache__/_generated.cpython-313.pyc
python_cache_do_not_execute	7497	8d38341ba913fb65be5afacf64f2697377f969f1	yk-python-sample/__pycache__/campus_bot.cpython-312.pyc
python_cache_do_not_execute	7663	e5e081fcbce46b4a6e09c9fa5d0f812340ba2bef	yk-python-sample/__pycache__/campus_bot.cpython-313.pyc
python_cache_do_not_execute	1621	56e3e9c08b952ece1f1c27c18769f39484b62444	yk-python-sample/__pycache__/example_lv1.cpython-312.pyc
python_cache_do_not_execute	3755	26625bedcb69aa4dbc8480722fe455afe4c1684f	yk-python-sample/__pycache__/example_lv2.cpython-312.pyc
python_cache_do_not_execute	2577	f1a036f8d6bc943412b562b4d2bff3a030d3891d	yk-python-sample/__pycache__/protocol.cpython-312.pyc
python_cache_do_not_execute	2565	dbca43a296d60854636098eabb2029a46fcce6fe	yk-python-sample/__pycache__/protocol.cpython-313.pyc
python_cache_do_not_execute	3162	98b6540210d4a65bf81529b6d0a5ae57b39f0b32	yk-python-sample/__pycache__/search.cpython-312.pyc
python_cache_do_not_execute	3240	47ff33dc373da4476c8bc4b0f23174cfa43c5e27	yk-python-sample/__pycache__/search.cpython-313.pyc
unmodified_starter_samples	1698	d583c5b743370cb8ad71c2910f44ce1cfe4b1b3f	yk-python-sample/_generated.py
unmodified_starter_samples	4662	d639594669adfb88b545613ad2c0ee2fb109f26e	yk-python-sample/campus_bot.py
unmodified_starter_samples	962	61ed818ac40dd715b3e678c202c38f9eed37602d	yk-python-sample/example_lv1.py
unmodified_starter_samples	3002	937925d844afaa9a0af57108ff7b293ed9132516	yk-python-sample/example_lv2.py
unmodified_starter_samples	1036	772b346ab4d3c5441a0e17be97038188cda4c042	yk-python-sample/main.py
unmodified_starter_samples	180	94615ca29da7224d9f46ce644362cc2115872f60	yk-python-sample/mybot_template.py
unmodified_starter_samples	1391	cccc91f9a1a3ac403a7233f2e2424b9a8b91f4fb	yk-python-sample/protocol.py
unmodified_starter_samples	1845	1f24ad3bc3b3312fb1cf77f816cab4101a0fa62b	yk-python-sample/search.py
unmodified_starter_samples	49	33ad9828836a7ea3003e8ab679a8d765323a3b24	yk-python-sample/submission.json
planning_rules_and_development_docs	685	4d98074d85ac6a33c4a1dbc8bc8d64c52aff865e	전체적인 계획.txt
supplied_event_reference_media	21888	b23095bac3765b655e9fddf54aae328db2397cd0	해커톤_안내자료/2026 연고전 AI 해커톤 보고서.docx
supplied_event_reference_media	901521	6f84afafbeed0e0b6c2786e7e3404624f9f2f9c1	해커톤_안내자료/깃발대항전_게임규칙서.pdf
supplied_event_reference_media	60153	09833de3c44da874e97660841d6a1563b515a7ba	해커톤_안내자료/연고전 AI 해커톤 기초 강의 [8AYHYeuG0-A].ko-orig.srt
supplied_event_reference_media	63278868	7f7211d79e3a2ae69bdb03462203f697eb1dc405	해커톤_안내자료/연고전 AI 해커톤 기초 강의 [8AYHYeuG0-A].mp4
supplied_event_reference_media	40254	b6b2de80d872f6263d453479580983243ebcebda	해커톤_안내자료/한국어_자막_전사.txt
